read_id	orientation	ref_start	ref_end	alignment_length	identity	error_rate	mapq
SRR27862880.55501_m2	+1	9	159	150	1.00000000	0.00000000	0
SRR27862880.151001_m1	-1	14	164	150	1.00000000	0.00000000	0
SRR27862880.182501_m1	-1	14	164	150	1.00000000	0.00000000	0
SRR27862880.1_m2	+1	22	173	151	1.00000000	0.00000000	0
SRR27862880.52001_m1	+1	28	179	151	1.00000000	0.00000000	0
SRR27862880.181001_m2	-1	37	187	150	1.00000000	0.00000000	0
SRR27862880.41501_m2	+1	37	188	151	1.00000000	0.00000000	0
SRR27862880.74501_m2	+1	38	189	151	1.00000000	0.00000000	0
SRR27862880.107001_m2	-1	46	196	150	1.00000000	0.00000000	0
SRR27862880.20001_m2	-1	50	201	151	1.00000000	0.00000000	0
SRR27862880.62501_m1	+1	59	210	151	1.00000000	0.00000000	0
SRR27862880.153001_m2	-1	60	211	151	0.99337748	0.00662252	0
SRR27862880.5501_m1	+1	60	211	151	1.00000000	0.00000000	0
SRR27862880.87501_m2	+1	60	209	149	1.00000000	0.00000000	0
SRR27862880.122001_m2	-1	70	221	151	1.00000000	0.00000000	0
SRR27862880.131001_m2	-1	80	231	151	1.00000000	0.00000000	0
SRR27862880.225501_m1	+1	87	235	148	1.00000000	0.00000000	0
SRR27862880.118001_m1	+1	101	252	151	1.00000000	0.00000000	0
SRR27862880.19001_m2	+1	101	251	150	1.00000000	0.00000000	0
SRR27862880.9501_m1	+1	108	258	150	1.00000000	0.00000000	0
SRR27862880.126001_m2	-1	110	260	150	1.00000000	0.00000000	0
SRR27862880.77501_m2	-1	112	263	151	1.00000000	0.00000000	0
SRR27862880.209001_m1	+1	129	279	150	1.00000000	0.00000000	0
SRR27862880.228501_m1	+1	129	279	150	1.00000000	0.00000000	0
SRR27862880.194001_m2	-1	130	281	151	1.00000000	0.00000000	0
SRR27862880.3001_m2	-1	155	305	150	0.98666667	0.01333333	0
SRR27862880.61001_m2	+1	162	313	151	1.00000000	0.00000000	0
SRR27862880.119001_m2	+1	165	316	151	1.00000000	0.00000000	0
SRR27862880.11001_m2	+1	169	318	149	1.00000000	0.00000000	0
SRR27862880.221501_m2	-1	179	329	150	1.00000000	0.00000000	0
SRR27862880.85001_m1	-1	180	330	150	1.00000000	0.00000000	0
SRR27862880.104501_m2	-1	182	332	150	1.00000000	0.00000000	0
SRR27862880.233501_m1	-1	182	333	151	1.00000000	0.00000000	0
SRR27862880.138001_m1	-1	187	337	150	1.00000000	0.00000000	0
SRR27862880.87001_m2	+1	190	340	150	1.00000000	0.00000000	0
SRR27862880.169001_m2	+1	203	352	149	1.00000000	0.00000000	0
SRR27862880.19501_m2	-1	209	359	150	1.00000000	0.00000000	0
SRR27862880.52001_m2	-1	228	379	151	1.00000000	0.00000000	0
SRR27862880.55501_m1	-1	234	385	151	1.00000000	0.00000000	0
SRR27862880.6001_m1	-1	236	387	151	1.00000000	0.00000000	0
SRR27862880.1_m1	-1	239	390	151	1.00000000	0.00000000	0
SRR27862880.62501_m2	-1	254	403	149	1.00000000	0.00000000	0
SRR27862880.212001_m2	+1	264	413	149	1.00000000	0.00000000	0
SRR27862880.65501_m1	+1	264	415	151	1.00000000	0.00000000	0
SRR27862880.74501_m1	-1	278	428	150	1.00000000	0.00000000	0
SRR27862880.98001_m2	+1	282	433	151	1.00000000	0.00000000	0
SRR27862880.41501_m1	-1	283	433	150	1.00000000	0.00000000	0
SRR27862880.162001_m2	+1	286	437	151	1.00000000	0.00000000	0
SRR27862880.217501_m1	+1	288	439	151	1.00000000	0.00000000	0
SRR27862880.118001_m2	-1	294	444	150	1.00000000	0.00000000	0
SRR27862880.45501_m2	+1	296	447	151	1.00000000	0.00000000	0
SRR27862880.87501_m1	-1	300	450	150	1.00000000	0.00000000	0
SRR27862880.5501_m2	-1	308	459	151	1.00000000	0.00000000	0
SRR27862880.97001_m2	+1	313	464	151	1.00000000	0.00000000	0
SRR27862880.34501_m1	+1	317	468	151	1.00000000	0.00000000	0
SRR27862880.225501_m2	-1	324	473	149	1.00000000	0.00000000	0
SRR27862880.168001_m1	+1	328	479	151	1.00000000	0.00000000	0
SRR27862880.228501_m2	-1	328	478	150	1.00000000	0.00000000	0
SRR27862880.46001_m2	+1	328	479	151	1.00000000	0.00000000	0
SRR27862880.19001_m1	-1	329	479	150	1.00000000	0.00000000	0
SRR27862880.1501_m2	+1	333	481	148	1.00000000	0.00000000	0
SRR27862880.9501_m2	-1	347	497	150	1.00000000	0.00000000	0
SRR27862880.11001_m1	-1	352	503	151	1.00000000	0.00000000	0
SRR27862880.201501_m1	+1	356	506	150	1.00000000	0.00000000	0
SRR27862880.38501_m2	+1	358	509	151	1.00000000	0.00000000	0
SRR27862880.15501_m2	+1	362	511	149	1.00000000	0.00000000	0
SRR27862880.119001_m1	-1	363	514	151	1.00000000	0.00000000	0
SRR27862880.209001_m2	-1	363	513	150	1.00000000	0.00000000	0
SRR27862880.42501_m2	+1	382	533	151	1.00000000	0.00000000	0
SRR27862880.169001_m1	-1	395	546	151	1.00000000	0.00000000	0
SRR27862880.239001_m2	+1	397	548	151	1.00000000	0.00000000	0
SRR27862880.97001_m1	-1	401	552	151	1.00000000	0.00000000	0
SRR27862880.189001_m1	+1	418	569	151	1.00000000	0.00000000	0
SRR27862880.175501_m2	+1	423	574	151	1.00000000	0.00000000	0
SRR27862880.61001_m1	-1	428	579	151	1.00000000	0.00000000	0
SRR27862880.78001_m1	+1	428	579	151	1.00000000	0.00000000	0
SRR27862880.158501_m2	+1	430	581	151	1.00000000	0.00000000	0
SRR27862880.108001_m2	+1	435	584	149	1.00000000	0.00000000	0
SRR27862880.176501_m2	+1	436	586	150	1.00000000	0.00000000	0
SRR27862880.56001_m2	+1	452	603	151	0.98675497	0.01324503	0
SRR27862880.43501_m2	+1	454	605	151	0.99337748	0.00662252	0
SRR27862880.87001_m1	-1	458	608	150	0.99333333	0.00666667	0
SRR27862880.65501_m2	-1	473	623	150	0.99333333	0.00666667	0
SRR27862880.202501_m1	+1	474	625	151	0.98675497	0.01324503	0
SRR27862880.113001_m1	+1	478	629	151	0.99337748	0.00662252	0
SRR27862880.198001_m1	+1	483	634	151	0.99337748	0.00662252	0
SRR27862880.134001_m1	+1	487	638	151	0.99337748	0.00662252	0
SRR27862880.212001_m1	-1	504	655	151	0.99337748	0.00662252	0
SRR27862880.39001_m1	+1	504	655	151	0.99337748	0.00662252	0
SRR27862880.49501_m1	+1	504	655	151	0.99337748	0.00662252	0
SRR27862880.14001_m1	+1	510	661	151	0.99337748	0.00662252	0
SRR27862880.213001_m1	+1	512	598	86	0.98837209	0.01162791	0
SRR27862880.24001_m1	+1	513	663	150	0.99333333	0.00666667	0
SRR27862880.162001_m1	-1	518	669	151	0.99337748	0.00662252	0
SRR27862880.46001_m1	-1	518	669	151	0.99337748	0.00662252	0
SRR27862880.73501_m1	+1	519	670	151	0.98675497	0.01324503	0
SRR27862880.126501_m1	+1	526	677	151	0.99337748	0.00662252	0
SRR27862880.214001_m1	+1	526	677	151	0.99337748	0.00662252	0
SRR27862880.133001_m1	+1	534	684	150	0.98666667	0.01333333	0
SRR27862880.168001_m2	-1	534	683	149	0.99328859	0.00671141	0
SRR27862880.45501_m1	-1	542	692	150	0.99333333	0.00666667	0
SRR27862880.127501_m1	+1	548	698	150	0.99333333	0.00666667	0
SRR27862880.217501_m2	-1	549	698	149	0.99328859	0.00671141	0
SRR27862880.34501_m2	-1	549	699	150	0.99333333	0.00666667	0
SRR27862880.200001_m1	+1	560	710	150	0.99333333	0.00666667	0
SRR27862880.98001_m1	-1	572	722	150	0.99333333	0.00666667	0
SRR27862880.213501_m2	+1	573	723	150	0.99333333	0.00666667	0
SRR27862880.201501_m2	-1	574	725	151	0.99337748	0.00662252	0
SRR27862880.59501_m1	+1	594	744	150	1.00000000	0.00000000	0
SRR27862880.38501_m1	-1	596	746	150	1.00000000	0.00000000	0
SRR27862880.21501_m1	+1	599	750	151	1.00000000	0.00000000	0
SRR27862880.1501_m1	-1	600	750	150	1.00000000	0.00000000	0
SRR27862880.42501_m1	-1	605	754	149	1.00000000	0.00000000	0
SRR27862880.114501_m1	+1	607	758	151	1.00000000	0.00000000	0
SRR27862880.165001_m1	+1	608	758	150	1.00000000	0.00000000	0
SRR27862880.218001_m2	+1	617	765	148	1.00000000	0.00000000	0
SRR27862880.15501_m1	-1	620	771	151	1.00000000	0.00000000	0
SRR27862880.175501_m1	-1	623	773	150	1.00000000	0.00000000	0
SRR27862880.239001_m1	-1	623	774	151	1.00000000	0.00000000	0
SRR27862880.108001_m1	-1	626	777	151	1.00000000	0.00000000	0
SRR27862880.22501_m1	+1	626	775	149	1.00000000	0.00000000	0
SRR27862880.78001_m2	-1	635	786	151	1.00000000	0.00000000	0
SRR27862880.189001_m2	-1	641	791	150	1.00000000	0.00000000	0
SRR27862880.216001_m1	+1	648	798	150	1.00000000	0.00000000	0
SRR27862880.158501_m1	-1	663	814	151	1.00000000	0.00000000	0
SRR27862880.242001_m2	+1	665	816	151	1.00000000	0.00000000	0
SRR27862880.127001_m1	+1	674	825	151	1.00000000	0.00000000	0
SRR27862880.176501_m1	-1	676	825	149	1.00000000	0.00000000	0
SRR27862880.41001_m1	+1	676	826	150	1.00000000	0.00000000	0
SRR27862880.49501_m2	-1	680	830	150	1.00000000	0.00000000	0
SRR27862880.70501_m2	+1	680	828	148	1.00000000	0.00000000	0
SRR27862880.202501_m2	-1	682	832	150	1.00000000	0.00000000	0
SRR27862880.43501_m1	-1	684	832	148	1.00000000	0.00000000	0
SRR27862880.53001_m1	+1	689	838	149	0.99328859	0.00671141	0
SRR27862880.56001_m1	-1	693	844	151	0.99337748	0.00662252	0
SRR27862880.14001_m2	-1	697	837	140	0.99285714	0.00714286	0
SRR27862880.198001_m2	-1	698	848	150	0.99333333	0.00666667	0
SRR27862880.77001_m2	+1	700	849	149	0.99328859	0.00671141	0
SRR27862880.24001_m2	-1	707	856	149	0.99328859	0.00671141	0
SRR27862880.134001_m2	-1	714	865	151	0.99337748	0.00662252	0
SRR27862880.73001_m1	+1	719	870	151	0.99337748	0.00662252	0
SRR27862880.113001_m2	-1	722	872	150	0.99333333	0.00666667	0
SRR27862880.237001_m2	+1	729	880	151	0.99337748	0.00662252	0
SRR27862880.10001_m1	+1	736	887	151	0.99337748	0.00662252	0
SRR27862880.137501_m2	+1	741	891	150	0.99333333	0.00666667	0
SRR27862880.214001_m2	-1	747	897	150	0.99333333	0.00666667	0
SRR27862880.73501_m2	-1	747	897	150	0.99333333	0.00666667	0
SRR27862880.123001_m1	+1	756	907	151	0.99337748	0.00662252	0
SRR27862880.244501_m1	+1	756	907	151	0.98675497	0.01324503	0
SRR27862880.234001_m1	+1	764	915	151	0.99337748	0.00662252	0
SRR27862880.22501_m2	-1	771	922	151	0.99337748	0.00662252	0
SRR27862880.200001_m2	-1	773	923	150	0.99333333	0.00666667	0
SRR27862880.39001_m2	-1	773	924	151	0.99337748	0.00662252	0
SRR27862880.133001_m2	-1	778	929	151	0.99337748	0.00662252	0
SRR27862880.213501_m1	-1	778	929	151	0.98013245	0.01986755	0
SRR27862880.126501_m2	-1	788	938	150	0.99333333	0.00666667	0
SRR27862880.59501_m2	-1	797	948	151	0.99337748	0.00662252	0
SRR27862880.218001_m1	-1	800	951	151	0.99337748	0.00662252	0
SRR27862880.21501_m2	-1	803	954	151	0.99337748	0.00662252	0
SRR27862880.203501_m2	+1	810	961	151	0.99337748	0.00662252	0
SRR27862880.127501_m2	-1	812	963	151	0.99337748	0.00662252	0
SRR27862880.114501_m2	-1	819	969	150	0.99333333	0.00666667	0
SRR27862880.190001_m2	+1	821	971	150	0.99333333	0.00666667	0
SRR27862880.7001_m2	+1	829	980	151	0.99337748	0.00662252	0
SRR27862880.165001_m2	-1	836	987	151	1.00000000	0.00000000	0
SRR27862880.243501_m2	+1	863	1013	150	1.00000000	0.00000000	0
SRR27862880.216001_m2	-1	866	1016	150	1.00000000	0.00000000	0
SRR27862880.63001_m1	+1	866	1017	151	1.00000000	0.00000000	0
SRR27862880.39501_m2	+1	867	1018	151	1.00000000	0.00000000	0
SRR27862880.44501_m1	+1	870	1021	151	1.00000000	0.00000000	0
SRR27862880.242001_m1	-1	871	1019	148	1.00000000	0.00000000	0
SRR27862880.58501_m2	+1	883	1034	151	1.00000000	0.00000000	0
SRR27862880.226501_m2	+1	887	1037	150	1.00000000	0.00000000	0
SRR27862880.27001_m1	+1	888	992	104	1.00000000	0.00000000	0
SRR27862880.70501_m1	-1	894	1045	151	1.00000000	0.00000000	0
SRR27862880.127001_m2	-1	910	1060	150	1.00000000	0.00000000	0
SRR27862880.17501_m2	+1	911	1062	151	1.00000000	0.00000000	0
SRR27862880.228001_m1	-1	912	1054	142	1.00000000	0.00000000	0
SRR27862880.228001_m2	+1	912	1054	142	1.00000000	0.00000000	0
SRR27862880.160001_m1	+1	916	1067	151	1.00000000	0.00000000	0
SRR27862880.77001_m1	-1	922	1073	151	1.00000000	0.00000000	0
SRR27862880.53001_m2	-1	923	1074	151	1.00000000	0.00000000	0
SRR27862880.41001_m2	-1	925	1076	151	1.00000000	0.00000000	0
SRR27862880.133501_m2	+1	926	1076	150	1.00000000	0.00000000	0
SRR27862880.147501_m1	+1	931	1082	151	1.00000000	0.00000000	0
SRR27862880.137501_m1	-1	938	1089	151	1.00000000	0.00000000	0
SRR27862880.16501_m2	+1	943	1094	151	1.00000000	0.00000000	0
SRR27862880.73001_m2	-1	945	1095	150	1.00000000	0.00000000	0
SRR27862880.244501_m2	-1	949	1100	151	1.00000000	0.00000000	0
SRR27862880.234001_m2	-1	952	1102	150	1.00000000	0.00000000	0
SRR27862880.10001_m2	-1	953	1103	150	1.00000000	0.00000000	0
SRR27862880.123001_m2	-1	953	1104	151	1.00000000	0.00000000	0
SRR27862880.237001_m1	-1	956	1107	151	1.00000000	0.00000000	0
SRR27862880.169501_m2	+1	984	1135	151	0.98675497	0.01324503	0
SRR27862880.94501_m1	+1	987	1138	151	1.00000000	0.00000000	0
SRR27862880.239501_m2	+1	993	1144	151	1.00000000	0.00000000	0
SRR27862880.92001_m2	+1	997	1148	151	1.00000000	0.00000000	0
SRR27862880.144001_m2	+1	999	1150	151	1.00000000	0.00000000	0
SRR27862880.79001_m1	+1	1001	1152	151	1.00000000	0.00000000	0
SRR27862880.232001_m1	+1	1009	1160	151	1.00000000	0.00000000	0
SRR27862880.14501_m2	+1	1014	1164	150	1.00000000	0.00000000	0
SRR27862880.199501_m2	+1	1019	1169	150	1.00000000	0.00000000	0
SRR27862880.36501_m1	+1	1021	1172	151	1.00000000	0.00000000	0
SRR27862880.66501_m2	+1	1021	1169	148	0.97972973	0.02027027	0
SRR27862880.80001_m2	+1	1024	1175	151	1.00000000	0.00000000	0
SRR27862880.190001_m1	-1	1027	1178	151	1.00000000	0.00000000	0
SRR27862880.203501_m1	-1	1033	1184	151	1.00000000	0.00000000	0
SRR27862880.28001_m2	+1	1057	1208	151	1.00000000	0.00000000	0
SRR27862880.100501_m1	+1	1059	1210	151	1.00000000	0.00000000	0
SRR27862880.39501_m1	-1	1063	1213	150	1.00000000	0.00000000	0
SRR27862880.119501_m1	+1	1065	1216	151	1.00000000	0.00000000	0
SRR27862880.7001_m1	-1	1066	1217	151	1.00000000	0.00000000	0
SRR27862880.245001_m2	+1	1078	1228	150	0.98666667	0.01333333	0
SRR27862880.243501_m1	-1	1083	1231	148	1.00000000	0.00000000	0
SRR27862880.44501_m2	-1	1095	1246	151	1.00000000	0.00000000	0
SRR27862880.177001_m2	+1	1102	1251	149	1.00000000	0.00000000	0
SRR27862880.95001_m2	+1	1104	1255	151	1.00000000	0.00000000	0
SRR27862880.58501_m1	-1	1108	1258	150	1.00000000	0.00000000	0
SRR27862880.63001_m2	-1	1108	1259	151	1.00000000	0.00000000	0
SRR27862880.167001_m1	+1	1111	1262	151	1.00000000	0.00000000	0
SRR27862880.226501_m1	-1	1114	1264	150	1.00000000	0.00000000	0
SRR27862880.58001_m2	+1	1135	1286	151	1.00000000	0.00000000	0
SRR27862880.147501_m2	-1	1137	1287	150	1.00000000	0.00000000	0
SRR27862880.184001_m1	+1	1138	1288	150	1.00000000	0.00000000	0
SRR27862880.160001_m2	-1	1144	1295	151	1.00000000	0.00000000	0
SRR27862880.17501_m1	-1	1149	1300	151	1.00000000	0.00000000	0
SRR27862880.133501_m1	-1	1155	1304	149	1.00000000	0.00000000	0
SRR27862880.16501_m1	-1	1171	1321	150	1.00000000	0.00000000	0
SRR27862880.85501_m2	+1	1181	1331	150	1.00000000	0.00000000	0
SRR27862880.227001_m2	+1	1187	1338	151	1.00000000	0.00000000	0
SRR27862880.89001_m1	+1	1188	1339	151	1.00000000	0.00000000	0
SRR27862880.169501_m1	-1	1194	1345	151	1.00000000	0.00000000	0
SRR27862880.240501_m2	+1	1195	1345	150	1.00000000	0.00000000	0
SRR27862880.92001_m1	-1	1201	1351	150	1.00000000	0.00000000	0
SRR27862880.199501_m1	-1	1208	1358	150	1.00000000	0.00000000	0
SRR27862880.185001_m2	+1	1212	1363	151	1.00000000	0.00000000	0
SRR27862880.2501_m1	+1	1219	1370	151	1.00000000	0.00000000	0
SRR27862880.94501_m2	-1	1219	1369	150	1.00000000	0.00000000	0
SRR27862880.14501_m1	-1	1220	1371	151	1.00000000	0.00000000	0
SRR27862880.238001_m1	+1	1220	1371	151	1.00000000	0.00000000	0
SRR27862880.238501_m2	+1	1220	1371	151	1.00000000	0.00000000	0
SRR27862880.80001_m1	-1	1220	1371	151	1.00000000	0.00000000	0
SRR27862880.239501_m1	-1	1228	1379	151	1.00000000	0.00000000	0
SRR27862880.66501_m1	-1	1234	1385	151	0.97350993	0.02649007	0
SRR27862880.8501_m2	+1	1237	1387	150	1.00000000	0.00000000	0
SRR27862880.232001_m2	-1	1241	1390	149	1.00000000	0.00000000	0
SRR27862880.100501_m2	-1	1244	1395	151	1.00000000	0.00000000	0
SRR27862880.28001_m1	-1	1248	1398	150	1.00000000	0.00000000	0
SRR27862880.119501_m2	-1	1250	1401	151	1.00000000	0.00000000	0
SRR27862880.36501_m2	-1	1254	1404	150	1.00000000	0.00000000	0
SRR27862880.64501_m1	+1	1261	1410	149	1.00000000	0.00000000	0
SRR27862880.225001_m2	+1	1263	1413	150	1.00000000	0.00000000	0
SRR27862880.68001_m2	+1	1271	1422	151	1.00000000	0.00000000	0
SRR27862880.117001_m2	+1	1272	1422	150	1.00000000	0.00000000	0
SRR27862880.124501_m2	+1	1276	1426	150	0.99333333	0.00666667	0
SRR27862880.144001_m1	-1	1276	1427	151	1.00000000	0.00000000	0
SRR27862880.79001_m2	-1	1284	1433	149	1.00000000	0.00000000	0
SRR27862880.245001_m1	-1	1291	1440	149	1.00000000	0.00000000	0
SRR27862880.246501_m1	+1	1313	1459	146	1.00000000	0.00000000	0
SRR27862880.197501_m1	+1	1315	1461	146	1.00000000	0.00000000	0
SRR27862880.167001_m2	-1	1320	1470	150	1.00000000	0.00000000	0
SRR27862880.88001_m2	+1	1322	1472	150	1.00000000	0.00000000	0
SRR27862880.49001_m2	+1	1328	1478	150	1.00000000	0.00000000	0
SRR27862880.177001_m1	-1	1332	1483	151	1.00000000	0.00000000	0
SRR27862880.95001_m1	-1	1340	1491	151	1.00000000	0.00000000	0
SRR27862880.129501_m1	+1	1341	1492	151	1.00000000	0.00000000	0
SRR27862880.154501_m2	+1	1344	1495	151	1.00000000	0.00000000	0
SRR27862880.184001_m2	-1	1345	1495	150	1.00000000	0.00000000	0
SRR27862880.188501_m2	+1	1357	1508	151	1.00000000	0.00000000	0
SRR27862880.156001_m1	+1	1368	1519	151	1.00000000	0.00000000	0
SRR27862880.18501_m2	+1	1369	1520	151	1.00000000	0.00000000	0
SRR27862880.47501_m2	+1	1369	1520	151	1.00000000	0.00000000	0
SRR27862880.58001_m1	-1	1373	1523	150	1.00000000	0.00000000	0
SRR27862880.95501_m1	+1	1383	1534	151	1.00000000	0.00000000	0
SRR27862880.97501_m1	+1	1384	1535	151	1.00000000	0.00000000	0
SRR27862880.89001_m2	-1	1385	1535	150	1.00000000	0.00000000	0
SRR27862880.17001_m1	+1	1388	1539	151	1.00000000	0.00000000	0
SRR27862880.135501_m1	+1	1389	1540	151	0.99337748	0.00662252	0
SRR27862880.141501_m1	+1	1391	1542	151	1.00000000	0.00000000	0
SRR27862880.201001_m1	+1	1392	1543	151	1.00000000	0.00000000	0
SRR27862880.36001_m2	+1	1404	1554	150	1.00000000	0.00000000	0
SRR27862880.99001_m1	+1	1407	1558	151	1.00000000	0.00000000	0
SRR27862880.13501_m2	+1	1413	1564	151	0.99337748	0.00662252	0
SRR27862880.238001_m2	-1	1418	1568	150	1.00000000	0.00000000	0
SRR27862880.227001_m1	-1	1420	1571	151	1.00000000	0.00000000	0
SRR27862880.8501_m1	-1	1422	1572	150	1.00000000	0.00000000	0
SRR27862880.196501_m2	+1	1423	1573	150	1.00000000	0.00000000	0
SRR27862880.185001_m1	-1	1426	1575	149	1.00000000	0.00000000	0
SRR27862880.188501_m1	-1	1430	1581	151	1.00000000	0.00000000	0
SRR27862880.140001_m1	+1	1440	1590	150	1.00000000	0.00000000	0
SRR27862880.178001_m2	+1	1441	1590	149	0.98657718	0.01342282	0
SRR27862880.2501_m2	-1	1441	1592	151	1.00000000	0.00000000	0
SRR27862880.136501_m2	+1	1443	1594	151	1.00000000	0.00000000	0
SRR27862880.238501_m1	-1	1443	1594	151	1.00000000	0.00000000	0
SRR27862880.85501_m1	-1	1451	1602	151	1.00000000	0.00000000	0
SRR27862880.216501_m2	+1	1471	1620	149	1.00000000	0.00000000	0
SRR27862880.68001_m1	-1	1472	1623	151	1.00000000	0.00000000	0
SRR27862880.64501_m2	-1	1478	1629	151	1.00000000	0.00000000	0
SRR27862880.124501_m1	-1	1491	1642	151	1.00000000	0.00000000	0
SRR27862880.197501_m2	-1	1500	1651	151	1.00000000	0.00000000	0
SRR27862880.225001_m1	-1	1503	1654	151	1.00000000	0.00000000	0
SRR27862880.6501_m1	+1	1516	1667	151	1.00000000	0.00000000	0
SRR27862880.229001_m2	+1	1520	1670	150	0.98000000	0.02000000	0
SRR27862880.66001_m1	+1	1520	1671	151	1.00000000	0.00000000	0
SRR27862880.151501_m2	+1	1525	1675	150	1.00000000	0.00000000	0
SRR27862880.88001_m1	-1	1525	1675	150	1.00000000	0.00000000	0
SRR27862880.28501_m1	+1	1533	1684	151	1.00000000	0.00000000	0
SRR27862880.117001_m1	-1	1540	1690	150	1.00000000	0.00000000	0
SRR27862880.155001_m2	+1	1540	1690	150	1.00000000	0.00000000	0
SRR27862880.246501_m2	-1	1544	1695	151	1.00000000	0.00000000	0
SRR27862880.240501_m1	-1	1546	1697	151	1.00000000	0.00000000	0
SRR27862880.129501_m2	-1	1554	1704	150	1.00000000	0.00000000	0
SRR27862880.222501_m1	+1	1555	1706	151	1.00000000	0.00000000	0
SRR27862880.116001_m1	+1	1558	1709	151	1.00000000	0.00000000	0
SRR27862880.171501_m1	+1	1559	1710	151	1.00000000	0.00000000	0
SRR27862880.18501_m1	-1	1562	1713	151	1.00000000	0.00000000	0
SRR27862880.49001_m1	-1	1562	1713	151	1.00000000	0.00000000	0
SRR27862880.47501_m1	-1	1570	1721	151	1.00000000	0.00000000	0
SRR27862880.141501_m2	-1	1589	1739	150	1.00000000	0.00000000	0
SRR27862880.48001_m1	+1	1596	1747	151	1.00000000	0.00000000	0
SRR27862880.59001_m2	+1	1596	1747	151	1.00000000	0.00000000	0
SRR27862880.95501_m2	-1	1597	1746	149	1.00000000	0.00000000	0
SRR27862880.201001_m2	-1	1598	1749	151	1.00000000	0.00000000	0
SRR27862880.86001_m1	+1	1601	1751	150	1.00000000	0.00000000	0
SRR27862880.154501_m1	-1	1603	1753	150	1.00000000	0.00000000	0
SRR27862880.21001_m1	+1	1611	1762	151	1.00000000	0.00000000	0
SRR27862880.198501_m2	+1	1615	1765	150	1.00000000	0.00000000	0
SRR27862880.97501_m2	-1	1615	1766	151	1.00000000	0.00000000	0
SRR27862880.135501_m2	-1	1619	1769	150	1.00000000	0.00000000	0
SRR27862880.221001_m1	-1	1619	1769	150	1.00000000	0.00000000	0
SRR27862880.221001_m2	+1	1619	1769	150	1.00000000	0.00000000	0
SRR27862880.195001_m1	+1	1623	1773	150	1.00000000	0.00000000	0
SRR27862880.17001_m2	-1	1627	1778	151	1.00000000	0.00000000	0
SRR27862880.13501_m1	-1	1628	1779	151	1.00000000	0.00000000	0
SRR27862880.156001_m2	-1	1630	1780	150	1.00000000	0.00000000	0
SRR27862880.140001_m2	-1	1636	1786	150	0.99333333	0.00666667	0
SRR27862880.196501_m1	-1	1638	1789	151	1.00000000	0.00000000	0
SRR27862880.36001_m1	-1	1638	1788	150	1.00000000	0.00000000	0
SRR27862880.178001_m1	-1	1640	1791	151	1.00000000	0.00000000	0
SRR27862880.231001_m1	+1	1649	1799	150	1.00000000	0.00000000	0
SRR27862880.191501_m1	+1	1655	1805	150	1.00000000	0.00000000	0
SRR27862880.136501_m1	-1	1670	1821	151	1.00000000	0.00000000	0
SRR27862880.216501_m1	-1	1671	1822	151	1.00000000	0.00000000	0
SRR27862880.99001_m2	-1	1690	1840	150	1.00000000	0.00000000	0
SRR27862880.48001_m2	-1	1700	1850	150	1.00000000	0.00000000	0
SRR27862880.18001_m2	+1	1704	1855	151	1.00000000	0.00000000	0
SRR27862880.6501_m2	-1	1714	1864	150	1.00000000	0.00000000	0
SRR27862880.229001_m1	-1	1731	1877	146	0.95205479	0.04794521	0
SRR27862880.222501_m2	-1	1742	1891	149	1.00000000	0.00000000	0
SRR27862880.154001_m2	+1	1744	1893	149	1.00000000	0.00000000	0
SRR27862880.154001_m1	-1	1751	1902	151	1.00000000	0.00000000	0
SRR27862880.28501_m2	-1	1751	1902	151	1.00000000	0.00000000	0
SRR27862880.151501_m1	-1	1753	1903	150	1.00000000	0.00000000	0
SRR27862880.57501_m1	+1	1756	1907	151	1.00000000	0.00000000	0
SRR27862880.191001_m1	+1	1771	1922	151	1.00000000	0.00000000	0
SRR27862880.171501_m2	-1	1773	1923	150	1.00000000	0.00000000	0
SRR27862880.155001_m1	-1	1777	1928	151	0.99337748	0.00662252	0
SRR27862880.132501_m1	-1	1781	1921	140	1.00000000	0.00000000	0
SRR27862880.132501_m2	+1	1781	1921	140	1.00000000	0.00000000	0
SRR27862880.66001_m2	-1	1787	1938	151	1.00000000	0.00000000	0
SRR27862880.170001_m1	+1	1797	1948	151	1.00000000	0.00000000	0
SRR27862880.31501_m2	+1	1805	1954	149	1.00000000	0.00000000	0
SRR27862880.116001_m2	-1	1807	1957	150	1.00000000	0.00000000	0
SRR27862880.86001_m2	-1	1807	1958	151	1.00000000	0.00000000	0
SRR27862880.224501_m1	+1	1809	1960	151	1.00000000	0.00000000	0
SRR27862880.59001_m1	-1	1811	1962	151	1.00000000	0.00000000	0
SRR27862880.236001_m1	+1	1817	1967	150	1.00000000	0.00000000	0
SRR27862880.21001_m2	-1	1829	1978	149	0.99328859	0.00671141	0
SRR27862880.247001_m2	+1	1831	1979	148	1.00000000	0.00000000	0
SRR27862880.90001_m1	+1	1837	1988	151	1.00000000	0.00000000	0
SRR27862880.61501_m1	+1	1839	1990	151	1.00000000	0.00000000	0
SRR27862880.155501_m1	+1	1843	1993	150	1.00000000	0.00000000	0
SRR27862880.198501_m1	-1	1843	1994	151	1.00000000	0.00000000	0
SRR27862880.195001_m2	-1	1851	2002	151	1.00000000	0.00000000	0
SRR27862880.54501_m2	+1	1851	2002	151	1.00000000	0.00000000	0
SRR27862880.136001_m2	+1	1858	2009	151	1.00000000	0.00000000	0
SRR27862880.57501_m2	-1	1876	2026	150	1.00000000	0.00000000	0
SRR27862880.29001_m1	+1	1878	2027	149	1.00000000	0.00000000	0
SRR27862880.231001_m2	-1	1885	2034	149	1.00000000	0.00000000	0
SRR27862880.18001_m1	-1	1886	2037	151	1.00000000	0.00000000	0
SRR27862880.191501_m2	-1	1887	2037	150	1.00000000	0.00000000	0
SRR27862880.96001_m1	+1	1911	2062	151	1.00000000	0.00000000	0
SRR27862880.107501_m1	-1	1915	2065	150	1.00000000	0.00000000	0
SRR27862880.94001_m2	+1	1923	2074	151	1.00000000	0.00000000	0
SRR27862880.245501_m1	+1	1933	2084	151	1.00000000	0.00000000	0
SRR27862880.69001_m1	+1	1943	2094	151	1.00000000	0.00000000	0
SRR27862880.23501_m2	+1	1954	2105	151	1.00000000	0.00000000	0
SRR27862880.38001_m1	+1	1964	2115	151	0.98675497	0.01324503	0
SRR27862880.74001_m2	+1	1977	2128	151	1.00000000	0.00000000	0
SRR27862880.191001_m2	-1	2014	2164	150	1.00000000	0.00000000	0
SRR27862880.224501_m2	-1	2014	2164	150	1.00000000	0.00000000	0
SRR27862880.26001_m2	+1	2029	2178	149	1.00000000	0.00000000	0
SRR27862880.92501_m2	+1	2038	2187	149	1.00000000	0.00000000	0
SRR27862880.31501_m1	-1	2041	2190	149	1.00000000	0.00000000	0
SRR27862880.123501_m2	+1	2049	2199	150	1.00000000	0.00000000	0
SRR27862880.103501_m2	+1	2054	2204	150	1.00000000	0.00000000	0
SRR27862880.139501_m2	+1	2054	2204	150	1.00000000	0.00000000	0
SRR27862880.236001_m2	-1	2056	2206	150	1.00000000	0.00000000	0
SRR27862880.61501_m2	-1	2057	2207	150	1.00000000	0.00000000	0
SRR27862880.136001_m1	-1	2062	2212	150	1.00000000	0.00000000	0
SRR27862880.155501_m2	-1	2064	2214	150	1.00000000	0.00000000	0
SRR27862880.247001_m1	-1	2069	2220	151	1.00000000	0.00000000	0
SRR27862880.207001_m2	+1	2070	2221	151	1.00000000	0.00000000	0
SRR27862880.79501_m1	+1	2073	2223	150	1.00000000	0.00000000	0
SRR27862880.30001_m2	+1	2075	2226	151	1.00000000	0.00000000	0
SRR27862880.170001_m2	-1	2076	2226	150	1.00000000	0.00000000	0
SRR27862880.90001_m2	-1	2076	2226	150	1.00000000	0.00000000	0
SRR27862880.118501_m2	+1	2078	2228	150	1.00000000	0.00000000	0
SRR27862880.29001_m2	-1	2097	2247	150	1.00000000	0.00000000	0
SRR27862880.54501_m1	-1	2100	2251	151	1.00000000	0.00000000	0
SRR27862880.186001_m2	+1	2109	2260	151	1.00000000	0.00000000	0
SRR27862880.83001_m2	+1	2136	2286	150	1.00000000	0.00000000	0
SRR27862880.188001_m2	+1	2145	2294	149	1.00000000	0.00000000	0
SRR27862880.86501_m2	+1	2148	2295	147	1.00000000	0.00000000	0
SRR27862880.94001_m1	-1	2151	2302	151	1.00000000	0.00000000	0
SRR27862880.135001_m2	+1	2153	2302	149	1.00000000	0.00000000	0
SRR27862880.96001_m2	-1	2153	2302	149	1.00000000	0.00000000	0
SRR27862880.69001_m2	-1	2155	2306	151	1.00000000	0.00000000	0
SRR27862880.149501_m2	+1	2156	2307	151	1.00000000	0.00000000	0
SRR27862880.33501_m1	+1	2159	2310	151	1.00000000	0.00000000	0
SRR27862880.241001_m2	+1	2161	2312	151	1.00000000	0.00000000	0
SRR27862880.15001_m2	+1	2164	2314	150	1.00000000	0.00000000	0
SRR27862880.105501_m2	+1	2171	2321	150	1.00000000	0.00000000	0
SRR27862880.245501_m2	-1	2177	2327	150	1.00000000	0.00000000	0
SRR27862880.23501_m1	-1	2190	2341	151	1.00000000	0.00000000	0
SRR27862880.38001_m2	-1	2191	2342	151	1.00000000	0.00000000	0
SRR27862880.74001_m1	-1	2191	2342	151	1.00000000	0.00000000	0
SRR27862880.219001_m2	+1	2195	2344	149	1.00000000	0.00000000	0
SRR27862880.193001_m2	+1	2215	2366	151	1.00000000	0.00000000	0
SRR27862880.26001_m1	-1	2242	2392	150	1.00000000	0.00000000	0
SRR27862880.206001_m2	+1	2263	2414	151	1.00000000	0.00000000	0
SRR27862880.139501_m1	-1	2266	2416	150	1.00000000	0.00000000	0
SRR27862880.103501_m1	-1	2269	2420	151	1.00000000	0.00000000	0
SRR27862880.207001_m1	-1	2269	2420	151	1.00000000	0.00000000	0
SRR27862880.123501_m1	-1	2278	2427	149	1.00000000	0.00000000	0
SRR27862880.56501_m2	+1	2281	2432	151	1.00000000	0.00000000	0
SRR27862880.79501_m2	-1	2286	2437	151	1.00000000	0.00000000	0
SRR27862880.92501_m1	-1	2288	2439	151	1.00000000	0.00000000	0
SRR27862880.50501_m2	+1	2295	2446	151	1.00000000	0.00000000	0
SRR27862880.172501_m1	+1	2303	2454	151	1.00000000	0.00000000	0
SRR27862880.118501_m1	-1	2309	2460	151	1.00000000	0.00000000	0
SRR27862880.30001_m1	-1	2313	2464	151	1.00000000	0.00000000	0
SRR27862880.152501_m2	+1	2322	2473	151	1.00000000	0.00000000	0
SRR27862880.83001_m1	-1	2323	2474	151	1.00000000	0.00000000	0
SRR27862880.180001_m2	+1	2328	2478	150	1.00000000	0.00000000	0
SRR27862880.186001_m1	-1	2333	2483	150	1.00000000	0.00000000	0
SRR27862880.86501_m1	-1	2350	2500	150	1.00000000	0.00000000	0
SRR27862880.161001_m2	+1	2361	2510	149	1.00000000	0.00000000	0
SRR27862880.15001_m1	-1	2363	2514	151	1.00000000	0.00000000	0
SRR27862880.33501_m2	-1	2366	2516	150	1.00000000	0.00000000	0
SRR27862880.149501_m1	-1	2370	2521	151	1.00000000	0.00000000	0
SRR27862880.135001_m1	-1	2373	2523	150	1.00000000	0.00000000	0
SRR27862880.188001_m1	-1	2383	2534	151	1.00000000	0.00000000	0
SRR27862880.105501_m1	-1	2386	2537	151	0.99337748	0.00662252	0
SRR27862880.204001_m2	+1	2387	2537	150	1.00000000	0.00000000	0
SRR27862880.241001_m1	-1	2396	2547	151	1.00000000	0.00000000	0
SRR27862880.219001_m1	-1	2415	2563	148	0.99324324	0.00675676	0
SRR27862880.193001_m1	-1	2417	2568	151	1.00000000	0.00000000	0
SRR27862880.5001_m2	+1	2424	2575	151	1.00000000	0.00000000	0
SRR27862880.71001_m1	+1	2424	2575	151	1.00000000	0.00000000	0
SRR27862880.176001_m1	+1	2428	2518	90	0.98888889	0.01111111	0
SRR27862880.4001_m2	+1	2441	2592	151	1.00000000	0.00000000	0
SRR27862880.236501_m1	+1	2453	2604	151	1.00000000	0.00000000	0
SRR27862880.43001_m1	+1	2453	2604	151	1.00000000	0.00000000	0
SRR27862880.206001_m1	-1	2481	2632	151	1.00000000	0.00000000	0
SRR27862880.56501_m1	-1	2486	2636	150	1.00000000	0.00000000	0
SRR27862880.112001_m1	+1	2491	2642	151	1.00000000	0.00000000	0
SRR27862880.172501_m2	-1	2500	2651	151	1.00000000	0.00000000	0
SRR27862880.105001_m2	+1	2502	2653	151	1.00000000	0.00000000	0
SRR27862880.43001_m2	-1	2510	2660	150	1.00000000	0.00000000	0
SRR27862880.3501_m2	+1	2516	2666	150	1.00000000	0.00000000	0
SRR27862880.152501_m1	-1	2538	2689	151	1.00000000	0.00000000	0
SRR27862880.180001_m1	-1	2541	2692	151	1.00000000	0.00000000	0
SRR27862880.72001_m2	+1	2541	2692	151	1.00000000	0.00000000	0
SRR27862880.50501_m1	-1	2542	2693	151	1.00000000	0.00000000	0
SRR27862880.172001_m1	+1	2547	2697	150	1.00000000	0.00000000	0
SRR27862880.120001_m1	+1	2550	2701	151	1.00000000	0.00000000	0
SRR27862880.196001_m2	+1	2553	2704	151	0.98675497	0.01324503	0
SRR27862880.115001_m1	+1	2559	2710	151	1.00000000	0.00000000	0
SRR27862880.146001_m2	+1	2575	2726	151	1.00000000	0.00000000	0
SRR27862880.110001_m2	+1	2576	2727	151	0.98675497	0.01324503	0
SRR27862880.131501_m2	+1	2588	2739	151	0.99337748	0.00662252	0
SRR27862880.84501_m1	+1	2588	2739	151	0.99337748	0.00662252	0
SRR27862880.173001_m2	+1	2603	2754	151	0.99337748	0.00662252	0
SRR27862880.204001_m1	-1	2606	2757	151	0.99337748	0.00662252	0
SRR27862880.161001_m1	-1	2616	2767	151	0.99337748	0.00662252	0
SRR27862880.98501_m1	+1	2635	2786	151	0.98675497	0.01324503	0
SRR27862880.205001_m2	+1	2636	2787	151	0.99337748	0.00662252	0
SRR27862880.4001_m1	-1	2643	2794	151	0.99337748	0.00662252	0
SRR27862880.230501_m1	+1	2647	2798	151	0.99337748	0.00662252	0
SRR27862880.71001_m2	-1	2649	2798	149	0.99328859	0.00671141	0
SRR27862880.3501_m1	-1	2650	2801	151	0.99337748	0.00662252	0
SRR27862880.110501_m2	+1	2651	2801	150	0.99333333	0.00666667	0
SRR27862880.47001_m1	+1	2655	2805	150	0.99333333	0.00666667	0
SRR27862880.5001_m1	-1	2656	2806	150	0.99333333	0.00666667	0
SRR27862880.128501_m1	+1	2660	2810	150	0.99333333	0.00666667	0
SRR27862880.32001_m1	+1	2688	2838	150	0.98666667	0.01333333	0
SRR27862880.31001_m2	+1	2689	2839	150	0.98666667	0.01333333	0
SRR27862880.194501_m2	+1	2696	2847	151	0.98675497	0.01324503	0
SRR27862880.72501_m2	+1	2698	2849	151	0.98675497	0.01324503	0
SRR27862880.215001_m1	+1	2705	2855	150	0.98666667	0.01333333	0
SRR27862880.16001_m2	+1	2708	2859	151	0.98013245	0.01986755	0
SRR27862880.76001_m1	+1	2711	2862	151	0.98675497	0.01324503	0
SRR27862880.105001_m1	-1	2718	2869	151	0.98675497	0.01324503	0
SRR27862880.51001_m1	+1	2719	2870	151	0.98675497	0.01324503	0
SRR27862880.112001_m2	-1	2721	2871	150	0.98666667	0.01333333	0
SRR27862880.120501_m2	+1	2721	2872	151	0.98675497	0.01324503	0
SRR27862880.172001_m2	-1	2722	2872	150	0.98666667	0.01333333	0
SRR27862880.236501_m2	-1	2724	2874	150	0.98666667	0.01333333	0
SRR27862880.174501_m2	+1	2755	2905	150	0.98000000	0.02000000	0
SRR27862880.115001_m2	-1	2759	2909	150	0.99333333	0.00666667	0
SRR27862880.249501_m1	-1	2762	2913	151	0.99337748	0.00662252	0
SRR27862880.84501_m2	-1	2763	2914	151	0.99337748	0.00662252	0
SRR27862880.120001_m2	-1	2778	2928	150	0.99333333	0.00666667	0
SRR27862880.72001_m1	-1	2778	2929	151	0.99337748	0.00662252	0
SRR27862880.35501_m1	+1	2784	2935	151	0.99337748	0.00662252	0
SRR27862880.146001_m1	-1	2786	2936	150	0.99333333	0.00666667	0
SRR27862880.196001_m1	-1	2796	2946	150	0.99333333	0.00666667	0
SRR27862880.131501_m1	-1	2800	2951	151	0.99337748	0.00662252	0
SRR27862880.110001_m1	-1	2817	2968	151	0.98675497	0.01324503	0
SRR27862880.124001_m1	+1	2821	2972	151	0.99337748	0.00662252	0
SRR27862880.190501_m2	+1	2829	2980	151	1.00000000	0.00000000	0
SRR27862880.173001_m1	-1	2833	2984	151	1.00000000	0.00000000	0
SRR27862880.205001_m1	-1	2833	2984	151	1.00000000	0.00000000	0
SRR27862880.68501_m2	+1	2838	2988	150	0.99333333	0.00666667	0
SRR27862880.230501_m2	-1	2853	3003	150	1.00000000	0.00000000	0
SRR27862880.147001_m2	+1	2861	3010	149	1.00000000	0.00000000	0
SRR27862880.206501_m1	+1	2862	3013	151	1.00000000	0.00000000	0
SRR27862880.23001_m1	+1	2864	3015	151	1.00000000	0.00000000	0
SRR27862880.235001_m2	+1	2867	3018	151	1.00000000	0.00000000	0
SRR27862880.45001_m2	+1	2870	3020	150	1.00000000	0.00000000	0
SRR27862880.98501_m2	-1	2880	3030	150	1.00000000	0.00000000	0
SRR27862880.128501_m2	-1	2888	3038	150	1.00000000	0.00000000	0
SRR27862880.72501_m1	-1	2888	3038	150	1.00000000	0.00000000	0
SRR27862880.250001_m1	-1	2892	3043	151	1.00000000	0.00000000	0
SRR27862880.27501_m2	+1	2905	3054	149	1.00000000	0.00000000	0
SRR27862880.110501_m1	-1	2907	3058	151	1.00000000	0.00000000	0
SRR27862880.31001_m1	-1	2912	3063	151	1.00000000	0.00000000	0
SRR27862880.210001_m2	+1	2913	3062	149	1.00000000	0.00000000	0
SRR27862880.120501_m1	-1	2917	3068	151	1.00000000	0.00000000	0
SRR27862880.16001_m1	-1	2917	3068	151	1.00000000	0.00000000	0
SRR27862880.47001_m2	-1	2920	3071	151	1.00000000	0.00000000	0
SRR27862880.32001_m2	-1	2928	3078	150	1.00000000	0.00000000	0
SRR27862880.48501_m2	+1	2933	3083	150	1.00000000	0.00000000	0
SRR27862880.76001_m2	-1	2936	3086	150	1.00000000	0.00000000	0
SRR27862880.50001_m2	+1	2961	3110	149	1.00000000	0.00000000	0
SRR27862880.215001_m2	-1	2966	3115	149	1.00000000	0.00000000	0
SRR27862880.194501_m1	-1	2968	3116	148	1.00000000	0.00000000	0
SRR27862880.51001_m2	-1	2975	3125	150	1.00000000	0.00000000	0
SRR27862880.34001_m1	+1	2983	3132	149	1.00000000	0.00000000	0
SRR27862880.12001_m1	+1	2997	3148	151	0.99337748	0.00662252	0
SRR27862880.174501_m1	-1	2999	3150	151	0.98675497	0.01324503	0
SRR27862880.190501_m1	-1	3001	3152	151	0.99337748	0.00662252	0
SRR27862880.227501_m1	+1	3006	3157	151	0.99337748	0.00662252	0
SRR27862880.35501_m2	-1	3010	3161	151	0.99337748	0.00662252	0
SRR27862880.124001_m2	-1	3014	3164	150	0.99333333	0.00666667	0
SRR27862880.109001_m1	+1	3021	3171	150	0.99333333	0.00666667	0
SRR27862880.76501_m1	+1	3025	3175	150	0.99333333	0.00666667	0
SRR27862880.89501_m1	+1	3028	3179	151	0.99337748	0.00662252	0
SRR27862880.175001_m1	+1	3068	3219	151	0.99337748	0.00662252	0
SRR27862880.68501_m1	-1	3077	3228	151	0.99337748	0.00662252	0
SRR27862880.147001_m1	-1	3094	3245	151	0.99337748	0.00662252	0
SRR27862880.45001_m1	-1	3098	3249	151	0.99337748	0.00662252	0
SRR27862880.206501_m2	-1	3100	3251	151	0.99337748	0.00662252	0
SRR27862880.246001_m1	+1	3107	3258	151	0.99337748	0.00662252	0
SRR27862880.217001_m2	+1	3124	3273	149	0.99328859	0.00671141	0
SRR27862880.200501_m1	+1	3133	3281	148	1.00000000	0.00000000	0
SRR27862880.48501_m1	-1	3133	3282	149	1.00000000	0.00000000	0
SRR27862880.23001_m2	-1	3134	3284	150	0.99333333	0.00666667	0
SRR27862880.235001_m1	-1	3140	3290	150	1.00000000	0.00000000	0
SRR27862880.212501_m2	+1	3159	3309	150	0.99333333	0.00666667	0
SRR27862880.27501_m1	-1	3163	3314	151	1.00000000	0.00000000	0
SRR27862880.152001_m1	+1	3168	3319	151	1.00000000	0.00000000	0
SRR27862880.50001_m1	-1	3178	3327	149	1.00000000	0.00000000	0
SRR27862880.34001_m2	-1	3182	3333	151	1.00000000	0.00000000	0
SRR27862880.210001_m1	-1	3212	3363	151	1.00000000	0.00000000	0
SRR27862880.109001_m2	-1	3214	3364	150	1.00000000	0.00000000	0
SRR27862880.143001_m1	+1	3219	3370	151	1.00000000	0.00000000	0
SRR27862880.89501_m2	-1	3222	3373	151	1.00000000	0.00000000	0
SRR27862880.12001_m2	-1	3229	3379	150	1.00000000	0.00000000	0
SRR27862880.215501_m1	+1	3232	3382	150	1.00000000	0.00000000	0
SRR27862880.37001_m1	+1	3237	3385	148	1.00000000	0.00000000	0
SRR27862880.227501_m2	-1	3243	3392	149	1.00000000	0.00000000	0
SRR27862880.111001_m2	+1	3244	3395	151	1.00000000	0.00000000	0
SRR27862880.76501_m2	-1	3244	3393	149	1.00000000	0.00000000	0
SRR27862880.115501_m1	+1	3267	3417	150	1.00000000	0.00000000	0
SRR27862880.175001_m2	-1	3274	3425	151	1.00000000	0.00000000	0
SRR27862880.82501_m1	+1	3278	3429	151	1.00000000	0.00000000	0
SRR27862880.132001_m2	+1	3289	3440	151	1.00000000	0.00000000	0
SRR27862880.115501_m2	-1	3296	3446	150	1.00000000	0.00000000	0
SRR27862880.166001_m1	+1	3300	3450	150	1.00000000	0.00000000	0
SRR27862880.246001_m2	-1	3308	3458	150	1.00000000	0.00000000	0
SRR27862880.146501_m2	+1	3319	3468	149	1.00000000	0.00000000	0
SRR27862880.217001_m1	-1	3344	3493	149	1.00000000	0.00000000	0
SRR27862880.137001_m1	+1	3353	3504	151	1.00000000	0.00000000	0
SRR27862880.226001_m1	+1	3376	3527	151	1.00000000	0.00000000	0
SRR27862880.212501_m1	-1	3377	3528	151	1.00000000	0.00000000	0
SRR27862880.200501_m2	-1	3387	3538	151	1.00000000	0.00000000	0
SRR27862880.20501_m2	+1	3392	3542	150	1.00000000	0.00000000	0
SRR27862880.153501_m1	+1	3404	3555	151	1.00000000	0.00000000	0
SRR27862880.84001_m2	+1	3409	3560	151	1.00000000	0.00000000	0
SRR27862880.112501_m1	+1	3410	3561	151	1.00000000	0.00000000	0
SRR27862880.152001_m2	-1	3411	3562	151	1.00000000	0.00000000	0
SRR27862880.8001_m1	+1	3414	3565	151	1.00000000	0.00000000	0
SRR27862880.4501_m1	+1	3420	3571	151	1.00000000	0.00000000	0
SRR27862880.193501_m1	+1	3428	3578	150	1.00000000	0.00000000	0
SRR27862880.142001_m1	+1	3429	3580	151	1.00000000	0.00000000	0
SRR27862880.162501_m1	+1	3432	3582	150	0.99333333	0.00666667	0
SRR27862880.106001_m1	+1	3439	3590	151	1.00000000	0.00000000	0
SRR27862880.215501_m2	-1	3449	3600	151	1.00000000	0.00000000	0
SRR27862880.234501_m2	+1	3453	3602	149	1.00000000	0.00000000	0
SRR27862880.83501_m1	+1	3459	3609	150	1.00000000	0.00000000	0
SRR27862880.143001_m2	-1	3467	3617	150	1.00000000	0.00000000	0
SRR27862880.82501_m2	-1	3468	3618	150	1.00000000	0.00000000	0
SRR27862880.111001_m1	-1	3469	3620	151	1.00000000	0.00000000	0
SRR27862880.241501_m1	+1	3472	3622	150	1.00000000	0.00000000	0
SRR27862880.247501_m2	+1	3474	3625	151	1.00000000	0.00000000	0
SRR27862880.37001_m2	-1	3475	3626	151	1.00000000	0.00000000	0
SRR27862880.223001_m1	+1	3479	3629	150	1.00000000	0.00000000	0
SRR27862880.2001_m2	+1	3488	3639	151	1.00000000	0.00000000	0
SRR27862880.157501_m1	+1	3489	3639	150	1.00000000	0.00000000	0
SRR27862880.132001_m1	-1	3498	3649	151	1.00000000	0.00000000	0
SRR27862880.161501_m2	+1	3500	3651	151	1.00000000	0.00000000	0
SRR27862880.229501_m1	+1	3511	3662	151	1.00000000	0.00000000	0
SRR27862880.166001_m2	-1	3513	3661	148	1.00000000	0.00000000	0
SRR27862880.104001_m1	+1	3514	3665	151	0.99337748	0.00662252	0
SRR27862880.233001_m2	+1	3529	3679	150	1.00000000	0.00000000	0
SRR27862880.53501_m2	+1	3533	3683	150	1.00000000	0.00000000	0
SRR27862880.24501_m2	+1	3537	3687	150	1.00000000	0.00000000	0
SRR27862880.146501_m1	-1	3548	3698	150	0.99333333	0.00666667	0
SRR27862880.106501_m2	+1	3552	3702	150	1.00000000	0.00000000	0
SRR27862880.199001_m2	+1	3564	3713	149	1.00000000	0.00000000	0
SRR27862880.137001_m2	-1	3586	3733	147	1.00000000	0.00000000	0
SRR27862880.208001_m1	+1	3589	3740	151	1.00000000	0.00000000	0
SRR27862880.209501_m2	+1	3609	3759	150	1.00000000	0.00000000	0
SRR27862880.226001_m2	-1	3609	3760	151	1.00000000	0.00000000	0
SRR27862880.153501_m2	-1	3623	3774	151	1.00000000	0.00000000	0
SRR27862880.203001_m1	+1	3627	3778	151	1.00000000	0.00000000	0
SRR27862880.163501_m2	+1	3629	3780	151	1.00000000	0.00000000	0
SRR27862880.8001_m2	-1	3631	3780	149	1.00000000	0.00000000	0
SRR27862880.240001_m2	+1	3642	3793	151	1.00000000	0.00000000	0
SRR27862880.106001_m2	-1	3643	3792	149	1.00000000	0.00000000	0
SRR27862880.142001_m2	-1	3643	3794	151	1.00000000	0.00000000	0
SRR27862880.63501_m2	+1	3644	3794	150	0.98666667	0.01333333	0
SRR27862880.20501_m1	-1	3647	3798	151	1.00000000	0.00000000	0
SRR27862880.234501_m1	-1	3647	3796	149	1.00000000	0.00000000	0
SRR27862880.64001_m1	+1	3660	3811	151	1.00000000	0.00000000	0
SRR27862880.112501_m2	-1	3665	3816	151	1.00000000	0.00000000	0
SRR27862880.162501_m2	-1	3668	3817	149	1.00000000	0.00000000	0
SRR27862880.2001_m1	-1	3670	3821	151	1.00000000	0.00000000	0
SRR27862880.193501_m2	-1	3671	3822	151	1.00000000	0.00000000	0
SRR27862880.12501_m1	+1	3677	3828	151	1.00000000	0.00000000	0
SRR27862880.84001_m1	-1	3680	3831	151	1.00000000	0.00000000	0
SRR27862880.96501_m2	+1	3681	3832	151	1.00000000	0.00000000	0
SRR27862880.241501_m2	-1	3685	3834	149	0.99328859	0.00671141	0
SRR27862880.80501_m2	+1	3686	3836	150	1.00000000	0.00000000	0
SRR27862880.114001_m2	+1	3689	3838	149	1.00000000	0.00000000	0
SRR27862880.53501_m1	-1	3698	3849	151	1.00000000	0.00000000	0
SRR27862880.220001_m1	+1	3702	3853	151	1.00000000	0.00000000	0
SRR27862880.247501_m1	-1	3706	3856	150	1.00000000	0.00000000	0
SRR27862880.100001_m1	+1	3715	3866	151	1.00000000	0.00000000	0
SRR27862880.83501_m2	-1	3720	3871	151	1.00000000	0.00000000	0
SRR27862880.103001_m2	+1	3723	3871	148	1.00000000	0.00000000	0
SRR27862880.223001_m2	-1	3723	3873	150	0.99333333	0.00666667	0
SRR27862880.157501_m2	-1	3727	3877	150	1.00000000	0.00000000	0
SRR27862880.161501_m1	-1	3729	3880	151	1.00000000	0.00000000	0
SRR27862880.104001_m2	-1	3734	3884	150	1.00000000	0.00000000	0
SRR27862880.233001_m1	-1	3737	3888	151	0.99337748	0.00662252	0
SRR27862880.229501_m2	-1	3738	3889	151	1.00000000	0.00000000	0
SRR27862880.91501_m2	+1	3740	3890	150	1.00000000	0.00000000	0
SRR27862880.106501_m1	-1	3749	3898	149	1.00000000	0.00000000	0
SRR27862880.101501_m2	+1	3767	3918	151	1.00000000	0.00000000	0
SRR27862880.199001_m1	-1	3767	3917	150	1.00000000	0.00000000	0
SRR27862880.166501_m1	+1	3776	3927	151	1.00000000	0.00000000	0
SRR27862880.24501_m1	-1	3778	3928	150	1.00000000	0.00000000	0
SRR27862880.139001_m1	+1	3782	3933	151	1.00000000	0.00000000	0
SRR27862880.108501_m2	+1	3788	3939	151	1.00000000	0.00000000	0
SRR27862880.99501_m2	+1	3792	3943	151	1.00000000	0.00000000	0
SRR27862880.209501_m1	-1	3797	3947	150	0.99333333	0.00666667	0
SRR27862880.71501_m2	+1	3808	3959	151	1.00000000	0.00000000	0
SRR27862880.208001_m2	-1	3815	3965	150	1.00000000	0.00000000	0
SRR27862880.192501_m1	+1	3825	3976	151	1.00000000	0.00000000	0
SRR27862880.12501_m2	-1	3830	3980	150	1.00000000	0.00000000	0
SRR27862880.248501_m2	+1	3836	3987	151	1.00000000	0.00000000	0
SRR27862880.149001_m2	+1	3839	3990	151	1.00000000	0.00000000	0
SRR27862880.163501_m1	-1	3842	3992	150	1.00000000	0.00000000	0
SRR27862880.203001_m2	-1	3855	4005	150	1.00000000	0.00000000	0
SRR27862880.240001_m1	-1	3861	4012	151	1.00000000	0.00000000	0
SRR27862880.197001_m2	+1	3872	4023	151	1.00000000	0.00000000	0
SRR27862880.80501_m1	-1	3884	4033	149	1.00000000	0.00000000	0
SRR27862880.63501_m1	-1	3885	4036	151	1.00000000	0.00000000	0
SRR27862880.91501_m1	-1	3887	4037	150	1.00000000	0.00000000	0
SRR27862880.96501_m1	-1	3888	4039	151	1.00000000	0.00000000	0
SRR27862880.4501_m2	-1	3899	4049	150	0.99333333	0.00666667	0
SRR27862880.244001_m2	+1	3905	4055	150	0.99333333	0.00666667	0
SRR27862880.64001_m2	-1	3909	4060	151	1.00000000	0.00000000	0
SRR27862880.114001_m1	-1	3911	4062	151	1.00000000	0.00000000	0
SRR27862880.33001_m2	+1	3912	4062	150	1.00000000	0.00000000	0
SRR27862880.100001_m2	-1	3923	4074	151	1.00000000	0.00000000	0
SRR27862880.142501_m2	+1	3941	4092	151	1.00000000	0.00000000	0
SRR27862880.220001_m2	-1	3943	4093	150	1.00000000	0.00000000	0
SRR27862880.54001_m2	+1	3953	4103	150	1.00000000	0.00000000	0
SRR27862880.148001_m2	+1	3957	4108	151	1.00000000	0.00000000	0
SRR27862880.103001_m1	-1	3962	4113	151	1.00000000	0.00000000	0
SRR27862880.11501_m2	+1	3967	4116	149	1.00000000	0.00000000	0
SRR27862880.157001_m2	+1	3973	4124	151	1.00000000	0.00000000	0
SRR27862880.192501_m2	-1	3976	4126	150	1.00000000	0.00000000	0
SRR27862880.187501_m2	+1	3977	4128	151	1.00000000	0.00000000	0
SRR27862880.108501_m1	-1	3989	4139	150	1.00000000	0.00000000	0
SRR27862880.1001_m2	+1	3993	4143	150	1.00000000	0.00000000	0
SRR27862880.101501_m1	-1	3996	4147	151	1.00000000	0.00000000	0
SRR27862880.232501_m2	+1	3998	4146	148	1.00000000	0.00000000	0
SRR27862880.29501_m1	+1	4009	4160	151	1.00000000	0.00000000	0
SRR27862880.139001_m2	-1	4013	4162	149	1.00000000	0.00000000	0
SRR27862880.164001_m2	+1	4015	4165	150	1.00000000	0.00000000	0
SRR27862880.165501_m1	+1	4022	4173	151	1.00000000	0.00000000	0
SRR27862880.208501_m2	+1	4025	4175	150	0.99333333	0.00666667	0
SRR27862880.71501_m1	-1	4025	4175	150	1.00000000	0.00000000	0
SRR27862880.170501_m2	+1	4031	4181	150	1.00000000	0.00000000	0
SRR27862880.99501_m1	-1	4031	4181	150	1.00000000	0.00000000	0
SRR27862880.166501_m2	-1	4050	4201	151	1.00000000	0.00000000	0
SRR27862880.125501_m2	+1	4055	4205	150	0.99333333	0.00666667	0
SRR27862880.60001_m1	+1	4063	4212	149	1.00000000	0.00000000	0
SRR27862880.167501_m2	+1	4066	4217	151	1.00000000	0.00000000	0
SRR27862880.82001_m2	+1	4066	4217	151	1.00000000	0.00000000	0
SRR27862880.149001_m1	-1	4072	4223	151	1.00000000	0.00000000	0
SRR27862880.248501_m1	-1	4072	4223	151	1.00000000	0.00000000	0
SRR27862880.25001_m2	+1	4072	4223	151	1.00000000	0.00000000	0
SRR27862880.51501_m1	+1	4076	4227	151	1.00000000	0.00000000	0
SRR27862880.165501_m2	-1	4079	4229	150	1.00000000	0.00000000	0
SRR27862880.179501_m2	+1	4084	4235	151	1.00000000	0.00000000	0
SRR27862880.25001_m1	-1	4084	4233	149	1.00000000	0.00000000	0
SRR27862880.244001_m1	-1	4085	4235	150	1.00000000	0.00000000	0
SRR27862880.197001_m1	-1	4089	4240	151	1.00000000	0.00000000	0
SRR27862880.67501_m1	+1	4096	4247	151	1.00000000	0.00000000	0
SRR27862880.220501_m1	+1	4098	4249	151	1.00000000	0.00000000	0
SRR27862880.214501_m2	+1	4107	4257	150	1.00000000	0.00000000	0
SRR27862880.125001_m1	+1	4135	4286	151	1.00000000	0.00000000	0
SRR27862880.33001_m1	-1	4144	4295	151	1.00000000	0.00000000	0
SRR27862880.142501_m1	-1	4153	4303	150	1.00000000	0.00000000	0
SRR27862880.148001_m1	-1	4160	4311	151	1.00000000	0.00000000	0
SRR27862880.7501_m1	+1	4177	4328	151	1.00000000	0.00000000	0
SRR27862880.54001_m1	-1	4191	4342	151	1.00000000	0.00000000	0
SRR27862880.52501_m1	+1	4195	4345	150	1.00000000	0.00000000	0
SRR27862880.222001_m2	+1	4199	4350	151	1.00000000	0.00000000	0
SRR27862880.232501_m1	-1	4203	4354	151	1.00000000	0.00000000	0
SRR27862880.11501_m1	-1	4213	4364	151	1.00000000	0.00000000	0
SRR27862880.42001_m1	+1	4222	4373	151	1.00000000	0.00000000	0
SRR27862880.157001_m1	-1	4223	4372	149	1.00000000	0.00000000	0
SRR27862880.168501_m2	+1	4225	4376	151	1.00000000	0.00000000	0
SRR27862880.208501_m1	-1	4225	4376	151	1.00000000	0.00000000	0
SRR27862880.187501_m1	-1	4229	4379	150	1.00000000	0.00000000	0
SRR27862880.205501_m1	+1	4232	4383	151	1.00000000	0.00000000	0
SRR27862880.160501_m1	+1	4236	4387	151	1.00000000	0.00000000	0
SRR27862880.29501_m2	-1	4237	4388	151	1.00000000	0.00000000	0
SRR27862880.70001_m2	+1	4244	4395	151	1.00000000	0.00000000	0
SRR27862880.1001_m1	-1	4247	4395	148	1.00000000	0.00000000	0
SRR27862880.82001_m1	-1	4247	4397	150	1.00000000	0.00000000	0
SRR27862880.170501_m1	-1	4257	4408	151	1.00000000	0.00000000	0
SRR27862880.501_m2	+1	4261	4412	151	1.00000000	0.00000000	0
SRR27862880.167501_m1	-1	4264	4414	150	1.00000000	0.00000000	0
SRR27862880.125501_m1	-1	4272	4422	150	0.97333333	0.02666667	0
SRR27862880.164001_m1	-1	4285	4436	151	1.00000000	0.00000000	0
SRR27862880.51501_m2	-1	4291	4441	150	1.00000000	0.00000000	0
SRR27862880.121501_m2	+1	4292	4443	151	1.00000000	0.00000000	0
SRR27862880.179501_m1	-1	4298	4449	151	1.00000000	0.00000000	0
SRR27862880.37501_m2	+1	4306	4455	149	1.00000000	0.00000000	0
SRR27862880.60001_m2	-1	4313	4464	151	1.00000000	0.00000000	0
SRR27862880.65001_m1	+1	4321	4472	151	1.00000000	0.00000000	0
SRR27862880.243001_m2	+1	4325	4475	150	1.00000000	0.00000000	0
SRR27862880.102501_m1	+1	4329	4480	151	1.00000000	0.00000000	0
SRR27862880.93501_m2	+1	4329	4480	151	1.00000000	0.00000000	0
SRR27862880.67501_m2	-1	4334	4485	151	1.00000000	0.00000000	0
SRR27862880.125001_m2	-1	4335	4486	151	0.99337748	0.00662252	0
SRR27862880.224001_m1	+1	4337	4488	151	1.00000000	0.00000000	0
SRR27862880.220501_m2	-1	4343	4493	150	1.00000000	0.00000000	0
SRR27862880.13001_m1	+1	4348	4499	151	1.00000000	0.00000000	0
SRR27862880.214501_m1	-1	4350	4500	150	1.00000000	0.00000000	0
SRR27862880.90501_m1	+1	4358	4508	150	1.00000000	0.00000000	0
SRR27862880.180501_m1	+1	4360	4508	148	1.00000000	0.00000000	0
SRR27862880.156501_m1	+1	4364	4515	151	1.00000000	0.00000000	0
SRR27862880.163001_m2	+1	4375	4524	149	1.00000000	0.00000000	0
SRR27862880.93001_m1	+1	4383	4534	151	1.00000000	0.00000000	0
SRR27862880.7501_m2	-1	4389	4539	150	1.00000000	0.00000000	0
SRR27862880.62001_m2	-1	4392	4543	151	0.98013245	0.01986755	0
SRR27862880.46501_m2	+1	4400	4550	150	0.97333333	0.02666667	0
SRR27862880.102001_m2	+1	4404	4554	150	1.00000000	0.00000000	0
SRR27862880.148501_m2	+1	4405	4556	151	1.00000000	0.00000000	0
SRR27862880.222001_m1	-1	4424	4575	151	1.00000000	0.00000000	0
SRR27862880.160501_m2	-1	4434	4584	150	1.00000000	0.00000000	0
SRR27862880.42001_m2	-1	4447	4598	151	1.00000000	0.00000000	0
SRR27862880.91001_m2	+1	4447	4598	151	1.00000000	0.00000000	0
SRR27862880.186501_m2	+1	4450	4601	151	1.00000000	0.00000000	0
SRR27862880.211501_m2	+1	4450	4601	151	1.00000000	0.00000000	0
SRR27862880.183501_m2	+1	4452	4602	150	1.00000000	0.00000000	0
SRR27862880.168501_m1	-1	4453	4604	151	1.00000000	0.00000000	0
SRR27862880.70001_m1	-1	4455	4606	151	1.00000000	0.00000000	0
SRR27862880.205501_m2	-1	4462	4613	151	1.00000000	0.00000000	0
SRR27862880.52501_m2	-1	4464	4615	151	0.99337748	0.00662252	0
SRR27862880.223501_m2	+1	4465	4615	150	1.00000000	0.00000000	0
SRR27862880.180501_m2	-1	4474	4624	150	1.00000000	0.00000000	0
SRR27862880.128001_m1	+1	4477	4628	151	1.00000000	0.00000000	0
SRR27862880.501_m1	-1	4479	4629	150	1.00000000	0.00000000	0
SRR27862880.248001_m1	+1	4480	4631	151	1.00000000	0.00000000	0
SRR27862880.235501_m2	+1	4481	4631	150	1.00000000	0.00000000	0
SRR27862880.117501_m1	+1	4482	4632	150	0.99333333	0.00666667	0
SRR27862880.210501_m2	+1	4485	4636	151	1.00000000	0.00000000	0
SRR27862880.22001_m2	+1	4487	4638	151	1.00000000	0.00000000	0
SRR27862880.148501_m1	-1	4488	4639	151	1.00000000	0.00000000	0
SRR27862880.102501_m2	-1	4492	4642	150	1.00000000	0.00000000	0
SRR27862880.37501_m1	-1	4504	4655	151	1.00000000	0.00000000	0
SRR27862880.174001_m1	+1	4517	4667	150	1.00000000	0.00000000	0
SRR27862880.121501_m1	-1	4522	4672	150	1.00000000	0.00000000	0
SRR27862880.159001_m1	+1	4527	4678	151	0.98013245	0.01986755	0
SRR27862880.242501_m1	+1	4539	4690	151	0.99337748	0.00662252	0
SRR27862880.93501_m1	-1	4541	4692	151	1.00000000	0.00000000	0
SRR27862880.65001_m2	-1	4543	4693	150	1.00000000	0.00000000	0
SRR27862880.13001_m2	-1	4545	4695	150	1.00000000	0.00000000	0
SRR27862880.144501_m1	+1	4556	4707	151	1.00000000	0.00000000	0
SRR27862880.10501_m2	+1	4557	4707	150	1.00000000	0.00000000	0
SRR27862880.224001_m2	-1	4560	4711	151	1.00000000	0.00000000	0
SRR27862880.156501_m2	-1	4562	4713	151	1.00000000	0.00000000	0
SRR27862880.243001_m1	-1	4562	4712	150	1.00000000	0.00000000	0
SRR27862880.93001_m2	-1	4580	4730	150	1.00000000	0.00000000	0
SRR27862880.101001_m1	+1	4583	4734	151	1.00000000	0.00000000	0
SRR27862880.90501_m2	-1	4591	4742	151	1.00000000	0.00000000	0
SRR27862880.75001_m1	+1	4593	4743	150	1.00000000	0.00000000	0
SRR27862880.163001_m1	-1	4598	4747	149	1.00000000	0.00000000	0
SRR27862880.26501_m2	+1	4600	4750	150	1.00000000	0.00000000	0
SRR27862880.102001_m1	-1	4626	4777	151	1.00000000	0.00000000	0
SRR27862880.116501_m2	+1	4626	4777	151	1.00000000	0.00000000	0
SRR27862880.204501_m1	+1	4631	4782	151	1.00000000	0.00000000	0
SRR27862880.129001_m2	+1	4638	4789	151	1.00000000	0.00000000	0
SRR27862880.186501_m1	-1	4643	4794	151	1.00000000	0.00000000	0
SRR27862880.211501_m1	-1	4655	4806	151	1.00000000	0.00000000	0
SRR27862880.46501_m1	-1	4661	4811	150	0.98666667	0.01333333	0
SRR27862880.91001_m1	-1	4661	4811	150	1.00000000	0.00000000	0
SRR27862880.44001_m2	+1	4663	4814	151	1.00000000	0.00000000	0
SRR27862880.210501_m1	-1	4664	4815	151	1.00000000	0.00000000	0
SRR27862880.128001_m2	-1	4667	4817	150	1.00000000	0.00000000	0
SRR27862880.75501_m2	+1	4668	4819	151	1.00000000	0.00000000	0
SRR27862880.178501_m2	+1	4678	4827	149	1.00000000	0.00000000	0
SRR27862880.117501_m2	-1	4679	4830	151	1.00000000	0.00000000	0
SRR27862880.189501_m1	+1	4679	4830	151	1.00000000	0.00000000	0
SRR27862880.78501_m2	+1	4688	4839	151	1.00000000	0.00000000	0
SRR27862880.111501_m1	+1	4689	4840	151	1.00000000	0.00000000	0
SRR27862880.140501_m2	+1	4690	4841	151	1.00000000	0.00000000	0
SRR27862880.183501_m1	-1	4697	4848	151	1.00000000	0.00000000	0
SRR27862880.248001_m2	-1	4701	4852	151	1.00000000	0.00000000	0
SRR27862880.223501_m1	-1	4708	4859	151	1.00000000	0.00000000	0
SRR27862880.235501_m1	-1	4712	4863	151	1.00000000	0.00000000	0
SRR27862880.22001_m1	-1	4716	4865	149	1.00000000	0.00000000	0
SRR27862880.159001_m2	-1	4722	4873	151	1.00000000	0.00000000	0
SRR27862880.88501_m1	+1	4723	4874	151	1.00000000	0.00000000	0
SRR27862880.242501_m2	-1	4739	4890	151	1.00000000	0.00000000	0
SRR27862880.192001_m1	+1	4741	4892	151	1.00000000	0.00000000	0
SRR27862880.57001_m1	+1	4743	4894	151	1.00000000	0.00000000	0
SRR27862880.60501_m2	+1	4748	4898	150	1.00000000	0.00000000	0
SRR27862880.158001_m2	+1	4753	4903	150	1.00000000	0.00000000	0
SRR27862880.174001_m2	-1	4757	4908	151	1.00000000	0.00000000	0
SRR27862880.145001_m1	+1	4766	4917	151	1.00000000	0.00000000	0
SRR27862880.30501_m2	+1	4767	4917	150	1.00000000	0.00000000	0
SRR27862880.185501_m1	+1	4770	4920	150	1.00000000	0.00000000	0
SRR27862880.113501_m2	+1	4776	4927	151	1.00000000	0.00000000	0
SRR27862880.144501_m2	-1	4777	4928	151	1.00000000	0.00000000	0
SRR27862880.10501_m1	-1	4780	4931	151	1.00000000	0.00000000	0
SRR27862880.101001_m2	-1	4784	4933	149	1.00000000	0.00000000	0
SRR27862880.181501_m2	+1	4795	4945	150	1.00000000	0.00000000	0
SRR27862880.211001_m2	+1	4813	4963	150	1.00000000	0.00000000	0
SRR27862880.113501_m1	-1	4817	4968	151	1.00000000	0.00000000	0
SRR27862880.116501_m1	-1	4834	4985	151	1.00000000	0.00000000	0
SRR27862880.75001_m2	-1	4834	4985	151	1.00000000	0.00000000	0
SRR27862880.44001_m1	-1	4837	4988	151	1.00000000	0.00000000	0
SRR27862880.129001_m1	-1	4839	4990	151	1.00000000	0.00000000	0
SRR27862880.150501_m2	+1	4839	4991	152	0.99342105	0.00657895	0
SRR27862880.25501_m1	+1	4839	4987	148	1.00000000	0.00000000	0
SRR27862880.25501_m2	-1	4839	4987	148	1.00000000	0.00000000	0
SRR27862880.26501_m1	-1	4844	4995	151	1.00000000	0.00000000	0
SRR27862880.32501_m1	+1	4844	4995	151	1.00000000	0.00000000	0
SRR27862880.219501_m1	+1	4852	5003	151	1.00000000	0.00000000	0
SRR27862880.141001_m1	+1	4861	5012	151	1.00000000	0.00000000	0
SRR27862880.204501_m2	-1	4863	5012	149	1.00000000	0.00000000	0
SRR27862880.75501_m1	-1	4864	5015	151	1.00000000	0.00000000	0
SRR27862880.182001_m2	+1	4866	5016	150	1.00000000	0.00000000	0
SRR27862880.237501_m2	+1	4869	5019	150	1.00000000	0.00000000	0
SRR27862880.143501_m2	+1	4870	5021	151	1.00000000	0.00000000	0
SRR27862880.130501_m1	+1	4883	5034	151	1.00000000	0.00000000	0
SRR27862880.140501_m1	-1	4883	5033	150	1.00000000	0.00000000	0
SRR27862880.138501_m2	+1	4888	5035	147	0.99319728	0.00680272	0
SRR27862880.178501_m1	-1	4889	5040	151	1.00000000	0.00000000	0
SRR27862880.179001_m1	+1	4891	5042	151	1.00000000	0.00000000	0
SRR27862880.187001_m1	+1	4901	5052	151	1.00000000	0.00000000	0
SRR27862880.177501_m2	+1	4908	5058	150	0.99333333	0.00666667	0
SRR27862880.230001_m1	+1	4911	5062	151	1.00000000	0.00000000	0
SRR27862880.173501_m2	+1	4912	5062	150	1.00000000	0.00000000	0
SRR27862880.111501_m2	-1	4915	5064	149	1.00000000	0.00000000	0
SRR27862880.189501_m2	-1	4915	5063	148	1.00000000	0.00000000	0
SRR27862880.9001_m1	+1	4946	5096	150	1.00000000	0.00000000	0
SRR27862880.158001_m1	-1	4947	5098	151	1.00000000	0.00000000	0
SRR27862880.88501_m2	-1	4947	5097	150	1.00000000	0.00000000	0
SRR27862880.60501_m1	-1	4949	5100	151	0.99337748	0.00662252	0
SRR27862880.78501_m1	-1	4954	5104	150	1.00000000	0.00000000	0
SRR27862880.30501_m1	-1	4956	5107	151	1.00000000	0.00000000	0
SRR27862880.69501_m1	+1	4960	5111	151	1.00000000	0.00000000	0
SRR27862880.207501_m2	+1	4964	5114	150	1.00000000	0.00000000	0
SRR27862880.57001_m2	-1	4967	5118	151	1.00000000	0.00000000	0
SRR27862880.185501_m2	-1	4968	5119	151	1.00000000	0.00000000	0
SRR27862880.109501_m1	+1	4972	5123	151	1.00000000	0.00000000	0
SRR27862880.195501_m2	+1	4972	5122	150	1.00000000	0.00000000	0
SRR27862880.192001_m2	-1	4975	5125	150	1.00000000	0.00000000	0
SRR27862880.134501_m2	+1	4978	5126	148	1.00000000	0.00000000	0
SRR27862880.181501_m1	-1	4982	5131	149	1.00000000	0.00000000	0
SRR27862880.145501_m1	+1	4985	5135	150	1.00000000	0.00000000	0
SRR27862880.159501_m1	+1	5006	5156	150	1.00000000	0.00000000	0
SRR27862880.164501_m2	+1	5007	5157	150	1.00000000	0.00000000	0
SRR27862880.145001_m2	-1	5016	5167	151	1.00000000	0.00000000	0
SRR27862880.81001_m2	+1	5017	5167	150	1.00000000	0.00000000	0
SRR27862880.171001_m2	+1	5018	5168	150	1.00000000	0.00000000	0
SRR27862880.40501_m1	+1	5018	5168	150	1.00000000	0.00000000	0
SRR27862880.179001_m2	-1	5024	5174	150	1.00000000	0.00000000	0
SRR27862880.150001_m2	+1	5025	5175	150	1.00000000	0.00000000	0
SRR27862880.211001_m1	-1	5034	5185	151	1.00000000	0.00000000	0
SRR27862880.150501_m1	-1	5062	5213	151	1.00000000	0.00000000	0
SRR27862880.67001_m1	+1	5075	5225	150	1.00000000	0.00000000	0
SRR27862880.182001_m1	-1	5079	5230	151	1.00000000	0.00000000	0
SRR27862880.130501_m2	-1	5081	5231	150	0.99333333	0.00666667	0
SRR27862880.143501_m1	-1	5085	5234	149	1.00000000	0.00000000	0
SRR27862880.219501_m2	-1	5085	5235	150	0.99333333	0.00666667	0
SRR27862880.249001_m1	+1	5093	5244	151	1.00000000	0.00000000	0
SRR27862880.81001_m1	-1	5095	5246	151	1.00000000	0.00000000	0
SRR27862880.141001_m2	-1	5096	5247	151	1.00000000	0.00000000	0
SRR27862880.121001_m1	+1	5100	5250	150	1.00000000	0.00000000	0
SRR27862880.237501_m1	-1	5107	5258	151	1.00000000	0.00000000	0
SRR27862880.32501_m2	-1	5107	5257	150	1.00000000	0.00000000	0
SRR27862880.230001_m2	-1	5109	5258	149	1.00000000	0.00000000	0
SRR27862880.218501_m1	+1	5114	5260	146	0.93150685	0.06849315	0
SRR27862880.138501_m1	-1	5119	5270	151	1.00000000	0.00000000	0
SRR27862880.173501_m1	-1	5122	5272	150	1.00000000	0.00000000	0
SRR27862880.177501_m1	-1	5127	5278	151	1.00000000	0.00000000	0
SRR27862880.35001_m1	+1	5131	5282	151	1.00000000	0.00000000	0
SRR27862880.187001_m2	-1	5141	5291	150	1.00000000	0.00000000	0
SRR27862880.81501_m2	+1	5154	5303	149	1.00000000	0.00000000	0
SRR27862880.69501_m2	-1	5174	5325	151	1.00000000	0.00000000	0
SRR27862880.182501_m2	+1	5176	5326	150	1.00000000	0.00000000	0
SRR27862880.145501_m2	-1	5179	5327	148	1.00000000	0.00000000	0
SRR27862880.151001_m2	+1	5184	5335	151	1.00000000	0.00000000	0
SRR27862880.109501_m2	-1	5187	5338	151	1.00000000	0.00000000	0
SRR27862880.107001_m1	+1	5193	5344	151	1.00000000	0.00000000	0
SRR27862880.20001_m1	+1	5196	5347	151	1.00000000	0.00000000	0
SRR27862880.9001_m2	-1	5206	5355	149	1.00000000	0.00000000	0
SRR27862880.134501_m1	-1	5209	5360	151	1.00000000	0.00000000	0
SRR27862880.122501_m2	+1	5216	5366	150	1.00000000	0.00000000	0
SRR27862880.164501_m1	-1	5218	5369	151	1.00000000	0.00000000	0
SRR27862880.150001_m1	-1	5219	5370	151	1.00000000	0.00000000	0
SRR27862880.195501_m1	-1	5221	5372	151	1.00000000	0.00000000	0
SRR27862880.207501_m1	-1	5221	5372	151	1.00000000	0.00000000	0
SRR27862880.159501_m2	-1	5222	5371	149	1.00000000	0.00000000	0
SRR27862880.181001_m1	+1	5222	5373	151	1.00000000	0.00000000	0
SRR27862880.122001_m1	+1	5230	5381	151	1.00000000	0.00000000	0
SRR27862880.153001_m1	+1	5234	5385	151	1.00000000	0.00000000	0
SRR27862880.183001_m1	+1	5238	5387	149	1.00000000	0.00000000	1
SRR27862880.131001_m1	+1	5247	5398	151	1.00000000	0.00000000	60
SRR27862880.171001_m1	-1	5247	5398	151	1.00000000	0.00000000	60
SRR27862880.40501_m2	-1	5250	5400	150	0.99333333	0.00666667	60
SRR27862880.77501_m1	+1	5260	5409	149	1.00000000	0.00000000	60
SRR27862880.122501_m1	-1	5290	5440	150	1.00000000	0.00000000	60
SRR27862880.67001_m2	-1	5294	5444	150	0.98666667	0.01333333	60
SRR27862880.194001_m1	+1	5297	5447	150	1.00000000	0.00000000	60
SRR27862880.126001_m1	+1	5300	5451	151	0.98675497	0.01324503	60
SRR27862880.184501_m1	+1	5300	5451	151	1.00000000	0.00000000	60
SRR27862880.3001_m1	+1	5308	5459	151	1.00000000	0.00000000	60
SRR27862880.221501_m1	+1	5319	5470	151	1.00000000	0.00000000	60
SRR27862880.121001_m2	-1	5326	5475	149	1.00000000	0.00000000	60
SRR27862880.233501_m2	+1	5326	5477	151	1.00000000	0.00000000	60
SRR27862880.104501_m1	+1	5328	5479	151	1.00000000	0.00000000	60
SRR27862880.35001_m2	-1	5335	5482	147	1.00000000	0.00000000	60
SRR27862880.130001_m1	+1	5342	5492	150	1.00000000	0.00000000	60
SRR27862880.130001_m2	-1	5345	5495	150	1.00000000	0.00000000	60
SRR27862880.85001_m2	+1	5346	5497	151	1.00000000	0.00000000	60
SRR27862880.184501_m2	-1	5356	5507	151	1.00000000	0.00000000	51
SRR27862880.81501_m1	-1	5356	5507	151	1.00000000	0.00000000	51
SRR27862880.138001_m2	+1	5368	5518	150	1.00000000	0.00000000	60
SRR27862880.6001_m2	+1	5369	5520	151	1.00000000	0.00000000	60
SRR27862880.19501_m1	+1	5379	5530	151	1.00000000	0.00000000	35
SRR27862880.183001_m2	-1	5385	5536	151	1.00000000	0.00000000	1
