case,count_penalty,degree_penalty,reward_scale,seed,energy,true_energy,energy_gap,ground_hit,valid_edge_path,selected_edge_count,edge_count_violation,in_degree_violations,out_degree_violations,selected_adjacent_correct,selected_jump_correct,selected_wrong,anneal_sec,total_sec
1,80.0,105.0,20.0,40,-528.0,-680.0,152.0,False,False,33,1,0,0,23,10,0,8.00869326599991,8.010245566000094
2,80.0,105.0,20.0,41,-556.0,-680.0,124.0,False,False,33,1,0,0,30,3,0,5.110233540999843,5.127817742000161
3,80.0,105.0,20.0,42,-680.0,-680.0,0.0,True,True,34,0,0,0,34,0,0,5.077635144000169,5.07965454400005
4,80.0,105.0,20.0,43,-680.0,-680.0,0.0,True,True,34,0,0,0,34,0,0,5.07061564300011,5.073414443000047
5,80.0,105.0,20.0,44,-576.0,-680.0,104.0,False,False,33,1,0,0,32,1,0,5.196900423999978,5.199606223999808
6,80.0,105.0,20.0,45,-508.0,-680.0,172.0,False,False,33,1,0,0,18,15,0,5.112544673999992,5.114594473999887
7,80.0,105.0,20.0,46,-520.0,-680.0,160.0,False,False,33,1,0,0,23,10,0,5.116331315000025,5.1189705149997735
8,80.0,105.0,20.0,47,-568.0,-680.0,112.0,False,False,33,1,0,0,31,2,0,5.180723628000123,5.198284629
9,80.0,105.0,20.0,48,-516.0,-680.0,164.0,False,False,33,1,0,0,23,10,0,5.117154692999975,5.119163393999997
10,80.0,105.0,20.0,49,-556.0,-680.0,124.0,False,False,33,1,0,0,30,3,0,5.023390049,5.0261288480000985
11,80.0,110.0,20.0,40,-520.0,-680.0,160.0,False,False,33,1,0,0,26,7,0,5.00937617600016,5.012068875000068
12,80.0,110.0,20.0,41,-572.0,-680.0,108.0,False,False,33,1,0,0,31,2,0,5.1064176930001395,5.108939692999911
13,80.0,110.0,20.0,42,-528.0,-680.0,152.0,False,False,33,1,0,0,24,9,0,5.1707097319999775,5.172775232000049
14,80.0,110.0,20.0,43,-508.0,-680.0,172.0,False,False,33,1,0,0,22,11,0,5.167289398000094,5.1851507989999845
15,80.0,110.0,20.0,44,-572.0,-680.0,108.0,False,False,33,1,0,0,31,2,0,5.111257341000055,5.114524641999878
16,80.0,110.0,20.0,45,-548.0,-680.0,132.0,False,False,33,1,0,0,27,6,0,5.088566722999985,5.091852023000001
17,80.0,110.0,20.0,46,-488.0,-680.0,192.0,False,False,33,1,0,0,19,14,0,5.0678296569999475,5.07037735699987
18,80.0,110.0,20.0,47,-524.0,-680.0,156.0,False,False,33,1,0,0,26,7,0,5.144673705000059,5.147345804999986
19,80.0,110.0,20.0,48,-560.0,-680.0,120.0,False,False,33,1,0,0,30,3,0,5.124299285000006,5.1264830860000075
20,80.0,110.0,20.0,49,-680.0,-680.0,0.0,True,True,34,0,0,0,34,0,0,5.046298248000085,5.064926749000051
21,80.0,115.0,20.0,40,-520.0,-680.0,160.0,False,False,33,1,0,0,24,9,0,5.050456711000152,5.052520410999932
22,80.0,115.0,20.0,41,-528.0,-680.0,152.0,False,False,33,1,0,0,24,9,0,5.031825320000053,5.033842120000145
23,80.0,115.0,20.0,42,-520.0,-680.0,160.0,False,False,33,1,0,0,22,11,0,5.060061114999826,5.062782316000039
24,80.0,115.0,20.0,43,-488.0,-680.0,192.0,False,False,33,1,0,0,17,16,0,5.021425055999998,5.024321456000052
25,80.0,115.0,20.0,44,-572.0,-680.0,108.0,False,False,33,1,0,0,31,2,0,5.23315856399995,5.235680664000029
26,80.0,115.0,20.0,45,-572.0,-680.0,108.0,False,False,33,1,0,0,31,2,0,5.113443914999834,5.1318280119999145
27,80.0,115.0,20.0,46,-528.0,-680.0,152.0,False,False,33,1,0,0,24,9,0,5.0818421540000145,5.084494554000003
28,80.0,115.0,20.0,47,-492.0,-680.0,188.0,False,False,33,1,0,0,22,11,0,5.166210852000177,5.169313551999949
29,80.0,115.0,20.0,48,-516.0,-680.0,164.0,False,False,33,1,0,0,22,11,0,5.215938648000019,5.21902954799998
30,80.0,115.0,20.0,49,-492.0,-680.0,188.0,False,False,33,1,0,0,21,12,0,5.14453054899991,5.147466948999863
31,80.0,120.0,20.0,40,-508.0,-680.0,172.0,False,False,33,1,0,0,22,11,0,5.0560877630000505,5.058278963000021
32,80.0,120.0,20.0,41,-520.0,-680.0,160.0,False,False,33,1,0,0,22,11,0,5.071834888999774,5.0909721860000445
33,80.0,120.0,20.0,42,-524.0,-680.0,156.0,False,False,33,1,0,0,25,8,0,5.138379078000071,5.140468377999696
34,80.0,120.0,20.0,43,-492.0,-680.0,188.0,False,False,33,1,0,0,20,13,0,5.043059664000339,5.045201063999684
35,80.0,120.0,20.0,44,-484.0,-680.0,196.0,False,False,33,1,0,0,17,16,0,5.099781879999682,5.102014280000276
36,80.0,120.0,20.0,45,-508.0,-680.0,172.0,False,False,33,1,0,0,22,11,0,5.054462233999857,5.057437633999598
37,80.0,120.0,20.0,46,-548.0,-680.0,132.0,False,False,33,1,0,0,28,5,0,5.083312980000301,5.0857503799998085
38,80.0,120.0,20.0,47,-496.0,-680.0,184.0,False,False,33,1,0,0,19,14,0,5.1028765010000825,5.1206491999996615
39,80.0,120.0,20.0,48,-476.0,-680.0,204.0,False,False,33,1,0,0,15,18,0,5.054815657999825,5.057534758000202
40,80.0,120.0,20.0,49,-520.0,-680.0,160.0,False,False,33,1,0,0,25,8,0,5.119457728999805,5.122339729000032
41,80.0,125.0,20.0,40,-524.0,-680.0,156.0,False,False,33,1,0,0,25,8,0,5.034422364999955,5.036518965000141
42,80.0,125.0,20.0,41,-540.0,-680.0,140.0,False,False,33,1,0,0,25,8,0,5.174107574000118,5.176899374000186
43,80.0,125.0,20.0,42,-504.0,-680.0,176.0,False,False,33,1,0,0,23,10,0,5.202672648000316,5.204932447999909
44,80.0,125.0,20.0,43,-524.0,-680.0,156.0,False,False,33,1,0,0,26,7,0,5.070018959000208,5.087577058000079
45,80.0,125.0,20.0,44,-480.0,-680.0,200.0,False,False,33,1,0,0,16,17,0,5.052788193000197,5.05572739299987
46,80.0,125.0,20.0,45,-520.0,-680.0,160.0,False,False,33,1,0,0,24,9,0,5.056571816000087,5.0591417159998855
47,80.0,125.0,20.0,46,-516.0,-680.0,164.0,False,False,33,1,0,0,23,10,0,5.098327584999879,5.10047008499987
48,80.0,125.0,20.0,47,-556.0,-680.0,124.0,False,False,33,1,0,0,29,4,0,5.44075946699968,5.442844267000055
49,80.0,125.0,20.0,48,-512.0,-680.0,168.0,False,False,33,1,0,0,21,12,0,5.0904338160003135,5.093506415999855
50,80.0,125.0,20.0,49,-544.0,-680.0,136.0,False,False,33,1,0,0,25,8,0,5.113313425999877,5.1324892259999615
51,80.0,130.0,20.0,40,-480.0,-680.0,200.0,False,False,33,1,0,0,16,17,0,5.1036012340000525,5.1060414339999625
52,80.0,130.0,20.0,41,-516.0,-680.0,164.0,False,False,33,1,0,0,20,13,0,5.10903842100015,5.1117512209998495
53,80.0,130.0,20.0,42,-492.0,-680.0,188.0,False,False,33,1,0,0,22,11,0,5.095031121999909,5.098583922000216
54,80.0,130.0,20.0,43,-492.0,-680.0,188.0,False,False,33,1,0,0,21,12,0,5.157674523999958,5.160674623999967
55,80.0,130.0,20.0,44,-508.0,-680.0,172.0,False,False,33,1,0,0,22,11,0,5.1652629109999,5.167377610999665
56,80.0,130.0,20.0,45,-524.0,-680.0,156.0,False,False,33,1,0,0,25,8,0,5.072990932999801,5.090596433999963
57,80.0,130.0,20.0,46,-528.0,-680.0,152.0,False,False,33,1,0,0,25,8,0,5.162762462000046,5.165056561999791
58,80.0,130.0,20.0,47,-504.0,-680.0,176.0,False,False,33,1,0,0,24,9,0,5.213865554999757,5.216977154000233
59,80.0,130.0,20.0,48,-492.0,-680.0,188.0,False,False,33,1,0,0,18,15,0,5.196957344999646,5.199085045000174
60,80.0,130.0,20.0,49,-680.0,-680.0,0.0,True,True,34,0,0,0,34,0,0,5.46055457500006,5.463089174999823
61,100.0,105.0,20.0,40,-547.0,-680.0,133.0,False,False,34,0,1,0,30,4,0,5.09954609200031,5.102103793000424
62,100.0,105.0,20.0,41,-511.0,-680.0,169.0,False,False,34,0,0,1,21,13,0,5.305479838000338,5.325219937999918
63,100.0,105.0,20.0,42,-543.0,-680.0,137.0,False,False,34,0,0,1,29,5,0,5.160318191999977,5.162487191999844
64,100.0,105.0,20.0,43,-515.0,-680.0,165.0,False,False,34,0,0,1,24,10,0,5.180686495000373,5.182905595000193
65,100.0,105.0,20.0,44,-491.0,-680.0,189.0,False,False,34,0,0,1,20,14,0,5.150454295000145,5.152692295000179
66,100.0,105.0,20.0,45,-499.0,-680.0,181.0,False,False,34,0,0,1,21,13,0,5.09468753200008,5.097041632000128
67,100.0,105.0,20.0,46,-543.0,-680.0,137.0,False,False,34,0,1,0,28,6,0,5.1805053220000445,5.182461022000098
68,100.0,105.0,20.0,47,-527.0,-680.0,153.0,False,False,34,0,0,1,26,8,0,5.100096852000206,5.120109451000189
69,100.0,105.0,20.0,48,-507.0,-680.0,173.0,False,False,34,0,0,1,20,14,0,5.080347420999715,5.082910721000189
70,100.0,105.0,20.0,49,-523.0,-680.0,157.0,False,False,34,0,1,0,26,8,0,5.093815120000272,5.096416919999683
71,100.0,110.0,20.0,40,-546.0,-680.0,134.0,False,False,34,0,1,0,30,4,0,5.09711951700001,5.099644417000036
72,100.0,110.0,20.0,41,-514.0,-680.0,166.0,False,False,34,0,1,0,25,9,0,5.449536071999773,5.452829172000293
73,100.0,110.0,20.0,42,-542.0,-680.0,138.0,False,False,34,0,0,1,28,6,0,5.094573254999887,5.096591954999894
74,100.0,110.0,20.0,43,-680.0,-680.0,0.0,True,True,34,0,0,0,34,0,0,5.122656335999636,5.14069613599986
75,100.0,110.0,20.0,44,-680.0,-680.0,0.0,True,True,34,0,0,0,34,0,0,5.1139970050003285,5.116025305000221
76,100.0,110.0,20.0,45,-502.0,-680.0,178.0,False,False,34,0,0,1,22,12,0,5.141440321000118,5.143506020999666
77,100.0,110.0,20.0,46,-486.0,-680.0,194.0,False,False,34,0,1,0,21,13,0,5.211678105999908,5.214171205999719
78,100.0,110.0,20.0,47,-554.0,-680.0,126.0,False,False,34,0,1,0,31,3,0,5.100908802000049,5.103604701999757
79,100.0,110.0,20.0,48,-680.0,-680.0,0.0,True,True,34,0,0,0,34,0,0,5.120422598999994,5.123010998999689
80,100.0,110.0,20.0,49,-518.0,-680.0,162.0,False,False,34,0,0,1,23,11,0,5.0979389839999385,5.116222583000308
81,100.0,115.0,20.0,40,-680.0,-680.0,0.0,True,True,34,0,0,0,34,0,0,5.1657893530000365,5.167994952999834
82,100.0,115.0,20.0,41,-680.0,-680.0,0.0,True,True,34,0,0,0,34,0,0,5.148624826000287,5.150850926000203
83,100.0,115.0,20.0,42,-549.0,-680.0,131.0,False,False,34,0,0,1,32,2,0,5.103288141999656,5.105785241999911
84,100.0,115.0,20.0,43,-680.0,-680.0,0.0,True,True,34,0,0,0,34,0,0,5.088055746000009,5.090734246000011
85,100.0,115.0,20.0,44,-557.0,-680.0,123.0,False,False,34,0,0,1,32,2,0,5.083340953000061,5.085910652999701
86,100.0,115.0,20.0,45,-680.0,-680.0,0.0,True,True,34,0,0,0,34,0,0,5.088470824000069,5.107481622999785
87,100.0,115.0,20.0,46,-680.0,-680.0,0.0,True,True,34,0,0,0,34,0,0,5.170109713999864,5.172105013999953
88,100.0,115.0,20.0,47,-680.0,-680.0,0.0,True,True,34,0,0,0,34,0,0,5.2436027990002,5.2464127989997
89,100.0,115.0,20.0,48,-680.0,-680.0,0.0,True,True,34,0,0,0,34,0,0,5.216992614999981,5.21991181400017
90,100.0,115.0,20.0,49,-680.0,-680.0,0.0,True,True,34,0,0,0,34,0,0,5.216072654000072,5.219228754000142
91,100.0,120.0,20.0,40,-680.0,-680.0,0.0,True,True,34,0,0,0,34,0,0,5.087805663000381,5.090353063000293
92,100.0,120.0,20.0,41,-680.0,-680.0,0.0,True,True,34,0,0,0,34,0,0,5.194839663000039,5.213811162999718
93,100.0,120.0,20.0,42,-680.0,-680.0,0.0,True,True,34,0,0,0,34,0,0,5.0741753809998045,5.076455881000129
94,100.0,120.0,20.0,43,-680.0,-680.0,0.0,True,True,34,0,0,0,34,0,0,5.162513923999995,5.16503422400001
95,100.0,120.0,20.0,44,-680.0,-680.0,0.0,True,True,34,0,0,0,34,0,0,5.364083615000254,5.366447015000176
96,100.0,120.0,20.0,45,-680.0,-680.0,0.0,True,True,34,0,0,0,34,0,0,5.211940860000141,5.214617459999772
97,100.0,120.0,20.0,46,-680.0,-680.0,0.0,True,True,34,0,0,0,34,0,0,5.177131703999748,5.1791044040001
98,100.0,120.0,20.0,47,-680.0,-680.0,0.0,True,True,34,0,0,0,34,0,0,5.111914105999858,5.13001330599991
99,100.0,120.0,20.0,48,-680.0,-680.0,0.0,True,True,34,0,0,0,34,0,0,5.217939409000337,5.2200941090000015
100,100.0,120.0,20.0,49,-680.0,-680.0,0.0,True,True,34,0,0,0,34,0,0,5.334110858999793,5.336595558999761
101,100.0,125.0,20.0,40,-680.0,-680.0,0.0,True,True,34,0,0,0,34,0,0,5.3797433400000045,5.381781340000089
102,100.0,125.0,20.0,41,-680.0,-680.0,0.0,True,True,34,0,0,0,34,0,0,5.109030814000107,5.11158281400003
103,100.0,125.0,20.0,42,-536.0,-680.0,144.0,False,False,33,1,0,0,29,4,0,5.073325506999936,5.075904506999905
104,100.0,125.0,20.0,43,-512.0,-680.0,168.0,False,False,33,1,0,0,26,7,0,5.188830403999873,5.207230104000246
105,100.0,125.0,20.0,44,-556.0,-680.0,124.0,False,False,33,1,0,0,32,1,0,5.141454300000078,5.1438812999999755
106,100.0,125.0,20.0,45,-524.0,-680.0,156.0,False,False,33,1,0,0,27,6,0,5.071096595000199,5.073258495000118
107,100.0,125.0,20.0,46,-532.0,-680.0,148.0,False,False,33,1,0,0,28,5,0,5.131466795000051,5.134009594999952
108,100.0,125.0,20.0,47,-680.0,-680.0,0.0,True,True,34,0,0,0,34,0,0,5.160799297999802,5.163791198000126
109,100.0,125.0,20.0,48,-508.0,-680.0,172.0,False,False,33,1,0,0,26,7,0,5.100262602999919,5.103318602999934
110,100.0,125.0,20.0,49,-524.0,-680.0,156.0,False,False,33,1,0,0,25,8,0,5.05732330400042,5.075921004000065
111,100.0,130.0,20.0,40,-492.0,-680.0,188.0,False,False,33,1,0,0,21,12,0,5.076676198999849,5.079153699000017
112,100.0,130.0,20.0,41,-492.0,-680.0,188.0,False,False,33,1,0,0,23,10,0,5.176399135999873,5.1785610360002465
113,100.0,130.0,20.0,42,-480.0,-680.0,200.0,False,False,33,1,0,0,19,14,0,5.023090385999694,5.025190085999839
114,100.0,130.0,20.0,43,-528.0,-680.0,152.0,False,False,33,1,0,0,28,5,0,5.034726070000033,5.037419570000111
115,100.0,130.0,20.0,44,-508.0,-680.0,172.0,False,False,33,1,0,0,25,8,0,5.0943196749999515,5.097092375000102
116,100.0,130.0,20.0,45,-480.0,-680.0,200.0,False,False,33,1,0,0,19,14,0,5.0121921780000775,5.029674878000151
117,100.0,130.0,20.0,46,-524.0,-680.0,156.0,False,False,33,1,0,0,27,6,0,5.083391410999866,5.085911611000029
118,100.0,130.0,20.0,47,-544.0,-680.0,136.0,False,False,33,1,0,0,29,4,0,5.01373971699968,5.016418316999989
119,100.0,130.0,20.0,48,-548.0,-680.0,132.0,False,False,33,1,0,0,30,3,0,5.259351005000099,5.26153120500021
120,100.0,130.0,20.0,49,-516.0,-680.0,164.0,False,False,33,1,0,0,25,8,0,5.160306735000177,5.162950335000005
121,120.0,105.0,20.0,40,-680.0,-680.0,0.0,True,True,34,0,0,0,34,0,0,5.119577145999756,5.121720445999927
122,120.0,105.0,20.0,41,-475.0,-680.0,205.0,False,False,34,0,0,1,19,15,0,5.021884021000005,5.038929821000238
123,120.0,105.0,20.0,42,-495.0,-680.0,185.0,False,False,34,0,1,0,20,14,0,5.0102415080000355,5.012397907999912
124,120.0,105.0,20.0,43,-479.0,-680.0,201.0,False,False,34,0,0,1,18,16,0,5.11137419600027,5.114137095999922
125,120.0,105.0,20.0,44,-519.0,-680.0,161.0,False,False,34,0,0,1,23,11,0,5.153345736000119,5.155962135999744
126,120.0,105.0,20.0,45,-511.0,-680.0,169.0,False,False,34,0,0,1,22,12,0,5.1936318230000325,5.196081522999975
127,120.0,105.0,20.0,46,-523.0,-680.0,157.0,False,False,34,0,0,1,27,7,0,5.117227501000343,5.120693200999995
128,120.0,105.0,20.0,47,-495.0,-680.0,185.0,False,False,34,0,1,0,22,12,0,5.0843456019997575,5.102304301999993
129,120.0,105.0,20.0,48,-503.0,-680.0,177.0,False,False,34,0,1,0,24,10,0,5.035309803000018,5.037303402999896
130,120.0,105.0,20.0,49,-503.0,-680.0,177.0,False,False,34,0,1,0,24,10,0,5.119664605000253,5.122229505000178
131,120.0,110.0,20.0,40,-530.0,-680.0,150.0,False,False,34,0,1,0,29,5,0,5.059270260000176,5.061682860000019
132,120.0,110.0,20.0,41,-542.0,-680.0,138.0,False,False,34,0,0,1,29,5,0,5.091989382000065,5.094166182000208
133,120.0,110.0,20.0,42,-490.0,-680.0,190.0,False,False,34,0,0,1,22,12,0,5.042745142000058,5.04489464199969
134,120.0,110.0,20.0,43,-494.0,-680.0,186.0,False,False,34,0,0,1,22,12,0,5.0407417370001895,5.0618085379996955
135,120.0,110.0,20.0,44,-490.0,-680.0,190.0,False,False,34,0,1,0,21,13,0,5.285775433999788,5.2890828339996006
136,120.0,110.0,20.0,45,-518.0,-680.0,162.0,False,False,34,0,0,1,25,9,0,5.0393442929998855,5.041513892999774
137,120.0,110.0,20.0,46,-486.0,-680.0,194.0,False,False,34,0,1,0,21,13,0,5.049708258999999,5.051933858999746
138,120.0,110.0,20.0,47,-482.0,-680.0,198.0,False,False,34,0,1,0,21,13,0,5.046788407999884,5.049222908000047
139,120.0,110.0,20.0,48,-490.0,-680.0,190.0,False,False,34,0,0,1,21,13,0,5.073012207999909,5.076063407999754
140,120.0,110.0,20.0,49,-530.0,-680.0,150.0,False,False,34,0,1,0,28,6,0,5.007362801999989,5.027548201999707
141,120.0,115.0,20.0,40,-493.0,-680.0,187.0,False,False,34,0,0,1,23,11,0,5.142666580999958,5.145101081000121
142,120.0,115.0,20.0,41,-501.0,-680.0,179.0,False,False,34,0,1,0,25,9,0,5.113683490999847,5.116026391000105
143,120.0,115.0,20.0,42,-465.0,-680.0,215.0,False,False,34,0,0,1,18,16,0,5.284660196999994,5.288022097000066
144,120.0,115.0,20.0,43,-521.0,-680.0,159.0,False,False,34,0,1,0,28,6,0,5.039825998999731,5.04200229900016
145,120.0,115.0,20.0,44,-680.0,-680.0,0.0,True,True,34,0,0,0,34,0,0,5.158476787999916,5.161897987999964
146,120.0,115.0,20.0,45,-473.0,-680.0,207.0,False,False,34,0,0,1,18,16,0,5.06623498099998,5.0840995809999185
147,120.0,115.0,20.0,46,-485.0,-680.0,195.0,False,False,34,0,0,1,20,14,0,5.0966028890002235,5.099243488999946
148,120.0,115.0,20.0,47,-529.0,-680.0,151.0,False,False,34,0,0,1,29,5,0,5.053839788999994,5.0566080889998375
149,120.0,115.0,20.0,48,-529.0,-680.0,151.0,False,False,34,0,0,1,27,7,0,5.0395878879999145,5.042174387999694
150,120.0,115.0,20.0,49,-485.0,-680.0,195.0,False,False,34,0,0,1,21,13,0,5.069781806999799,5.071818807
151,120.0,120.0,20.0,40,-516.0,-680.0,164.0,False,False,34,0,1,0,27,7,0,5.008974913000202,5.011061513000186
152,120.0,120.0,20.0,41,-516.0,-680.0,164.0,False,False,34,0,0,1,28,6,0,5.094548021999799,5.134584523000285
153,120.0,120.0,20.0,42,-516.0,-680.0,164.0,False,False,34,0,0,1,27,7,0,5.100611909000236,5.102769408999848
154,120.0,120.0,20.0,43,-460.0,-680.0,220.0,False,False,34,0,1,0,18,16,0,5.124650602000202,5.1267070019998755
155,120.0,120.0,20.0,44,-492.0,-680.0,188.0,False,False,34,0,0,1,23,11,0,5.033290302000296,5.035495701999935
156,120.0,120.0,20.0,45,-680.0,-680.0,0.0,True,True,34,0,0,0,34,0,0,5.0446106039998995,5.046815503999824
157,120.0,120.0,20.0,46,-516.0,-680.0,164.0,False,False,34,0,1,0,27,7,0,5.175292905999868,5.17780370599985
158,120.0,120.0,20.0,47,-500.0,-680.0,180.0,False,False,34,0,0,1,24,10,0,5.161073901000236,5.179372001000047
159,120.0,120.0,20.0,48,-496.0,-680.0,184.0,False,False,34,0,1,0,25,9,0,5.157802498999899,5.159827298999971
160,120.0,120.0,20.0,49,-464.0,-680.0,216.0,False,False,34,0,1,0,18,16,0,5.039362396000342,5.042397195999911
161,120.0,125.0,20.0,40,-455.0,-680.0,225.0,False,False,34,0,0,1,15,19,0,5.038850849000028,5.041410749000079
162,120.0,125.0,20.0,41,-507.0,-680.0,173.0,False,False,34,0,1,0,26,8,0,5.3986336570001185,5.400693557000068
163,120.0,125.0,20.0,42,-467.0,-680.0,213.0,False,False,34,0,0,1,20,14,0,5.017261606999909,5.019791507000264
164,120.0,125.0,20.0,43,-463.0,-680.0,217.0,False,False,34,0,0,1,19,15,0,5.016068540000106,5.034328440000081
165,120.0,125.0,20.0,44,-491.0,-680.0,189.0,False,False,34,0,0,1,25,9,0,5.031925251999837,5.034012452000297
166,120.0,125.0,20.0,45,-451.0,-680.0,229.0,False,False,34,0,1,0,18,16,0,5.040190450999944,5.0427258509998865
167,120.0,125.0,20.0,46,-519.0,-680.0,161.0,False,False,34,0,0,1,29,5,0,5.380241327000022,5.3824706270002025
168,120.0,125.0,20.0,47,-499.0,-680.0,181.0,False,False,34,0,1,0,24,10,0,5.06381791099966,5.066151011000329
169,120.0,125.0,20.0,48,-467.0,-680.0,213.0,False,False,34,0,1,0,18,16,0,5.039249188000213,5.041399388000173
170,120.0,125.0,20.0,49,-680.0,-680.0,0.0,True,True,34,0,0,0,34,0,0,5.050027060000048,5.069314060000124
171,120.0,130.0,20.0,40,-458.0,-680.0,222.0,False,False,34,0,1,0,20,14,0,5.1751382259999446,5.177262926000367
172,120.0,130.0,20.0,41,-526.0,-680.0,154.0,False,False,34,0,0,1,30,4,0,5.025113415000305,5.027382814999783
173,120.0,130.0,20.0,42,-526.0,-680.0,154.0,False,False,34,0,0,1,31,3,0,5.046627213000193,5.048756212999706
174,120.0,130.0,20.0,43,-522.0,-680.0,158.0,False,False,34,0,0,1,29,5,0,5.020178611000119,5.023448611000276
175,120.0,130.0,20.0,44,-490.0,-680.0,190.0,False,False,34,0,1,0,23,11,0,5.117119065999759,5.119525665999845
176,120.0,130.0,20.0,45,-470.0,-680.0,210.0,False,False,34,0,1,0,20,14,0,5.040716176999922,5.059521577999931
177,120.0,130.0,20.0,46,-522.0,-680.0,158.0,False,False,34,0,1,0,29,5,0,5.168752009999935,5.170765310000206
178,120.0,130.0,20.0,47,-680.0,-680.0,0.0,True,True,34,0,0,0,34,0,0,5.103173700999832,5.10525380099989
179,120.0,130.0,20.0,48,-478.0,-680.0,202.0,False,False,34,0,0,1,24,10,0,5.097880393000196,5.100140492999799
180,120.0,130.0,20.0,49,-490.0,-680.0,190.0,False,False,34,0,0,1,25,9,0,5.092789910000192,5.0950020099999165
