case,model,reads_used,candidate_edges,qubo_variables,quadratic_terms,path_count_penalty,degree_penalty,reward_scale,seed,energy,true_energy,energy_gap,ground_hit,valid_layout,selected_edge_count,selected_source_count,selected_sink_count,edge_count_violation,in_degree_violations,out_degree_violations,read_in_constraint_violations,read_out_constraint_violations,void_in_constraint_violation,void_out_constraint_violation,selected_adjacent_correct,selected_jump_correct,selected_wrong,adjacent_recall,build_sec,anneal_sec,total_sec
1,path,100,395,395,77815,40.0,60.0,20.0,40,-1792.0,-1980.0,188.0,False,False,98,,,1,0,0,,,,,79,19,0,0.797979797979798,0.02223150000000018,23.165986563000004,23.188460463
2,path,100,395,395,77815,40.0,80.0,20.0,40,-1568.0,-1980.0,412.0,False,False,98,,,1,0,0,,,,,41,57,0,0.41414141414141414,0.036690710999998544,17.101462541000004,17.138486152
3,path,100,395,395,77815,40.0,100.0,20.0,40,-1580.0,-1980.0,400.0,False,False,98,,,1,0,0,,,,,44,54,0,0.4444444444444444,0.03603820499999699,17.289640815999995,17.325924420999996
4,path,100,395,395,77815,50.0,60.0,20.0,40,-1892.0,-1980.0,88.0,False,False,99,,,0,0,1,,,,,93,6,0,0.9393939393939394,0.03568779600000482,17.456069963000004,17.491954459
5,path,100,395,395,77815,50.0,80.0,20.0,40,-1606.0,-1980.0,374.0,False,False,98,,,1,1,0,,,,,63,35,0,0.6363636363636364,0.03705490000000111,17.520546553999992,17.557812654000003
6,path,100,395,395,77815,50.0,100.0,20.0,40,-1442.0,-1980.0,538.0,False,False,98,,,1,1,0,,,,,39,59,0,0.3939393939393939,0.03958790100000442,17.232544913999988,17.272351015000012
7,path,100,395,395,77815,60.0,60.0,20.0,40,-1744.0,-1980.0,236.0,False,False,99,,,0,1,1,,,,,78,21,0,0.7878787878787878,0.03630669600002534,17.666173428999997,17.702667425000016
8,path,100,395,395,77815,60.0,80.0,20.0,40,-1892.0,-1980.0,88.0,False,False,98,,,1,0,0,,,,,97,1,0,0.9797979797979798,0.03535969999998656,17.91318850900001,17.948748008999985
9,path,100,395,395,77815,60.0,100.0,20.0,40,-1556.0,-1980.0,424.0,False,False,98,,,1,0,0,,,,,43,55,0,0.43434343434343436,0.0359905939999976,28.583851234999997,28.62005732900002
10,path,100,395,395,77815,70.0,60.0,20.0,40,-1716.0,-1980.0,264.0,False,False,99,,,0,1,1,,,,,77,22,0,0.7777777777777778,0.03608990099999687,17.504320932000013,17.54059403299999
11,path,100,395,395,77815,70.0,80.0,20.0,40,-1556.0,-1980.0,424.0,False,False,99,,,0,0,2,,,,,58,41,0,0.5858585858585859,0.035401201000013316,19.49915213,19.534745431000005
12,path,100,395,395,77815,70.0,100.0,20.0,40,-1590.0,-1980.0,390.0,False,False,98,,,1,0,0,,,,,54,44,0,0.5454545454545454,0.036310998999994126,17.85254789200002,17.88903879099999
13,cycle,100,395,595,11890,,20.0,20.0,40,-1896.0,-1980.0,84.0,False,False,101,1,1,,2,2,2,2,0,0,92,9,0,0.9292929292929293,0.004423900000006142,20.01423560699999,20.01901220700003
14,cycle,100,395,595,11890,,40.0,20.0,40,-1684.0,-1980.0,296.0,False,False,100,1,1,,1,1,1,1,0,0,63,37,0,0.6363636363636364,0.004611400999976922,21.087553402000026,21.092470003000017
15,cycle,100,395,595,11890,,60.0,20.0,40,-1564.0,-1980.0,416.0,False,False,100,1,1,,1,1,1,1,0,0,48,52,0,0.48484848484848486,0.0038804999999797474,20.59696391,20.60121011000001
16,cycle,100,395,595,11890,,80.0,20.0,40,-1540.0,-1980.0,440.0,False,False,101,1,1,,2,2,2,2,0,0,78,23,0,0.7878787878787878,0.004727500000001328,21.659576162999997,21.664604962999988
17,cycle,100,395,595,11890,,100.0,20.0,40,-1452.0,-1980.0,528.0,False,False,100,1,1,,1,1,1,1,0,0,53,47,0,0.5353535353535354,0.003920600000014929,21.105289886000037,21.109500486
18,cycle,100,395,595,11890,,120.0,20.0,40,-1444.0,-1980.0,536.0,False,False,100,1,1,,1,1,1,1,0,0,54,46,0,0.5454545454545454,0.004053599999963353,20.832262722999985,20.836615423000012
19,cycle,100,395,595,11890,,160.0,20.0,40,-1348.0,-1980.0,632.0,False,False,100,1,1,,1,1,1,1,0,0,44,56,0,0.4444444444444444,0.004131800000038766,20.918794896999998,20.923225296999988
20,path,100,395,395,77815,40.0,60.0,20.0,41,-1980.0,-1980.0,0.0,True,True,99,,,0,0,0,,,,,99,0,0,1.0,0.017463299999974424,23.684393078000028,23.70205667800002
21,path,100,395,395,77815,40.0,80.0,20.0,41,-1584.0,-1980.0,396.0,False,False,98,,,1,2,0,,,,,71,27,0,0.7171717171717171,0.0368869999999788,17.208283440000002,17.245371739999996
22,path,100,395,395,77815,40.0,100.0,20.0,41,-1592.0,-1980.0,388.0,False,False,98,,,1,0,0,,,,,47,51,0,0.47474747474747475,0.03792359999999917,17.142131680999967,17.18023938099998
23,path,100,395,395,77815,50.0,60.0,20.0,41,-1668.0,-1980.0,312.0,False,False,99,,,0,1,0,,,,,56,43,0,0.5656565656565656,0.03689159999998992,17.393981328999985,17.43105712900001
24,path,100,395,395,77815,50.0,80.0,20.0,41,-1610.0,-1980.0,370.0,False,False,98,,,1,0,0,,,,,50,48,0,0.5050505050505051,0.038531799999987015,18.395711361999986,18.434442161999982
25,path,100,395,395,77815,50.0,100.0,20.0,41,-1582.0,-1980.0,398.0,False,False,98,,,1,0,0,,,,,50,48,0,0.5050505050505051,0.03966530000002422,17.174590284999965,17.21443828500003
26,path,100,395,395,77815,60.0,60.0,20.0,41,-1728.0,-1980.0,252.0,False,False,99,,,0,0,2,,,,,79,20,0,0.797979797979798,0.03996949999998378,17.536755072000062,17.576906972000018
27,path,100,395,395,77815,60.0,80.0,20.0,41,-1732.0,-1980.0,248.0,False,False,98,,,1,0,0,,,,,71,27,0,0.7171717171717171,0.038623200000074576,17.402227491999952,17.44103429200004
28,path,100,395,395,77815,60.0,100.0,20.0,41,-1544.0,-1980.0,436.0,False,False,98,,,1,0,0,,,,,46,52,0,0.46464646464646464,0.038411201000030815,17.125913075000085,17.164523275999954
29,path,100,395,395,77815,70.0,60.0,20.0,41,-1680.0,-1980.0,300.0,False,False,99,,,0,1,1,,,,,71,28,0,0.7171717171717171,0.04264879999993809,17.483709567000005,17.52656626700002
30,path,100,395,395,77815,70.0,80.0,20.0,41,-1600.0,-1980.0,380.0,False,False,99,,,0,1,1,,,,,69,30,0,0.696969696969697,0.039713500000061686,17.341158964999977,17.381073864999962
31,path,100,395,395,77815,70.0,100.0,20.0,41,-1634.0,-1980.0,346.0,False,False,98,,,1,0,0,,,,,59,39,0,0.5959595959595959,0.03675999999995838,17.17511161799996,17.212052717999995
32,cycle,100,395,595,11890,,20.0,20.0,41,-1980.0,-1980.0,0.0,True,True,99,1,1,,0,0,0,0,0,0,99,0,0,1.0,0.003499300000044059,20.645568744000002,20.64939954400006
33,cycle,100,395,595,11890,,40.0,20.0,41,-1620.0,-1980.0,360.0,False,False,100,1,1,,1,1,1,1,0,0,51,49,0,0.5151515151515151,0.003386599999998907,27.012378745999968,27.01622504599993
34,cycle,100,395,595,11890,,60.0,20.0,41,-1660.0,-1980.0,320.0,False,False,100,1,1,,1,1,1,1,0,0,64,36,0,0.6464646464646465,0.0035483000000340326,24.87027441600003,24.87411471600001
35,cycle,100,395,595,11890,,80.0,20.0,41,-1524.0,-1980.0,456.0,False,False,100,1,1,,1,1,1,1,0,0,57,43,0,0.5757575757575758,0.003375499999947351,34.50569657699998,34.50939997699993
36,cycle,100,395,595,11890,,100.0,20.0,41,-1504.0,-1980.0,476.0,False,False,100,1,1,,1,1,1,1,0,0,53,47,0,0.5353535353535354,0.007117699999980687,69.77872798500005,69.78615438500003
37,cycle,100,395,595,11890,,120.0,20.0,41,-1460.0,-1980.0,520.0,False,False,100,1,1,,1,1,1,1,0,0,51,49,0,0.5151515151515151,0.007860300000061216,67.40108988700001,67.40930338700002
38,cycle,100,395,595,11890,,160.0,20.0,41,-1340.0,-1980.0,640.0,False,False,100,1,1,,1,1,1,1,0,0,48,52,0,0.48484848484848486,0.005266899999924135,67.58280843900002,67.58837703899997
