case,status,reads_used,edge_limit,candidate_edges,qubo_variables,quadratic_terms,degree_penalty,length_target,length_penalty,gc_target_fraction,gc_penalty,mi_reward_scale,mi_score_mode,overlap_gc_method,backend,seed,energy,true_path_available,true_path_energy,energy_gap,ground_hit,valid_edge_path,single_path_layout,selected_edge_count,edge_count_violation,in_degree_violations,out_degree_violations,hard_violation,selected_adjacent_correct,selected_jump_correct,selected_wrong,anneal_sec,total_sec
1,ok,70,all,275,275,37675,80.0,37500.0,5e-07,0.65,0.0,0.0,mi,average,openjij-sqa,40,0.0,True,0.0,0.0,True,True,True,69,0,0,0,0,69,0,0,15.164455110999938,15.188317211000026
2,ok,70,all,275,275,37675,80.0,37500.0,5e-07,0.65,0.0,0.0,mi,average,openjij-sqa,41,0.0,True,0.0,0.0,True,True,True,69,0,0,0,0,69,0,0,12.646973414000058,12.671885514999985
3,ok,70,all,275,275,37675,80.0,37500.0,5e-07,0.65,0.0,0.01,mi,average,openjij-sqa,40,-1725.0,True,-1725.0,0.0,True,True,True,69,0,0,0,0,69,0,0,12.312411397000005,12.339993396999944
4,ok,70,all,275,275,37675,80.0,37500.0,5e-07,0.65,0.0,0.01,mi,average,openjij-sqa,41,-1725.0,True,-1725.0,0.0,True,True,True,69,0,0,0,0,69,0,0,12.490510073999985,12.51608287299996
5,ok,70,all,275,275,37675,80.0,37500.0,5e-07,0.65,0.0001,0.0,mi,average,openjij-sqa,40,4.656612873077393e-10,True,-1.254818471352337e-10,5.91143134442973e-10,True,True,True,69,0,0,0,0,69,0,0,12.218966171000034,12.32682477000003
6,ok,70,all,275,275,37675,80.0,37500.0,5e-07,0.65,0.0001,0.0,mi,average,openjij-sqa,41,4.656612873077393e-10,True,-1.254818471352337e-10,5.91143134442973e-10,True,True,True,69,0,0,0,0,69,0,0,12.734301587000004,12.843857286000002
7,ok,70,all,275,275,37675,80.0,37500.0,5e-07,0.65,0.0001,0.01,mi,average,openjij-sqa,40,-1724.9999999995343,True,-1725.000000000152,6.177742761792615e-10,True,True,True,69,0,0,0,0,69,0,0,12.503093141000022,12.638520165000045
8,ok,70,all,275,275,37675,80.0,37500.0,5e-07,0.65,0.0001,0.01,mi,average,openjij-sqa,41,-1724.9999999995343,True,-1725.000000000152,6.177742761792615e-10,True,True,True,69,0,0,0,0,69,0,0,12.38170776800007,12.493565069000056
9,ok,70,all,275,275,37675,80.0,37500.0,1e-06,0.65,0.0,0.0,mi,average,openjij-sqa,40,0.0,True,0.0,0.0,True,True,True,69,0,0,0,0,69,0,0,12.620129691000102,12.646354989999963
10,ok,70,all,275,275,37675,80.0,37500.0,1e-06,0.65,0.0,0.0,mi,average,openjij-sqa,41,0.0,True,0.0,0.0,True,True,True,69,0,0,0,0,69,0,0,12.337575426999933,12.382661026999926
11,ok,70,all,275,275,37675,80.0,37500.0,1e-06,0.65,0.0,0.01,mi,average,openjij-sqa,40,-1725.0,True,-1725.0,0.0,True,True,True,69,0,0,0,0,69,0,0,12.386945095999977,12.413817096000002
12,ok,70,all,275,275,37675,80.0,37500.0,1e-06,0.65,0.0,0.01,mi,average,openjij-sqa,41,-1725.0,True,-1725.0,0.0,True,True,True,69,0,0,0,0,69,0,0,12.281390786999964,12.305888086999971
13,ok,70,all,275,275,37675,80.0,37500.0,1e-06,0.65,0.0001,0.0,mi,average,openjij-sqa,40,4.656612873077393e-10,True,-3.5649350138555747e-10,8.221547886932967e-10,True,True,True,69,0,0,0,0,69,0,0,12.485541039000054,12.59372144100007
14,ok,70,all,275,275,37675,80.0,37500.0,1e-06,0.65,0.0001,0.0,mi,average,openjij-sqa,41,4.656612873077393e-10,True,-3.5649350138555747e-10,8.221547886932967e-10,True,True,True,69,0,0,0,0,69,0,0,12.410228941000014,12.521633243999986
15,ok,70,all,275,275,37675,80.0,37500.0,1e-06,0.65,0.0001,0.01,mi,average,openjij-sqa,40,-1724.9999999995343,True,-1725.0000000004504,9.16088538360782e-10,True,True,True,69,0,0,0,0,69,0,0,12.517837987999997,12.628230385000052
16,ok,70,all,275,275,37675,80.0,37500.0,1e-06,0.65,0.0001,0.01,mi,average,openjij-sqa,41,-1724.9999999995343,True,-1725.0000000004504,9.16088538360782e-10,True,True,True,69,0,0,0,0,69,0,0,12.449812651000002,12.557782344000088
17,ok,70,all,275,275,37675,80.0,37500.0,2e-06,0.65,0.0,0.0,mi,average,openjij-sqa,40,0.0,True,0.0,0.0,True,True,True,69,0,0,0,0,69,0,0,12.59377223499996,12.620485034000012
18,ok,70,all,275,275,37675,80.0,37500.0,2e-06,0.65,0.0,0.0,mi,average,openjij-sqa,41,0.0,True,0.0,0.0,True,True,True,69,0,0,0,0,69,0,0,12.458553784999935,12.481990585000062
19,ok,70,all,275,275,37675,80.0,37500.0,2e-06,0.65,0.0,0.01,mi,average,openjij-sqa,40,-1725.0,True,-1725.0,0.0,True,True,True,69,0,0,0,0,69,0,0,12.76227444899996,12.791704349000042
20,ok,70,all,275,275,37675,80.0,37500.0,2e-06,0.65,0.0,0.01,mi,average,openjij-sqa,41,-1725.0,True,-1725.0,0.0,True,True,True,69,0,0,0,0,69,0,0,12.280500971000038,12.307603570999959
21,ok,70,all,275,275,37675,80.0,37500.0,2e-06,0.65,0.0001,0.0,mi,average,openjij-sqa,40,5.820766091346741e-10,True,-4.092441940883873e-10,9.913208032230614e-10,True,True,True,69,0,0,0,0,69,0,0,12.17213308800001,12.284795788999986
22,ok,70,all,275,275,37675,80.0,37500.0,2e-06,0.65,0.0001,0.0,mi,average,openjij-sqa,41,5.820766091346741e-10,True,-4.092441940883873e-10,9.913208032230614e-10,True,True,True,69,0,0,0,0,69,0,0,12.183117955999933,12.290533658000072
23,ok,70,all,275,275,37675,80.0,37500.0,2e-06,0.65,0.0001,0.01,mi,average,openjij-sqa,40,-1724.999999999418,True,-1725.0000000004286,1.0106759873451665e-09,True,True,True,69,0,0,0,0,69,0,0,12.726749661999975,12.83550596200007
24,ok,70,all,275,275,37675,80.0,37500.0,2e-06,0.65,0.0001,0.01,mi,average,openjij-sqa,41,-1724.999999999418,True,-1725.0000000004286,1.0106759873451665e-09,True,True,True,69,0,0,0,0,69,0,0,12.598243730000036,12.705008929999963
25,ok,70,all,275,275,37675,100.0,37500.0,5e-07,0.65,0.0,0.0,mi,average,openjij-sqa,40,0.0,True,0.0,0.0,True,True,True,69,0,0,0,0,69,0,0,13.05483579099996,13.083955790999994
26,ok,70,all,275,275,37675,100.0,37500.0,5e-07,0.65,0.0,0.0,mi,average,openjij-sqa,41,0.0,True,0.0,0.0,True,True,True,69,0,0,0,0,69,0,0,12.210248568999987,12.238638069000103
27,ok,70,all,275,275,37675,100.0,37500.0,5e-07,0.65,0.0,0.01,mi,average,openjij-sqa,40,-1725.0,True,-1725.0,0.0,True,True,True,69,0,0,0,0,69,0,0,13.650558845999967,13.67857844599996
28,ok,70,all,275,275,37675,100.0,37500.0,5e-07,0.65,0.0,0.01,mi,average,openjij-sqa,41,-1596.875,True,-1725.0,128.125,False,False,False,69,0,0,1,1,65,4,0,12.143651809000175,12.170907009000075
29,ok,70,all,275,275,37675,100.0,37500.0,5e-07,0.65,0.0001,0.0,mi,average,openjij-sqa,40,110.18260000075679,True,-1.3358203432289883e-12,110.18260000075813,False,False,False,69,0,0,1,1,62,7,0,12.30774892799991,12.43846832700001
30,ok,70,all,275,275,37675,100.0,37500.0,5e-07,0.65,0.0001,0.0,mi,average,openjij-sqa,41,6.984919309616089e-10,True,-1.3358203432289883e-12,6.998277513048379e-10,True,True,True,69,0,0,0,0,69,0,0,12.220603029999893,12.325894030999962
31,ok,70,all,275,275,37675,100.0,37500.0,5e-07,0.65,0.0001,0.01,mi,average,openjij-sqa,40,-1724.9999999993015,True,-1725.0000000000412,7.396465662168339e-10,True,True,True,69,0,0,0,0,69,0,0,12.189845312999978,12.304848813000035
32,ok,70,all,275,275,37675,100.0,37500.0,5e-07,0.65,0.0001,0.01,mi,average,openjij-sqa,41,-1724.9999999993015,True,-1725.0000000000412,7.396465662168339e-10,True,True,True,69,0,0,0,0,69,0,0,12.42134631099998,12.526606611000034
33,ok,70,all,275,275,37675,100.0,37500.0,1e-06,0.65,0.0,0.0,mi,average,openjij-sqa,40,0.0,True,0.0,0.0,True,True,True,69,0,0,0,0,69,0,0,12.346759325999983,12.37392762599984
34,ok,70,all,275,275,37675,100.0,37500.0,1e-06,0.65,0.0,0.0,mi,average,openjij-sqa,41,0.0,True,0.0,0.0,True,True,True,69,0,0,0,0,69,0,0,12.020094326999924,12.044722725999918
35,ok,70,all,275,275,37675,100.0,37500.0,1e-06,0.65,0.0,0.01,mi,average,openjij-sqa,40,-1725.0,True,-1725.0,0.0,True,True,True,69,0,0,0,0,69,0,0,12.155141719999847,12.180236520000108
36,ok,70,all,275,275,37675,100.0,37500.0,1e-06,0.65,0.0,0.01,mi,average,openjij-sqa,41,-1725.0,True,-1725.0,0.0,True,True,True,69,0,0,0,0,69,0,0,12.404120515000159,12.43094691500005
37,ok,70,all,275,275,37675,100.0,37500.0,1e-06,0.65,0.0001,0.0,mi,average,openjij-sqa,40,6.984919309616089e-10,True,-4.135358722123783e-11,7.398455181828467e-10,True,True,True,69,0,0,0,0,69,0,0,12.17048920100001,12.276229302000047
38,ok,70,all,275,275,37675,100.0,37500.0,1e-06,0.65,0.0001,0.0,mi,average,openjij-sqa,41,6.984919309616089e-10,True,-4.135358722123783e-11,7.398455181828467e-10,True,True,True,69,0,0,0,0,69,0,0,12.208205276999934,12.31306467699983
39,ok,70,all,275,275,37675,100.0,37500.0,1e-06,0.65,0.0001,0.01,mi,average,openjij-sqa,40,-1724.9999999993015,True,-1725.0000000000248,7.232756615849212e-10,True,True,True,69,0,0,0,0,69,0,0,12.942593868000131,13.05016566800009
40,ok,70,all,275,275,37675,100.0,37500.0,1e-06,0.65,0.0001,0.01,mi,average,openjij-sqa,41,-1724.9999999993015,True,-1725.0000000000248,7.232756615849212e-10,True,True,True,69,0,0,0,0,69,0,0,12.356264893000116,12.463958391999995
41,ok,70,all,275,275,37675,100.0,37500.0,2e-06,0.65,0.0,0.0,mi,average,openjij-sqa,40,0.0,True,0.0,0.0,True,True,True,69,0,0,0,0,69,0,0,12.27069451500006,12.297863114999927
42,ok,70,all,275,275,37675,100.0,37500.0,2e-06,0.65,0.0,0.0,mi,average,openjij-sqa,41,0.0,True,0.0,0.0,True,True,True,69,0,0,0,0,69,0,0,12.304466696999953,12.330929297000012
43,ok,70,all,275,275,37675,100.0,37500.0,2e-06,0.65,0.0,0.01,mi,average,openjij-sqa,40,-1725.0,True,-1725.0,0.0,True,True,True,69,0,0,0,0,69,0,0,12.302346740999837,12.326633340999933
44,ok,70,all,275,275,37675,100.0,37500.0,2e-06,0.65,0.0,0.01,mi,average,openjij-sqa,41,-1725.0,True,-1725.0,0.0,True,True,True,69,0,0,0,0,69,0,0,12.36907316199995,12.392842062
45,ok,70,all,275,275,37675,100.0,37500.0,2e-06,0.65,0.0001,0.0,mi,average,openjij-sqa,40,8.149072527885437e-10,True,-4.1742964640434366e-10,1.2323368991928874e-09,True,True,True,69,0,0,0,0,69,0,0,12.037934985999982,12.149097986000015
46,ok,70,all,275,275,37675,100.0,37500.0,2e-06,0.65,0.0001,0.0,mi,average,openjij-sqa,41,8.149072527885437e-10,True,-4.1742964640434366e-10,1.2323368991928874e-09,True,True,True,69,0,0,0,0,69,0,0,12.519295312000168,12.62679371199988
47,ok,70,all,275,275,37675,100.0,37500.0,2e-06,0.65,0.0001,0.01,mi,average,openjij-sqa,40,-1724.999999999185,True,-1725.0000000005214,1.3362750905798748e-09,True,True,True,69,0,0,0,0,69,0,0,13.154420504999962,13.265723305000165
48,ok,70,all,275,275,37675,100.0,37500.0,2e-06,0.65,0.0001,0.01,mi,average,openjij-sqa,41,-1724.999999999185,True,-1725.0000000005214,1.3362750905798748e-09,True,True,True,69,0,0,0,0,69,0,0,12.179943032999972,12.31838463400004
49,ok,70,all,275,275,37675,120.0,37500.0,5e-07,0.65,0.0,0.0,mi,average,openjij-sqa,40,141.125,True,0.0,141.125,False,False,False,69,0,1,0,1,61,8,0,12.225965593999945,12.252813994000007
50,ok,70,all,275,275,37675,120.0,37500.0,5e-07,0.65,0.0,0.0,mi,average,openjij-sqa,41,250.125,True,0.0,250.125,False,False,False,69,0,0,2,2,61,8,0,12.317646064999963,12.346180864999951
51,ok,70,all,275,275,37675,120.0,37500.0,5e-07,0.65,0.0,0.01,mi,average,openjij-sqa,40,-1456.875,True,-1725.0,268.125,False,False,False,69,0,2,0,2,64,5,0,12.33597838500009,12.36297638499991
52,ok,70,all,275,275,37675,120.0,37500.0,5e-07,0.65,0.0,0.01,mi,average,openjij-sqa,41,-1725.0,True,-1725.0,0.0,True,True,True,69,0,0,0,0,69,0,0,12.493651182999884,12.519173883000121
53,ok,70,all,275,275,37675,120.0,37500.0,5e-07,0.65,0.0001,0.0,mi,average,openjij-sqa,40,121.12749999971129,True,-6.075140390748857e-10,121.1275000003188,False,False,False,69,0,1,0,1,66,3,0,12.16195139599995,12.263684297000054
54,ok,70,all,275,275,37675,120.0,37500.0,5e-07,0.65,0.0001,0.0,mi,average,openjij-sqa,41,-1.1641532182693481e-10,True,-6.075140390748857e-10,4.910987172479508e-10,True,True,True,69,0,0,0,0,69,0,0,12.354469671999823,12.46064807300013
55,ok,70,all,275,275,37675,120.0,37500.0,5e-07,0.65,0.0001,0.01,mi,average,openjij-sqa,40,-1576.8649999999907,True,-1725.000000000429,148.13500000043837,False,False,False,69,0,0,1,1,66,3,0,12.253898761000073,12.359030561000054
56,ok,70,all,275,275,37675,120.0,37500.0,5e-07,0.65,0.0001,0.01,mi,average,openjij-sqa,41,-1725.0000000001164,True,-1725.000000000429,3.126388037344441e-10,True,True,True,69,0,0,0,0,69,0,0,12.080907805999914,12.185135405999972
57,ok,70,all,275,275,37675,120.0,37500.0,1e-06,0.65,0.0,0.0,mi,average,openjij-sqa,40,0.0,True,0.0,0.0,True,True,True,69,0,0,0,0,69,0,0,12.544625201000144,12.57434420100003
58,ok,70,all,275,275,37675,120.0,37500.0,1e-06,0.65,0.0,0.0,mi,average,openjij-sqa,41,0.0,True,0.0,0.0,True,True,True,69,0,0,0,0,69,0,0,12.919941433000076,12.944980033000093
59,ok,70,all,275,275,37675,120.0,37500.0,1e-06,0.65,0.0,0.01,mi,average,openjij-sqa,40,-1725.0,True,-1725.0,0.0,True,True,True,69,0,0,0,0,69,0,0,12.496200387000044,12.521431086999883
60,ok,70,all,275,275,37675,120.0,37500.0,1e-06,0.65,0.0,0.01,mi,average,openjij-sqa,41,-1725.0,True,-1725.0,0.0,True,True,True,69,0,0,0,0,69,0,0,13.442647062000106,13.471816861999969
61,ok,70,all,275,275,37675,120.0,37500.0,1e-06,0.65,0.0001,0.0,mi,average,openjij-sqa,40,-3.4924596548080444e-10,True,-7.257483503053663e-10,3.765023848245619e-10,True,True,True,69,0,0,0,0,69,0,0,14.33553935100008,14.448731253000005
62,ok,70,all,275,275,37675,120.0,37500.0,1e-06,0.65,0.0001,0.0,mi,average,openjij-sqa,41,-3.4924596548080444e-10,True,-7.257483503053663e-10,3.765023848245619e-10,True,True,True,69,0,0,0,0,69,0,0,13.44352621500002,13.551719215000048
63,ok,70,all,275,275,37675,120.0,37500.0,1e-06,0.65,0.0001,0.01,mi,average,openjij-sqa,40,-1725.0000000003492,True,-1725.0000000007547,4.0540726331528276e-10,True,True,True,69,0,0,0,0,69,0,0,11.12665144399989,11.231485843999963
64,ok,70,all,275,275,37675,120.0,37500.0,1e-06,0.65,0.0001,0.01,mi,average,openjij-sqa,41,-1725.0000000003492,True,-1725.0000000007547,4.0540726331528276e-10,True,True,True,69,0,0,0,0,69,0,0,10.957405158000029,11.060381557000028
65,ok,70,all,275,275,37675,120.0,37500.0,2e-06,0.65,0.0,0.0,mi,average,openjij-sqa,40,0.0,True,0.0,0.0,True,True,True,69,0,0,0,0,69,0,0,10.935852967999836,10.960209267999971
66,ok,70,all,275,275,37675,120.0,37500.0,2e-06,0.65,0.0,0.0,mi,average,openjij-sqa,41,0.0,True,0.0,0.0,True,True,True,69,0,0,0,0,69,0,0,11.007221570999945,11.031851871000072
67,ok,70,all,275,275,37675,120.0,37500.0,2e-06,0.65,0.0,0.01,mi,average,openjij-sqa,40,-1725.0,True,-1725.0,0.0,True,True,True,69,0,0,0,0,69,0,0,11.342339036999874,11.367899637000164
68,ok,70,all,275,275,37675,120.0,37500.0,2e-06,0.65,0.0,0.01,mi,average,openjij-sqa,41,-1725.0,True,-1725.0,0.0,True,True,True,69,0,0,0,0,69,0,0,11.121433455999977,11.146363756000028
69,ok,70,all,275,275,37675,120.0,37500.0,2e-06,0.65,0.0001,0.0,mi,average,openjij-sqa,40,3.4924596548080444e-10,True,-1.1781935427279677e-09,1.5274395082087722e-09,True,True,True,69,0,0,0,0,69,0,0,10.856089767999947,10.96030696799994
70,ok,70,all,275,275,37675,120.0,37500.0,2e-06,0.65,0.0001,0.0,mi,average,openjij-sqa,41,3.4924596548080444e-10,True,-1.1781935427279677e-09,1.5274395082087722e-09,True,True,True,69,0,0,0,0,69,0,0,10.953715052999996,11.05760855099993
71,ok,70,all,275,275,37675,120.0,37500.0,2e-06,0.65,0.0001,0.01,mi,average,openjij-sqa,40,-1724.9999999996508,True,-1725.0000000010982,1.4474608178716153e-09,True,True,True,69,0,0,0,0,69,0,0,10.821682080999835,10.930384054999877
72,ok,70,all,275,275,37675,120.0,37500.0,2e-06,0.65,0.0001,0.01,mi,average,openjij-sqa,41,-1724.9999999996508,True,-1725.0000000010982,1.4474608178716153e-09,True,True,True,69,0,0,0,0,69,0,0,10.997700425999938,11.10356462599998
