case,status,backend,read_penalty,position_penalty,missing_penalty,reward_scale,beta,trotter,annealer_seed,energy,true_energy,energy_gap,valid,read_violations,position_violations,legal_edge_count,legal_true_adjacent_count,missing_edge_count,connected_layout,acceptable_connected_layout,missing_edge_cost,adjacent_correct,wrong_adjacencies,inversions,anneal_sec,total_sec
1,ok,openjij-sqa,90.0,90.0,110.0,10.0,default,32,40,124.0,-150.0,274.0,True,0,0,13,5,2,False,True,220.0,5,10,61,14.74136817199178,14.743567172001349
2,ok,openjij-sqa,90.0,90.0,110.0,10.0,default,32,41,-8.0,-150.0,142.0,True,0,0,14,8,1,False,True,110.0,8,7,42,5.004387316002976,5.023912318996736
3,ok,openjij-sqa,90.0,90.0,110.0,10.0,default,32,42,-10.0,-150.0,140.0,True,0,0,14,9,1,False,True,110.0,9,6,18,5.3968780120048905,5.39964061199862
4,ok,openjij-sqa,90.0,90.0,110.0,10.0,default,32,43,124.0,-150.0,274.0,True,0,0,13,4,2,False,True,220.0,4,11,53,6.505038641000283,6.507507741000154
5,ok,openjij-sqa,90.0,90.0,110.0,10.0,default,32,44,62.0,-150.0,212.0,False,0,2,13,5,2,False,True,220.0,5,10,42,6.69662048999453,6.699275589999161
6,ok,openjij-sqa,90.0,90.0,110.0,15.0,default,32,40,24.0,-225.0,249.0,False,1,1,13,7,2,False,True,220.0,7,8,42,8.946685059010633,8.950067958998261
7,ok,openjij-sqa,90.0,90.0,110.0,15.0,default,32,41,58.0,-225.0,283.0,True,0,0,13,7,2,False,True,220.0,7,8,64,7.104987118000281,7.107773718002136
8,ok,openjij-sqa,90.0,90.0,110.0,15.0,default,32,42,82.0,-225.0,307.0,True,0,0,13,3,2,False,True,220.0,3,12,48,6.168264735999401,6.188074935009354
9,ok,openjij-sqa,90.0,90.0,110.0,15.0,default,32,43,-73.0,-225.0,152.0,True,0,0,14,9,1,False,True,110.0,9,6,35,6.225620156008517,6.228248055995209
10,ok,openjij-sqa,90.0,90.0,110.0,15.0,default,32,44,67.0,-225.0,292.0,True,0,0,13,5,2,False,True,220.0,5,10,34,6.398053173994413,6.401022274003481
11,ok,openjij-sqa,90.0,90.0,110.0,20.0,default,32,40,4.0,-300.0,304.0,True,0,0,13,6,2,False,True,220.0,6,9,60,6.439179840002907,6.442144739994546
12,ok,openjij-sqa,90.0,90.0,110.0,20.0,default,32,41,-52.0,-300.0,248.0,False,0,2,13,4,2,False,True,220.0,4,11,29,6.403608901993721,6.406122102009249
13,ok,openjij-sqa,90.0,90.0,110.0,20.0,default,32,42,-126.0,-300.0,174.0,True,0,0,14,8,1,False,True,110.0,8,7,24,6.2804263590078335,6.28301605899469
14,ok,openjij-sqa,90.0,90.0,110.0,20.0,default,32,43,36.0,-300.0,336.0,True,0,0,13,5,2,False,True,220.0,5,10,27,6.400344822992338,6.4029771229979815
15,ok,openjij-sqa,90.0,90.0,110.0,20.0,default,32,44,36.0,-300.0,336.0,True,0,0,13,3,2,False,True,220.0,3,12,34,6.454369227998541,6.45690122799715
16,ok,openjij-sqa,90.0,90.0,110.0,25.0,default,32,40,30.0,-375.0,405.0,False,0,2,12,3,3,False,False,330.0,3,12,66,6.36938993500371,6.371892934999778
17,ok,openjij-sqa,90.0,90.0,110.0,25.0,default,32,41,-20.0,-375.0,355.0,True,0,0,13,3,2,False,True,220.0,3,12,53,6.29178303500521,6.29596813399985
18,ok,openjij-sqa,90.0,90.0,110.0,25.0,default,32,42,-195.0,-375.0,180.0,True,0,0,14,9,1,False,True,110.0,9,6,22,6.119800258995383,6.123546458999044
19,ok,openjij-sqa,90.0,90.0,110.0,25.0,default,32,43,-35.0,-375.0,340.0,True,0,0,13,6,2,False,True,220.0,6,9,52,6.113065447003464,6.1158294469933026
20,ok,openjij-sqa,90.0,90.0,110.0,25.0,default,32,44,-230.0,-375.0,145.0,True,0,0,14,13,1,False,True,110.0,13,2,4,6.26695416700386,6.269597267004428
21,ok,openjij-sqa,90.0,90.0,120.0,10.0,default,32,40,126.0,-150.0,276.0,True,0,0,13,10,2,False,True,240.0,10,5,24,6.208492264995584,6.211200865000137
22,ok,openjij-sqa,90.0,90.0,120.0,10.0,default,32,41,134.0,-150.0,284.0,True,0,0,13,7,2,False,True,240.0,7,8,20,6.337001284002326,6.339546384013374
23,ok,openjij-sqa,90.0,90.0,120.0,10.0,default,32,42,2.0,-150.0,152.0,True,0,0,14,9,1,False,True,120.0,9,6,25,6.826367169996956,6.829015269991942
24,ok,openjij-sqa,90.0,90.0,120.0,10.0,default,32,43,-2.0,-150.0,148.0,True,0,0,14,7,1,False,True,120.0,7,8,28,6.704135038002278,6.707218438008567
25,ok,openjij-sqa,90.0,90.0,120.0,10.0,default,32,44,6.0,-150.0,156.0,True,0,0,14,5,1,False,True,120.0,5,10,25,6.304190675000427,6.306769075003103
26,ok,openjij-sqa,90.0,90.0,120.0,15.0,default,32,40,105.0,-225.0,330.0,True,0,0,13,3,2,False,True,240.0,3,12,52,6.315729369991459,6.31838367000455
27,ok,openjij-sqa,90.0,90.0,120.0,15.0,default,32,41,81.0,-225.0,306.0,True,0,0,13,6,2,False,True,240.0,6,9,43,6.268450315008522,6.270941814989783
28,ok,openjij-sqa,90.0,90.0,120.0,15.0,default,32,42,-51.0,-225.0,174.0,True,0,0,14,8,1,False,True,120.0,8,7,32,6.085830326002906,6.08838342600211
29,ok,openjij-sqa,90.0,90.0,120.0,15.0,default,32,43,72.0,-225.0,297.0,True,0,0,13,7,2,False,True,240.0,7,8,24,6.284491316997446,6.287007316990639
30,ok,openjij-sqa,90.0,90.0,120.0,15.0,default,32,44,78.0,-225.0,303.0,True,0,0,13,4,2,False,True,240.0,4,11,47,6.255415499996161,6.258014799997909
31,ok,openjij-sqa,90.0,90.0,120.0,20.0,default,32,40,-80.0,-300.0,220.0,False,0,2,13,6,2,False,True,240.0,6,9,52,6.363807148998603,6.366500049000024
32,ok,openjij-sqa,90.0,90.0,120.0,20.0,default,32,41,-60.0,-300.0,240.0,False,0,2,13,3,2,False,True,240.0,3,12,22,6.203769328989438,6.206369528998039
33,ok,openjij-sqa,90.0,90.0,120.0,20.0,default,32,42,8.0,-300.0,308.0,True,0,0,13,7,2,False,True,240.0,7,8,57,6.287128796000616,6.289880395997898
34,ok,openjij-sqa,90.0,90.0,120.0,20.0,default,32,43,-76.0,-300.0,224.0,False,0,2,13,8,2,False,True,240.0,8,7,49,6.379984401995898,6.382653102002223
35,ok,openjij-sqa,90.0,90.0,120.0,20.0,default,32,44,-124.0,-300.0,176.0,True,0,0,14,8,1,False,True,120.0,8,7,40,6.13649014600378,6.139015146007296
36,ok,openjij-sqa,90.0,90.0,120.0,25.0,default,32,40,-175.0,-375.0,200.0,True,0,0,14,5,1,False,True,120.0,5,10,27,6.20327430999896,6.205913209996652
37,ok,openjij-sqa,90.0,90.0,120.0,25.0,default,32,41,-160.0,-375.0,215.0,True,0,0,14,6,1,False,True,120.0,6,9,28,6.495986687994446,6.498442887997953
38,ok,openjij-sqa,90.0,90.0,120.0,25.0,default,32,42,-190.0,-375.0,185.0,True,0,0,14,10,1,False,True,120.0,10,5,12,6.113552609007456,6.116831109000486
39,ok,openjij-sqa,90.0,90.0,120.0,25.0,default,32,43,-175.0,-375.0,200.0,True,0,0,14,7,1,False,True,120.0,7,8,34,6.695678087999113,6.698120287997881
40,ok,openjij-sqa,90.0,90.0,120.0,25.0,default,32,44,-40.0,-375.0,335.0,True,0,0,13,7,2,False,True,240.0,7,8,16,6.292926096008159,6.295610296001541
41,ok,openjij-sqa,90.0,90.0,130.0,10.0,default,32,40,158.0,-150.0,308.0,True,0,0,13,6,2,False,True,260.0,6,9,66,6.199717193987453,6.20307759399293
42,ok,openjij-sqa,90.0,90.0,130.0,10.0,default,32,41,12.0,-150.0,162.0,True,0,0,14,7,1,False,True,130.0,7,8,30,7.557774888991844,7.560256789001869
43,ok,openjij-sqa,90.0,90.0,130.0,10.0,default,32,42,148.0,-150.0,298.0,True,0,0,13,8,2,False,True,260.0,8,7,44,6.935072813008446,6.939932912995573
44,ok,openjij-sqa,90.0,90.0,130.0,10.0,default,32,43,152.0,-150.0,302.0,True,0,0,13,4,2,False,True,260.0,4,11,37,9.30418662300508,9.30804112298938
45,ok,openjij-sqa,90.0,90.0,130.0,10.0,default,32,44,162.0,-150.0,312.0,True,0,0,13,3,2,False,True,260.0,3,12,45,17.202318493000348,17.20563509200292
46,ok,openjij-sqa,90.0,90.0,130.0,15.0,default,32,40,-38.0,-225.0,187.0,True,0,0,14,4,1,False,True,130.0,4,11,28,14.66260371399403,14.667070613999385
47,ok,openjij-sqa,90.0,90.0,130.0,15.0,default,32,41,-59.0,-225.0,166.0,True,0,0,14,11,1,False,True,130.0,11,4,27,6.1607703089975985,6.1634948090068065
48,ok,openjij-sqa,90.0,90.0,130.0,15.0,default,32,42,-38.0,-225.0,187.0,True,0,0,14,5,1,False,True,130.0,5,10,32,6.150274910003645,6.153530709998449
49,ok,openjij-sqa,90.0,90.0,130.0,15.0,default,32,43,-30.0,-225.0,195.0,False,0,2,13,10,2,False,True,260.0,10,5,48,6.3314625110069755,6.333921010998893
50,ok,openjij-sqa,90.0,90.0,130.0,15.0,default,32,44,-3.0,-225.0,222.0,False,0,2,13,5,2,False,True,260.0,5,10,26,6.046310239995364,6.050463239997043
51,ok,openjij-sqa,90.0,90.0,130.0,20.0,default,32,40,52.0,-300.0,352.0,True,0,0,13,7,2,False,True,260.0,7,8,29,6.168788387993118,6.1716487880039494
52,ok,openjij-sqa,90.0,90.0,130.0,20.0,default,32,41,62.0,-300.0,362.0,False,0,2,12,6,3,False,False,390.0,6,9,79,6.110337284000707,6.114495183996041
53,ok,openjij-sqa,90.0,90.0,130.0,20.0,default,32,42,-102.0,-300.0,198.0,True,0,0,14,7,1,False,True,130.0,7,8,23,6.04439131799154,6.047057417992619
54,ok,openjij-sqa,90.0,90.0,130.0,20.0,default,32,43,60.0,-300.0,360.0,True,0,0,13,6,2,False,True,260.0,6,9,62,6.114519349997863,6.117706450007972
55,ok,openjij-sqa,90.0,90.0,130.0,20.0,default,32,44,-108.0,-300.0,192.0,False,0,2,13,11,2,False,True,260.0,11,4,22,5.9665721700002905,5.9693984699988505
56,ok,openjij-sqa,90.0,90.0,130.0,25.0,default,32,40,-160.0,-375.0,215.0,True,0,0,14,5,1,False,True,130.0,5,10,30,6.185043856996344,6.2104105570033425
57,ok,openjij-sqa,90.0,90.0,130.0,25.0,default,32,41,-165.0,-375.0,210.0,True,0,0,14,10,1,False,True,130.0,10,5,21,6.137936291997903,6.140502691996517
58,ok,openjij-sqa,90.0,90.0,130.0,25.0,default,32,42,-115.0,-375.0,260.0,False,0,2,13,6,2,False,True,260.0,6,9,34,6.070300792998751,6.0729899930011015
59,ok,openjij-sqa,90.0,90.0,130.0,25.0,default,32,43,-180.0,-375.0,195.0,True,0,0,14,9,1,False,True,130.0,9,6,40,6.227254086988978,6.2297743870003615
60,ok,openjij-sqa,90.0,90.0,130.0,25.0,default,32,44,-15.0,-375.0,360.0,False,0,2,13,7,2,False,True,260.0,7,8,21,6.066091394997784,6.069401294997078
61,ok,openjij-sqa,90.0,90.0,140.0,10.0,default,32,40,22.0,-150.0,172.0,True,0,0,14,9,1,False,True,140.0,9,6,24,6.256919502993696,6.259627803010517
62,ok,openjij-sqa,90.0,90.0,140.0,10.0,default,32,41,50.0,-150.0,200.0,False,0,2,13,8,2,False,True,280.0,8,7,34,6.219626015998074,6.222437315998832
63,ok,openjij-sqa,90.0,90.0,140.0,10.0,default,32,42,170.0,-150.0,320.0,True,0,0,13,5,2,False,True,280.0,5,10,38,6.218138418000308,6.221699018002255
64,ok,openjij-sqa,90.0,90.0,140.0,10.0,default,32,43,40.0,-150.0,190.0,False,0,2,13,9,2,False,True,280.0,9,6,25,6.252112604997819,6.254567204989144
65,ok,openjij-sqa,90.0,90.0,140.0,10.0,default,32,44,180.0,-150.0,330.0,True,0,0,13,4,2,False,True,280.0,4,11,50,6.366171393005061,6.368847792997258
66,ok,openjij-sqa,90.0,90.0,140.0,15.0,default,32,40,139.0,-225.0,364.0,True,0,0,13,4,2,False,True,280.0,4,11,39,6.425345933996141,6.429193333999137
67,ok,openjij-sqa,90.0,90.0,140.0,15.0,default,32,41,-9.0,-225.0,216.0,False,0,2,13,9,2,False,True,280.0,9,6,56,6.143236478994368,6.147518277997733
68,ok,openjij-sqa,90.0,90.0,140.0,15.0,default,32,42,-40.0,-225.0,185.0,True,0,0,14,8,1,False,True,140.0,8,7,15,6.382104130010703,6.385983929998474
69,ok,openjij-sqa,90.0,90.0,140.0,15.0,default,32,43,112.0,-225.0,337.0,True,0,0,13,7,2,False,True,280.0,7,8,35,6.075011505003204,6.078713505004998
70,ok,openjij-sqa,90.0,90.0,140.0,15.0,default,32,44,-31.0,-225.0,194.0,True,0,0,14,8,1,False,True,140.0,8,7,25,6.521751799999038,6.524761700013187
71,ok,openjij-sqa,90.0,90.0,140.0,20.0,default,32,40,72.0,-300.0,372.0,True,0,0,13,5,2,False,True,280.0,5,10,32,6.045024977996945,6.047537877995637
72,ok,openjij-sqa,90.0,90.0,140.0,20.0,default,32,41,-60.0,-300.0,240.0,False,0,2,13,6,2,False,True,280.0,6,9,37,6.244690676991013,6.248417777009308
73,ok,openjij-sqa,90.0,90.0,140.0,20.0,default,32,42,52.0,-300.0,352.0,True,0,0,13,9,2,False,True,280.0,9,6,16,8.115904373989906,8.11846697400324
74,ok,openjij-sqa,90.0,90.0,140.0,20.0,default,32,43,64.0,-300.0,364.0,True,0,0,13,7,2,False,True,280.0,7,8,19,11.959154547992512,11.961899647998507
75,ok,openjij-sqa,90.0,90.0,140.0,20.0,default,32,44,52.0,-300.0,352.0,True,0,0,13,7,2,False,True,280.0,7,8,50,15.398966338005266,15.402021638001315
76,ok,openjij-sqa,90.0,90.0,140.0,25.0,default,32,40,-110.0,-375.0,265.0,False,0,2,13,6,2,False,True,280.0,6,9,37,8.227139767986955,8.230036068009213
77,ok,openjij-sqa,90.0,90.0,140.0,25.0,default,32,41,-160.0,-375.0,215.0,True,0,0,14,7,1,False,True,140.0,7,8,17,6.437023221995332,6.441666020997218
78,ok,openjij-sqa,90.0,90.0,140.0,25.0,default,32,42,-10.0,-375.0,365.0,True,0,0,13,9,2,False,True,280.0,9,6,19,6.362401362988749,6.365625563004869
79,ok,openjij-sqa,90.0,90.0,140.0,25.0,default,32,43,-20.0,-375.0,355.0,False,0,2,13,8,2,False,True,280.0,8,7,6,6.2019122849887935,6.204491484997561
80,ok,openjij-sqa,90.0,90.0,140.0,25.0,default,32,44,15.0,-375.0,390.0,True,0,0,13,5,2,False,True,280.0,5,10,12,6.367366591992322,6.3710858919948805
81,ok,openjij-sqa,100.0,100.0,110.0,10.0,default,32,40,-20.0,-150.0,130.0,True,0,0,14,9,1,False,True,110.0,9,6,9,6.1919348950032145,6.194536894996418
82,ok,openjij-sqa,100.0,100.0,110.0,10.0,default,32,41,116.0,-150.0,266.0,True,0,0,13,4,2,False,True,220.0,4,11,14,6.331836598008522,6.335621897989768
83,ok,openjij-sqa,100.0,100.0,110.0,10.0,default,32,42,-2.0,-150.0,148.0,True,0,0,14,6,1,False,True,110.0,6,9,20,6.221408703990164,6.224034904007567
84,ok,openjij-sqa,100.0,100.0,110.0,10.0,default,32,43,106.0,-150.0,256.0,True,0,0,13,7,2,False,True,220.0,7,8,50,6.068565010995371,6.072293311008252
85,ok,openjij-sqa,100.0,100.0,110.0,10.0,default,32,44,120.0,-150.0,270.0,True,0,0,13,3,2,False,True,220.0,3,12,53,6.309015396007453,6.311621995992027
86,ok,openjij-sqa,100.0,100.0,110.0,15.0,default,32,40,-64.0,-225.0,161.0,True,0,0,14,7,1,False,True,110.0,7,8,30,6.108574297992163,6.11150769800588
87,ok,openjij-sqa,100.0,100.0,110.0,15.0,default,32,41,79.0,-225.0,304.0,True,0,0,13,5,2,False,True,220.0,5,10,49,6.219624196994118,6.222182396988501
88,ok,openjij-sqa,100.0,100.0,110.0,15.0,default,32,42,-67.0,-225.0,158.0,True,0,0,14,6,1,False,True,110.0,6,9,44,6.0648805939999875,6.067396894010017
89,ok,openjij-sqa,100.0,100.0,110.0,15.0,default,32,43,73.0,-225.0,298.0,True,0,0,13,3,2,False,True,220.0,3,12,34,6.275906289010891,6.279850488994271
90,ok,openjij-sqa,100.0,100.0,110.0,15.0,default,32,44,43.0,-225.0,268.0,True,0,0,13,8,2,False,True,220.0,8,7,19,6.005229290996795,6.007946090991027
91,ok,openjij-sqa,100.0,100.0,110.0,20.0,default,32,40,4.0,-300.0,304.0,True,0,0,13,7,2,False,True,220.0,7,8,14,6.084315184009029,6.087482483999338
92,ok,openjij-sqa,100.0,100.0,110.0,20.0,default,32,41,-16.0,-300.0,284.0,True,0,0,13,10,2,False,True,220.0,10,5,59,6.074389080997207,6.077335880996543
93,ok,openjij-sqa,100.0,100.0,110.0,20.0,default,32,42,-126.0,-300.0,174.0,True,0,0,14,5,1,False,True,110.0,5,10,21,6.243819091992918,6.248195191990817
94,ok,openjij-sqa,100.0,100.0,110.0,20.0,default,32,43,0.0,-300.0,300.0,True,0,0,13,8,2,False,True,220.0,8,7,56,6.09721640200587,6.102048502012622
95,ok,openjij-sqa,100.0,100.0,110.0,20.0,default,32,44,-134.0,-300.0,166.0,True,0,0,14,9,1,False,True,110.0,9,6,22,5.958203408008558,5.960810007993132
96,ok,openjij-sqa,100.0,100.0,110.0,25.0,default,32,40,-55.0,-375.0,320.0,True,0,0,13,6,2,False,True,220.0,6,9,24,4.923391217002063,4.926118717005011
97,ok,openjij-sqa,100.0,100.0,110.0,25.0,default,32,41,-15.0,-375.0,360.0,False,1,1,12,5,3,False,False,330.0,5,10,26,14.045129602003726,14.048116602003574
98,ok,openjij-sqa,100.0,100.0,110.0,25.0,default,32,42,-180.0,-375.0,195.0,True,0,0,14,6,1,False,True,110.0,6,9,20,10.661022938002134,10.665094837997458
99,ok,openjij-sqa,100.0,100.0,110.0,25.0,default,32,43,-105.0,-375.0,270.0,False,0,2,13,5,2,False,True,220.0,5,10,49,9.806927706988063,9.80955050700868
100,ok,openjij-sqa,100.0,100.0,110.0,25.0,default,32,44,-75.0,-375.0,300.0,True,0,0,13,8,2,False,True,220.0,8,7,12,4.891637950000586,4.894367350003449
101,ok,openjij-sqa,100.0,100.0,120.0,10.0,default,32,40,154.0,-150.0,304.0,True,0,0,13,3,2,False,True,240.0,3,12,39,4.790535449996241,4.7941077499999665
102,ok,openjij-sqa,100.0,100.0,120.0,10.0,default,32,41,134.0,-150.0,284.0,True,0,0,13,5,2,False,True,240.0,5,10,32,4.946283562996541,4.9487965629959945
103,ok,openjij-sqa,100.0,100.0,120.0,10.0,default,32,42,0.0,-150.0,150.0,True,0,0,14,7,1,False,True,120.0,7,8,36,5.15664149200893,5.159893791991635
104,ok,openjij-sqa,100.0,100.0,120.0,10.0,default,32,43,148.0,-150.0,298.0,True,0,0,13,2,2,False,True,240.0,2,13,65,4.970681297010742,4.9893893970001955
105,ok,openjij-sqa,100.0,100.0,120.0,10.0,default,32,44,124.0,-150.0,274.0,True,0,0,13,10,2,False,True,240.0,10,5,36,4.856916798002203,4.859830097993836
106,ok,openjij-sqa,100.0,100.0,120.0,15.0,default,32,40,-60.0,-225.0,165.0,True,0,0,14,7,1,False,True,120.0,7,8,24,4.599592894010129,4.602537594008027
107,ok,openjij-sqa,100.0,100.0,120.0,15.0,default,32,41,93.0,-225.0,318.0,True,0,0,13,4,2,False,True,240.0,4,11,32,5.624279783005477,5.627170182997361
108,ok,openjij-sqa,100.0,100.0,120.0,15.0,default,32,42,8.0,-225.0,233.0,False,0,2,13,8,2,False,True,240.0,8,7,52,5.16086747701047,5.163993477006443
109,ok,openjij-sqa,100.0,100.0,120.0,15.0,default,32,43,111.0,-225.0,336.0,True,0,0,13,2,2,False,True,240.0,2,13,52,4.810848106004414,4.814192705991445
110,ok,openjij-sqa,100.0,100.0,120.0,15.0,default,32,44,78.0,-225.0,303.0,True,0,0,13,6,2,False,True,240.0,6,9,24,4.700147904004552,4.703317904000869
111,ok,openjij-sqa,100.0,100.0,120.0,20.0,default,32,40,52.0,-300.0,352.0,True,0,0,13,6,2,False,True,240.0,6,9,37,4.751376603002427,4.753982502996223
112,ok,openjij-sqa,100.0,100.0,120.0,20.0,default,32,41,-124.0,-300.0,176.0,True,0,0,14,10,1,False,True,120.0,10,5,14,6.583460302994354,6.587930902998778
113,ok,openjij-sqa,100.0,100.0,120.0,20.0,default,32,42,-116.0,-300.0,184.0,True,0,0,14,8,1,False,True,120.0,8,7,23,5.3512494989990955,5.354280599000049
114,ok,openjij-sqa,100.0,100.0,120.0,20.0,default,32,43,-144.0,-300.0,156.0,True,0,0,14,12,1,False,True,120.0,12,3,3,11.480054849002045,11.482536449009785
115,ok,openjij-sqa,100.0,100.0,120.0,20.0,default,32,44,-112.0,-300.0,188.0,True,0,0,14,3,1,False,True,120.0,3,12,29,6.272530784000992,6.275122884006123
116,ok,openjij-sqa,100.0,100.0,120.0,25.0,default,32,40,-100.0,-375.0,275.0,False,0,2,13,6,2,False,True,240.0,6,9,37,4.482040464994498,4.485887465009
117,ok,openjij-sqa,100.0,100.0,120.0,25.0,default,32,41,-25.0,-375.0,350.0,True,0,0,13,6,2,False,True,240.0,6,9,18,4.519187611993402,4.521812812003191
118,ok,openjij-sqa,100.0,100.0,120.0,25.0,default,32,42,-30.0,-375.0,345.0,True,0,0,13,6,2,False,True,240.0,6,9,48,4.48708461599017,4.489582415990299
119,ok,openjij-sqa,100.0,100.0,120.0,25.0,default,32,43,-180.0,-375.0,195.0,True,0,0,14,8,1,False,True,120.0,8,7,43,4.566829521005275,4.569745621003676
120,ok,openjij-sqa,100.0,100.0,120.0,25.0,default,32,44,-30.0,-375.0,345.0,True,0,0,13,6,2,False,True,240.0,6,9,13,4.4146111180016305,4.4180972180038225
121,ok,openjij-sqa,100.0,100.0,130.0,10.0,default,32,40,152.0,-150.0,302.0,True,0,0,13,6,2,False,True,260.0,6,9,65,4.556659516994841,4.559486916987225
122,ok,openjij-sqa,100.0,100.0,130.0,10.0,default,32,41,150.0,-150.0,300.0,True,0,0,13,7,2,False,True,260.0,7,8,75,4.51843561300484,4.5210185129981255
123,ok,openjij-sqa,100.0,100.0,130.0,10.0,default,32,42,86.0,-150.0,236.0,False,0,2,13,4,2,False,True,260.0,4,11,35,4.583575811993796,4.586582711999654
124,ok,openjij-sqa,100.0,100.0,130.0,10.0,default,32,43,158.0,-150.0,308.0,True,0,0,13,5,2,False,True,260.0,5,10,47,4.438788562998525,4.441634162998525
125,ok,openjij-sqa,100.0,100.0,130.0,10.0,default,32,44,144.0,-150.0,294.0,True,0,0,13,9,2,False,True,260.0,9,6,61,4.576000950997695,4.579406750999624
126,ok,openjij-sqa,100.0,100.0,130.0,15.0,default,32,40,162.0,-225.0,387.0,False,0,2,12,6,3,False,False,390.0,6,9,39,4.677949903998524,4.680790404003346
127,ok,openjij-sqa,100.0,100.0,130.0,15.0,default,32,41,122.0,-225.0,347.0,True,0,0,13,4,2,False,True,260.0,4,11,48,4.541920900999685,4.545801301006577
128,ok,openjij-sqa,100.0,100.0,130.0,15.0,default,32,42,-50.0,-225.0,175.0,True,0,0,14,7,1,False,True,130.0,7,8,23,4.597672400006559,4.600407400008407
129,ok,openjij-sqa,100.0,100.0,130.0,15.0,default,32,43,104.0,-225.0,329.0,True,0,0,13,4,2,False,True,260.0,4,11,24,4.483138011011761,4.485777911002515
130,ok,openjij-sqa,100.0,100.0,130.0,15.0,default,32,44,116.0,-225.0,341.0,True,0,0,13,2,2,False,True,260.0,2,13,30,7.033115647005616,7.036471847008215
131,ok,openjij-sqa,100.0,100.0,130.0,20.0,default,32,40,48.0,-300.0,348.0,True,0,0,13,5,2,False,True,260.0,5,10,60,5.719639275994268,5.723851675997139
132,ok,openjij-sqa,100.0,100.0,130.0,20.0,default,32,41,72.0,-300.0,372.0,True,0,0,13,2,2,False,True,260.0,2,13,59,4.753743229011889,4.756884728994919
133,ok,openjij-sqa,100.0,100.0,130.0,20.0,default,32,42,-98.0,-300.0,202.0,True,0,0,14,8,1,False,True,130.0,8,7,29,11.860818086002837,11.864895286009414
134,ok,openjij-sqa,100.0,100.0,130.0,20.0,default,32,43,44.0,-300.0,344.0,True,0,0,13,5,2,False,True,260.0,5,10,72,12.068297028992674,12.072177628986537
135,ok,openjij-sqa,100.0,100.0,130.0,20.0,default,32,44,-110.0,-300.0,190.0,True,0,0,14,7,1,False,True,130.0,7,8,29,5.0237265180039685,5.026291418005712
136,ok,openjij-sqa,100.0,100.0,130.0,25.0,default,32,40,15.0,-375.0,390.0,True,0,0,13,4,2,False,True,260.0,4,11,56,5.416153548008879,5.4201766479964135
137,ok,openjij-sqa,100.0,100.0,130.0,25.0,default,32,41,-115.0,-375.0,260.0,False,0,2,13,9,2,False,True,260.0,9,6,43,4.823567412007833,4.826221411989536
138,ok,openjij-sqa,100.0,100.0,130.0,25.0,default,32,42,-175.0,-375.0,200.0,True,0,0,14,8,1,False,True,130.0,8,7,11,5.033945507006138,5.0364822069968795
139,ok,openjij-sqa,100.0,100.0,130.0,25.0,default,32,43,-15.0,-375.0,360.0,True,0,0,13,6,2,False,True,260.0,6,9,18,5.3134883170132525,5.317093717996613
140,ok,openjij-sqa,100.0,100.0,130.0,25.0,default,32,44,-30.0,-375.0,345.0,True,0,0,13,9,2,False,True,260.0,9,6,71,4.985670813010074,4.989510813000379
141,ok,openjij-sqa,100.0,100.0,140.0,10.0,default,32,40,22.0,-150.0,172.0,True,0,0,14,5,1,False,True,140.0,5,10,38,4.922064811995369,4.924747712007957
142,ok,openjij-sqa,100.0,100.0,140.0,10.0,default,32,41,176.0,-150.0,326.0,True,0,0,13,4,2,False,True,280.0,4,11,48,4.9757471150078345,4.978799914999399
143,ok,openjij-sqa,100.0,100.0,140.0,10.0,default,32,42,28.0,-150.0,178.0,True,0,0,14,5,1,False,True,140.0,5,10,27,4.522689728997648,4.525196829010383
144,ok,openjij-sqa,100.0,100.0,140.0,10.0,default,32,43,168.0,-150.0,318.0,True,0,0,13,7,2,False,True,280.0,7,8,46,5.029271759005496,5.032384658989031
145,ok,openjij-sqa,100.0,100.0,140.0,10.0,default,32,44,172.0,-150.0,322.0,True,0,0,13,6,2,False,True,280.0,6,9,32,7.907809587006341,7.910313786996994
146,ok,openjij-sqa,100.0,100.0,140.0,15.0,default,32,40,118.0,-225.0,343.0,True,0,0,13,6,2,False,True,280.0,6,9,12,6.247894326996175,6.250500626993016
147,ok,openjij-sqa,100.0,100.0,140.0,15.0,default,32,41,124.0,-225.0,349.0,True,0,0,13,4,2,False,True,280.0,4,11,59,5.935990607991698,5.9385737080010585
148,ok,openjij-sqa,100.0,100.0,140.0,15.0,default,32,42,148.0,-225.0,373.0,True,0,0,13,4,2,False,True,280.0,4,11,27,5.2221815990051255,5.224654998994083
149,ok,openjij-sqa,100.0,100.0,140.0,15.0,default,32,43,-28.0,-225.0,197.0,True,0,0,14,7,1,False,True,140.0,7,8,37,4.8718701579928165,4.874569257997791
150,ok,openjij-sqa,100.0,100.0,140.0,15.0,default,32,44,118.0,-225.0,343.0,True,0,0,13,5,2,False,True,280.0,5,10,14,4.795756578008877,4.798409777999041
151,ok,openjij-sqa,100.0,100.0,140.0,20.0,default,32,40,112.0,-300.0,412.0,False,0,2,12,7,3,False,False,420.0,7,8,70,4.786138109993772,4.788728409999749
152,ok,openjij-sqa,100.0,100.0,140.0,20.0,default,32,41,-88.0,-300.0,212.0,True,0,0,14,6,1,False,True,140.0,6,9,33,4.728624215000309,4.747637514999951
153,ok,openjij-sqa,100.0,100.0,140.0,20.0,default,32,42,60.0,-300.0,360.0,True,0,0,13,5,2,False,True,280.0,5,10,31,4.914786919005564,4.917464818994631
154,ok,openjij-sqa,100.0,100.0,140.0,20.0,default,32,43,-96.0,-300.0,204.0,True,0,0,14,8,1,False,True,140.0,8,7,24,4.6778772760008,4.680535176012199
155,ok,openjij-sqa,100.0,100.0,140.0,20.0,default,32,44,80.0,-300.0,380.0,True,0,0,13,4,2,False,True,280.0,4,11,45,4.649990753998281,4.652623854010017
156,ok,openjij-sqa,100.0,100.0,140.0,25.0,default,32,40,20.0,-375.0,395.0,True,0,0,13,6,2,False,True,280.0,6,9,68,4.946632409002632,4.949189209000906
157,ok,openjij-sqa,100.0,100.0,140.0,25.0,default,32,41,20.0,-375.0,395.0,True,0,0,13,5,2,False,True,280.0,5,10,53,4.7274038110044785,4.729911810994963
158,ok,openjij-sqa,100.0,100.0,140.0,25.0,default,32,42,75.0,-375.0,450.0,False,0,2,12,4,3,False,False,420.0,4,11,72,4.894411511995713,4.8969853119924664
159,ok,openjij-sqa,100.0,100.0,140.0,25.0,default,32,43,35.0,-375.0,410.0,True,0,0,13,3,2,False,True,280.0,3,12,31,4.741623309993884,4.744636510004057
160,ok,openjij-sqa,100.0,100.0,140.0,25.0,default,32,44,5.0,-375.0,380.0,True,0,0,13,5,2,False,True,280.0,5,10,52,4.794226707992493,4.797037608004757
161,ok,openjij-sqa,110.0,110.0,110.0,10.0,default,32,40,114.0,-150.0,264.0,True,0,0,13,6,2,False,True,220.0,6,9,49,4.7223017049982445,4.724849705002271
162,ok,openjij-sqa,110.0,110.0,110.0,10.0,default,32,41,124.0,-150.0,274.0,True,0,0,13,3,2,False,True,220.0,3,12,31,8.475667350008735,8.478287949998048
163,ok,openjij-sqa,110.0,110.0,110.0,10.0,default,32,42,-8.0,-150.0,142.0,True,0,0,14,7,1,False,True,110.0,7,8,28,14.7565971849981,14.760132684998098
164,ok,openjij-sqa,110.0,110.0,110.0,10.0,default,32,43,-8.0,-150.0,142.0,True,0,0,14,9,1,False,True,110.0,9,6,24,10.43063076499675,10.433856264993665
165,ok,openjij-sqa,110.0,110.0,110.0,10.0,default,32,44,114.0,-150.0,264.0,True,0,0,13,5,2,False,True,220.0,5,10,14,5.238370004008175,5.242174204002367
166,ok,openjij-sqa,110.0,110.0,110.0,15.0,default,32,40,-67.0,-225.0,158.0,True,0,0,14,7,1,False,True,110.0,7,8,38,5.052295004992629,5.054856005008332
167,ok,openjij-sqa,110.0,110.0,110.0,15.0,default,32,41,46.0,-225.0,271.0,False,0,2,13,3,2,False,True,220.0,3,12,38,4.958363604004262,4.961390204000054
168,ok,openjij-sqa,110.0,110.0,110.0,15.0,default,32,42,46.0,-225.0,271.0,False,0,2,13,5,2,False,True,220.0,5,10,32,5.0847940140083665,5.087879913990037
169,ok,openjij-sqa,110.0,110.0,110.0,15.0,default,32,43,22.0,-225.0,247.0,False,0,2,13,9,2,False,True,220.0,9,6,33,4.965234914998291,4.967738114995882
170,ok,openjij-sqa,110.0,110.0,110.0,15.0,default,32,44,-61.0,-225.0,164.0,True,0,0,14,4,1,False,True,110.0,4,11,29,5.025694515003124,5.028440615002182
171,ok,openjij-sqa,110.0,110.0,110.0,20.0,default,32,40,36.0,-300.0,336.0,True,0,0,13,3,2,False,True,220.0,3,12,27,4.974821976997191,4.977395976995467
172,ok,openjij-sqa,110.0,110.0,110.0,20.0,default,32,41,-118.0,-300.0,182.0,True,0,0,14,7,1,False,True,110.0,7,8,23,4.973969108003075,4.976706408997416
173,ok,openjij-sqa,110.0,110.0,110.0,20.0,default,32,42,-12.0,-300.0,288.0,True,0,0,13,8,2,False,True,220.0,8,7,75,4.789560605000588,4.792323004992795
174,ok,openjij-sqa,110.0,110.0,110.0,20.0,default,32,43,-126.0,-300.0,174.0,True,0,0,14,8,1,False,True,110.0,8,7,21,4.8999280060088495,4.9028753060119925
175,ok,openjij-sqa,110.0,110.0,110.0,20.0,default,32,44,12.0,-300.0,312.0,True,0,0,13,5,2,False,True,220.0,5,10,53,4.857062506998773,4.859613906999584
176,ok,openjij-sqa,110.0,110.0,110.0,25.0,default,32,40,-185.0,-375.0,190.0,True,0,0,14,9,1,False,True,110.0,9,6,37,5.013921499004937,5.016857898997841
177,ok,openjij-sqa,110.0,110.0,110.0,25.0,default,32,41,-55.0,-375.0,320.0,True,0,0,13,6,2,False,True,220.0,6,9,67,4.927651292004157,4.930730992011377
178,ok,openjij-sqa,110.0,110.0,110.0,25.0,default,32,42,-185.0,-375.0,190.0,True,0,0,14,9,1,False,True,110.0,9,6,36,5.107817370997509,5.110366470995359
179,ok,openjij-sqa,110.0,110.0,110.0,25.0,default,32,43,-210.0,-375.0,165.0,True,0,0,14,9,1,False,True,110.0,9,6,19,4.934357189005823,4.936992289003683
180,ok,openjij-sqa,110.0,110.0,110.0,25.0,default,32,44,-55.0,-375.0,320.0,True,0,0,13,7,2,False,True,220.0,7,8,42,4.986750003998168,4.989459603995783
181,ok,openjij-sqa,110.0,110.0,120.0,10.0,default,32,40,126.0,-150.0,276.0,True,0,0,13,5,2,False,True,240.0,5,10,35,4.954924106001272,4.95785770600196
182,ok,openjij-sqa,110.0,110.0,120.0,10.0,default,32,41,224.0,-150.0,374.0,False,0,2,12,5,3,False,False,360.0,5,10,62,5.032417698006611,5.035757397999987
183,ok,openjij-sqa,110.0,110.0,120.0,10.0,default,32,42,-2.0,-150.0,148.0,True,0,0,14,9,1,False,True,120.0,9,6,38,4.905402684002183,4.908613984007388
184,ok,openjij-sqa,110.0,110.0,120.0,10.0,default,32,43,132.0,-150.0,282.0,True,0,0,13,7,2,False,True,240.0,7,8,19,5.3012710839975625,5.30377088401292
185,ok,openjij-sqa,110.0,110.0,120.0,10.0,default,32,44,80.0,-150.0,230.0,False,0,2,13,10,2,False,True,240.0,10,5,12,5.299888385998202,5.302489186011371
186,ok,openjij-sqa,110.0,110.0,120.0,15.0,default,32,40,-57.0,-225.0,168.0,True,0,0,14,5,1,False,True,120.0,5,10,41,5.009530089999316,5.013329890003661
187,ok,openjij-sqa,110.0,110.0,120.0,15.0,default,32,41,-54.0,-225.0,171.0,True,0,0,14,5,1,False,True,120.0,5,10,37,5.149000803998206,5.151873703987803
188,ok,openjij-sqa,110.0,110.0,120.0,15.0,default,32,42,46.0,-225.0,271.0,False,0,2,13,3,2,False,True,240.0,3,12,31,5.015665311002522,5.018840111006284
189,ok,openjij-sqa,110.0,110.0,120.0,15.0,default,32,43,-57.0,-225.0,168.0,True,0,0,14,8,1,False,True,120.0,8,7,16,5.4092479099927,5.413376910000807
190,ok,openjij-sqa,110.0,110.0,120.0,15.0,default,32,44,78.0,-225.0,303.0,True,0,0,13,7,2,False,True,240.0,7,8,38,5.500110004999442,5.503782405008678
191,ok,openjij-sqa,110.0,110.0,120.0,20.0,default,32,40,16.0,-300.0,316.0,True,0,0,13,9,2,False,True,240.0,9,6,55,6.292001993992017,6.294744893995812
192,ok,openjij-sqa,110.0,110.0,120.0,20.0,default,32,41,32.0,-300.0,332.0,True,0,0,13,4,2,False,True,240.0,4,11,36,5.560411478989408,5.563302878988907
193,ok,openjij-sqa,110.0,110.0,120.0,20.0,default,32,42,-128.0,-300.0,172.0,True,0,0,14,10,1,False,True,120.0,10,5,7,5.87902509199921,5.881497291993583
194,ok,openjij-sqa,110.0,110.0,120.0,20.0,default,32,43,-108.0,-300.0,192.0,True,0,0,14,5,1,False,True,120.0,5,10,40,5.221517596990452,5.224696097007836
195,ok,openjij-sqa,110.0,110.0,120.0,20.0,default,32,44,-20.0,-300.0,280.0,False,0,2,13,6,2,False,True,240.0,6,9,43,5.0499960020097205,5.052878401998896
196,ok,openjij-sqa,110.0,110.0,120.0,25.0,default,32,40,20.0,-375.0,395.0,True,0,0,13,4,2,False,True,240.0,4,11,36,5.220438342003035,5.225260841994896
197,ok,openjij-sqa,110.0,110.0,120.0,25.0,default,32,41,-5.0,-375.0,370.0,True,0,0,13,3,2,False,True,240.0,3,12,22,4.996523940004408,4.999759441008791
198,ok,openjij-sqa,110.0,110.0,120.0,25.0,default,32,42,-45.0,-375.0,330.0,True,0,0,13,8,2,False,True,240.0,8,7,50,5.105509922999772,5.108163823009818
199,ok,openjij-sqa,110.0,110.0,120.0,25.0,default,32,43,-210.0,-375.0,165.0,True,0,0,14,11,1,False,True,120.0,11,4,16,5.401215317993774,5.4042753179965075
200,ok,openjij-sqa,110.0,110.0,120.0,25.0,default,32,44,-210.0,-375.0,165.0,True,0,0,14,11,1,False,True,120.0,11,4,4,4.801619513993501,4.820600614999421
201,ok,openjij-sqa,110.0,110.0,130.0,10.0,default,32,40,86.0,-150.0,236.0,False,0,2,13,8,2,False,True,260.0,8,7,59,6.177260016993387,6.1799752169899875
202,ok,openjij-sqa,110.0,110.0,130.0,10.0,default,32,41,86.0,-150.0,236.0,False,0,2,13,9,2,False,True,260.0,9,6,47,5.688641507993452,5.691365708000376
203,ok,openjij-sqa,110.0,110.0,130.0,10.0,default,32,42,144.0,-150.0,294.0,True,0,0,13,7,2,False,True,260.0,7,8,11,4.6193652899964945,4.622453090007184
204,ok,openjij-sqa,110.0,110.0,130.0,10.0,default,32,43,156.0,-150.0,306.0,True,0,0,13,3,2,False,True,260.0,3,12,18,5.100016347991186,5.102573547992506
205,ok,openjij-sqa,110.0,110.0,130.0,10.0,default,32,44,156.0,-150.0,306.0,True,0,0,13,5,2,False,True,260.0,5,10,52,4.716295132006053,4.71950973199273
206,ok,openjij-sqa,110.0,110.0,130.0,15.0,default,32,40,101.0,-225.0,326.0,True,0,0,13,3,2,False,True,260.0,3,12,66,4.623619121994125,4.626613822008949
207,ok,openjij-sqa,110.0,110.0,130.0,15.0,default,32,41,28.0,-225.0,253.0,False,0,2,13,7,2,False,True,260.0,7,8,25,4.759352993991342,4.7624633939994965
208,ok,openjij-sqa,110.0,110.0,130.0,15.0,default,32,42,101.0,-225.0,326.0,True,0,0,13,5,2,False,True,260.0,5,10,35,4.684778815993923,4.687323816004209
209,ok,openjij-sqa,110.0,110.0,130.0,15.0,default,32,43,43.0,-225.0,268.0,False,0,2,13,4,2,False,True,260.0,4,11,29,4.67747757100733,4.681018171002506
210,ok,openjij-sqa,110.0,110.0,130.0,15.0,default,32,44,101.0,-225.0,326.0,True,0,0,13,7,2,False,True,260.0,7,8,36,4.658980407999479,4.661700607990497
211,ok,openjij-sqa,110.0,110.0,130.0,20.0,default,32,40,44.0,-300.0,344.0,True,0,0,13,8,2,False,True,260.0,8,7,11,4.746923342987429,4.749516443000175
212,ok,openjij-sqa,110.0,110.0,130.0,20.0,default,32,41,32.0,-300.0,332.0,True,0,0,13,7,2,False,True,260.0,7,8,19,4.8262813269975595,4.828829727004631
213,ok,openjij-sqa,110.0,110.0,130.0,20.0,default,32,42,32.0,-300.0,332.0,True,0,0,13,7,2,False,True,260.0,7,8,18,4.760949402989354,4.763500503002433
214,ok,openjij-sqa,110.0,110.0,130.0,20.0,default,32,43,-94.0,-300.0,206.0,True,0,0,14,6,1,False,True,130.0,6,9,23,4.809670696995454,4.812530297000194
215,ok,openjij-sqa,110.0,110.0,130.0,20.0,default,32,44,44.0,-300.0,344.0,True,0,0,13,6,2,False,True,260.0,6,9,28,4.999151885000174,5.001803185004974
216,ok,openjij-sqa,110.0,110.0,130.0,25.0,default,32,40,-20.0,-375.0,355.0,True,0,0,13,7,2,False,True,260.0,7,8,53,4.850409574995865,4.852950474989484
217,ok,openjij-sqa,110.0,110.0,130.0,25.0,default,32,41,-70.0,-375.0,305.0,False,0,2,13,3,2,False,True,260.0,3,12,45,4.665319521998754,4.668107422010507
218,ok,openjij-sqa,110.0,110.0,130.0,25.0,default,32,42,-175.0,-375.0,200.0,True,0,0,14,9,1,False,True,130.0,9,6,23,4.706929128995398,4.709657829007483
219,ok,openjij-sqa,110.0,110.0,130.0,25.0,default,32,43,30.0,-375.0,405.0,True,0,0,13,5,2,False,True,260.0,5,10,27,4.511967400991125,4.514703401000588
220,ok,openjij-sqa,110.0,110.0,130.0,25.0,default,32,44,-5.0,-375.0,370.0,True,0,0,13,6,2,False,True,260.0,6,9,50,4.688746097002877,4.691347897009109
221,ok,openjij-sqa,110.0,110.0,140.0,10.0,default,32,40,20.0,-150.0,170.0,True,0,0,14,9,1,False,True,140.0,9,6,27,4.575971391997882,4.57861799201055
222,ok,openjij-sqa,110.0,110.0,140.0,10.0,default,32,41,24.0,-150.0,174.0,True,0,0,14,3,1,False,True,140.0,3,12,25,4.77648119800142,4.779015498002991
223,ok,openjij-sqa,110.0,110.0,140.0,10.0,default,32,42,172.0,-150.0,322.0,True,0,0,13,6,2,False,True,280.0,6,9,49,4.782225001996267,4.7852128020022064
224,ok,openjij-sqa,110.0,110.0,140.0,10.0,default,32,43,24.0,-150.0,174.0,True,0,0,14,6,1,False,True,140.0,6,9,23,4.64213282399578,4.644681723992107
225,ok,openjij-sqa,110.0,110.0,140.0,10.0,default,32,44,170.0,-150.0,320.0,True,0,0,13,8,2,False,True,280.0,8,7,56,5.289548371001729,5.292274271007045
226,ok,openjij-sqa,110.0,110.0,140.0,15.0,default,32,40,109.0,-225.0,334.0,True,0,0,13,7,2,False,True,280.0,7,8,21,5.085657634001109,5.088698334002402
227,ok,openjij-sqa,110.0,110.0,140.0,15.0,default,32,41,142.0,-225.0,367.0,True,0,0,13,2,2,False,True,280.0,2,13,42,4.942410702002235,4.9449066020024475
228,ok,openjij-sqa,110.0,110.0,140.0,15.0,default,32,42,-46.0,-225.0,179.0,True,0,0,14,9,1,False,True,140.0,9,6,19,4.84882588799519,4.85172618899378
229,ok,openjij-sqa,110.0,110.0,140.0,15.0,default,32,43,-46.0,-225.0,179.0,True,0,0,14,6,1,False,True,140.0,6,9,45,4.758215159992687,4.760760360004497
230,ok,openjij-sqa,110.0,110.0,140.0,15.0,default,32,44,151.0,-225.0,376.0,True,0,0,13,0,2,False,True,280.0,0,15,37,4.786196065004333,4.788776264991611
231,ok,openjij-sqa,110.0,110.0,140.0,20.0,default,32,40,-100.0,-300.0,200.0,True,0,0,14,8,1,False,True,140.0,8,7,20,4.951478971997858,4.954025871993508
232,ok,openjij-sqa,110.0,110.0,140.0,20.0,default,32,41,-20.0,-300.0,280.0,False,0,2,13,6,2,False,True,280.0,6,9,41,5.243548218990327,5.2460300190141425
233,ok,openjij-sqa,110.0,110.0,140.0,20.0,default,32,42,-20.0,-300.0,280.0,False,0,2,13,4,2,False,True,280.0,4,11,44,7.185002233993146,7.187668134007254
234,ok,openjij-sqa,110.0,110.0,140.0,20.0,default,32,43,60.0,-300.0,360.0,True,0,0,13,7,2,False,True,280.0,7,8,20,12.58095785700425,12.58435715700034
235,ok,openjij-sqa,110.0,110.0,140.0,20.0,default,32,44,-88.0,-300.0,212.0,True,0,0,14,6,1,False,True,140.0,6,9,23,11.575645350007107,11.578418750010314
236,ok,openjij-sqa,110.0,110.0,140.0,25.0,default,32,40,-150.0,-375.0,225.0,True,0,0,14,7,1,False,True,140.0,7,8,30,5.050556422997033,5.055524423005409
237,ok,openjij-sqa,110.0,110.0,140.0,25.0,default,32,41,-140.0,-375.0,235.0,True,0,0,14,6,1,False,True,140.0,6,9,25,4.971670326995081,4.974583128001541
238,ok,openjij-sqa,110.0,110.0,140.0,25.0,default,32,42,-150.0,-375.0,225.0,True,0,0,14,9,1,False,True,140.0,9,6,26,4.530363733996637,4.532919534001849
239,ok,openjij-sqa,110.0,110.0,140.0,25.0,default,32,43,-75.0,-375.0,300.0,False,0,2,13,5,2,False,True,280.0,5,10,30,4.7882402449904475,4.790766645004624
240,ok,openjij-sqa,110.0,110.0,140.0,25.0,default,32,44,-145.0,-375.0,230.0,True,0,0,14,7,1,False,True,140.0,7,8,32,4.633045038004639,4.635632138000801
241,ok,openjij-sqa,120.0,120.0,110.0,10.0,default,32,40,126.0,-150.0,276.0,True,0,0,13,5,2,False,True,220.0,5,10,58,4.8417759370058775,4.8442930369928945
242,ok,openjij-sqa,120.0,120.0,110.0,10.0,default,32,41,222.0,-150.0,372.0,True,0,0,12,8,3,False,False,330.0,8,7,78,4.765365929008112,4.768012629006989
243,ok,openjij-sqa,120.0,120.0,110.0,10.0,default,32,42,-4.0,-150.0,146.0,True,0,0,14,7,1,False,True,110.0,7,8,34,4.606445020996034,4.609198421007022
244,ok,openjij-sqa,120.0,120.0,110.0,10.0,default,32,43,-14.0,-150.0,136.0,True,0,0,14,10,1,False,True,110.0,10,5,51,4.628796515011345,4.631491914988146
245,ok,openjij-sqa,120.0,120.0,110.0,10.0,default,32,44,120.0,-150.0,270.0,True,0,0,13,5,2,False,True,220.0,5,10,48,4.733779015994514,4.736389915997279
246,ok,openjij-sqa,120.0,120.0,110.0,15.0,default,32,40,64.0,-225.0,289.0,True,0,0,13,4,2,False,True,220.0,4,11,21,4.703724815000896,4.7062695149943465
247,ok,openjij-sqa,120.0,120.0,110.0,15.0,default,32,41,-79.0,-225.0,146.0,True,0,0,14,10,1,False,True,110.0,10,5,45,4.829803607004578,4.8323719070031075
248,ok,openjij-sqa,120.0,120.0,110.0,15.0,default,32,42,52.0,-225.0,277.0,True,0,0,13,9,2,False,True,220.0,9,6,55,4.66014780299156,4.677668303003884
249,ok,openjij-sqa,120.0,120.0,110.0,15.0,default,32,43,-58.0,-225.0,167.0,True,0,0,14,4,1,False,True,110.0,4,11,41,4.681406994001009,4.684341893997043
250,ok,openjij-sqa,120.0,120.0,110.0,15.0,default,32,44,58.0,-225.0,283.0,True,0,0,13,3,2,False,True,220.0,3,12,67,4.727213584003039,4.729942284000572
251,ok,openjij-sqa,120.0,120.0,110.0,20.0,default,32,40,-138.0,-300.0,162.0,True,0,0,14,9,1,False,True,110.0,9,6,18,4.71339187900594,4.7159849790041335
252,ok,openjij-sqa,120.0,120.0,110.0,20.0,default,32,41,8.0,-300.0,308.0,True,0,0,13,5,2,False,True,220.0,5,10,52,4.656317077009589,4.658908577010152
253,ok,openjij-sqa,120.0,120.0,110.0,20.0,default,32,42,12.0,-300.0,312.0,True,0,0,13,5,2,False,True,220.0,5,10,51,4.742124882002827,4.744645582002704
254,ok,openjij-sqa,120.0,120.0,110.0,20.0,default,32,43,-24.0,-300.0,276.0,True,0,0,13,10,2,False,True,220.0,10,5,27,4.677032901003258,4.679871900996659
255,ok,openjij-sqa,120.0,120.0,110.0,20.0,default,32,44,0.0,-300.0,300.0,False,0,2,13,7,2,False,True,220.0,7,8,45,4.585388806997798,4.588092806996428
256,ok,openjij-sqa,120.0,120.0,110.0,25.0,default,32,40,-175.0,-375.0,200.0,True,0,0,14,6,1,False,True,110.0,6,9,36,4.618808813000214,4.621770514000673
257,ok,openjij-sqa,120.0,120.0,110.0,25.0,default,32,41,-50.0,-375.0,325.0,True,0,0,13,5,2,False,True,220.0,5,10,18,4.64290471401182,4.645461314008571
258,ok,openjij-sqa,120.0,120.0,110.0,25.0,default,32,42,-50.0,-375.0,325.0,False,0,2,13,4,2,False,True,220.0,4,11,28,5.2826342140033375,5.285163814012776
259,ok,openjij-sqa,120.0,120.0,110.0,25.0,default,32,43,-100.0,-375.0,275.0,False,0,2,13,9,2,False,True,220.0,9,6,41,4.817464806998032,4.82000990700908
260,ok,openjij-sqa,120.0,120.0,110.0,25.0,default,32,44,-25.0,-375.0,350.0,True,0,0,13,5,2,False,True,220.0,5,10,39,4.863523093998083,4.8668836939905304
261,ok,openjij-sqa,120.0,120.0,120.0,10.0,default,32,40,132.0,-150.0,282.0,True,0,0,13,7,2,False,True,240.0,7,8,60,4.749282684002537,4.752285684007802
262,ok,openjij-sqa,120.0,120.0,120.0,10.0,default,32,41,132.0,-150.0,282.0,True,0,0,13,6,2,False,True,240.0,6,9,13,4.939238545994158,4.94188544600911
263,ok,openjij-sqa,120.0,120.0,120.0,10.0,default,32,42,140.0,-150.0,290.0,True,0,0,13,3,2,False,True,240.0,3,12,39,6.636403540993342,6.63892344100168
264,ok,openjij-sqa,120.0,120.0,120.0,10.0,default,32,43,6.0,-150.0,156.0,True,0,0,14,5,1,False,True,120.0,5,10,33,5.66121986998769,5.663906970003154
265,ok,openjij-sqa,120.0,120.0,120.0,10.0,default,32,44,134.0,-150.0,284.0,True,0,0,13,4,2,False,True,240.0,4,11,47,5.068704377990798,5.07165817799978
266,ok,openjij-sqa,120.0,120.0,120.0,15.0,default,32,40,54.0,-225.0,279.0,False,0,2,13,6,2,False,True,240.0,6,9,39,7.7850271980132675,7.78768249800487
267,ok,openjij-sqa,120.0,120.0,120.0,15.0,default,32,41,69.0,-225.0,294.0,True,0,0,13,8,2,False,True,240.0,8,7,73,8.416982140988694,8.419504740988486
268,ok,openjij-sqa,120.0,120.0,120.0,15.0,default,32,42,-54.0,-225.0,171.0,True,0,0,14,7,1,False,True,120.0,7,8,32,6.9055387010012055,6.909014801000012
269,ok,openjij-sqa,120.0,120.0,120.0,15.0,default,32,43,60.0,-225.0,285.0,True,0,0,13,9,2,False,True,240.0,9,6,33,4.595228797988966,4.598139697991428
270,ok,openjij-sqa,120.0,120.0,120.0,15.0,default,32,44,75.0,-225.0,300.0,True,0,0,13,7,2,False,True,240.0,7,8,46,4.725090605003061,4.727640404991689
271,ok,openjij-sqa,120.0,120.0,120.0,20.0,default,32,40,28.0,-300.0,328.0,True,0,0,13,7,2,False,True,240.0,7,8,45,4.7045413960004225,4.707106396002928
272,ok,openjij-sqa,120.0,120.0,120.0,20.0,default,32,41,-120.0,-300.0,180.0,True,0,0,14,8,1,False,True,120.0,8,7,14,4.731219822002458,4.7337632209964795
273,ok,openjij-sqa,120.0,120.0,120.0,20.0,default,32,42,-112.0,-300.0,188.0,True,0,0,14,7,1,False,True,120.0,7,8,31,9.61839170200983,9.621382002005703
274,ok,openjij-sqa,120.0,120.0,120.0,20.0,default,32,43,12.0,-300.0,312.0,True,0,0,13,8,2,False,True,240.0,8,7,72,4.768859297008021,4.77176559700456
275,ok,openjij-sqa,120.0,120.0,120.0,20.0,default,32,44,-128.0,-300.0,172.0,True,0,0,14,9,1,False,True,120.0,9,6,22,4.717482178006321,4.720139177996316
276,ok,openjij-sqa,120.0,120.0,120.0,25.0,default,32,40,-10.0,-375.0,365.0,True,0,0,13,5,2,False,True,240.0,5,10,59,4.627237463006168,4.629775062989211
277,ok,openjij-sqa,120.0,120.0,120.0,25.0,default,32,41,-180.0,-375.0,195.0,True,0,0,14,7,1,False,True,120.0,7,8,34,4.656631188001484,4.659104787991964
278,ok,openjij-sqa,120.0,120.0,120.0,25.0,default,32,42,-160.0,-375.0,215.0,True,0,0,14,6,1,False,True,120.0,6,9,24,4.700674993000575,4.703249493002659
279,ok,openjij-sqa,120.0,120.0,120.0,25.0,default,32,43,-15.0,-375.0,360.0,True,0,0,13,6,2,False,True,240.0,6,9,53,4.804420394008048,4.807017394006834
280,ok,openjij-sqa,120.0,120.0,120.0,25.0,default,32,44,-5.0,-375.0,370.0,True,0,0,13,7,2,False,True,240.0,7,8,35,4.651760386987007,4.654819386996678
281,ok,openjij-sqa,120.0,120.0,130.0,10.0,default,32,40,152.0,-150.0,302.0,True,0,0,13,8,2,False,True,260.0,8,7,59,4.740606577004655,4.74317467698711
282,ok,openjij-sqa,120.0,120.0,130.0,10.0,default,32,41,172.0,-150.0,322.0,True,0,0,13,3,2,False,True,260.0,3,12,55,4.7002960899990285,4.703019890002906
283,ok,openjij-sqa,120.0,120.0,130.0,10.0,default,32,42,16.0,-150.0,166.0,True,0,0,14,5,1,False,True,130.0,5,10,29,4.614325293005095,4.6169022930116626
284,ok,openjij-sqa,120.0,120.0,130.0,10.0,default,32,43,12.0,-150.0,162.0,True,0,0,14,8,1,False,True,130.0,8,7,51,4.803213888008031,4.805867988005048
285,ok,openjij-sqa,120.0,120.0,130.0,10.0,default,32,44,18.0,-150.0,168.0,True,0,0,14,6,1,False,True,130.0,6,9,29,4.8732288040046114,4.876137004001066
286,ok,openjij-sqa,120.0,120.0,130.0,15.0,default,32,40,101.0,-225.0,326.0,True,0,0,13,6,2,False,True,260.0,6,9,28,4.687119428999722,4.689680128998589
287,ok,openjij-sqa,120.0,120.0,130.0,15.0,default,32,41,208.0,-225.0,433.0,False,0,2,12,3,3,False,False,390.0,3,12,59,4.594025280995993,4.596514581004158
288,ok,openjij-sqa,120.0,120.0,130.0,15.0,default,32,42,-41.0,-225.0,184.0,True,0,0,14,7,1,False,True,130.0,7,8,37,4.700804109001183,4.7033388090058
289,ok,openjij-sqa,120.0,120.0,130.0,15.0,default,32,43,-41.0,-225.0,184.0,True,0,0,14,5,1,False,True,130.0,5,10,36,4.8085326029977296,4.8110398029966746
290,ok,openjij-sqa,120.0,120.0,130.0,15.0,default,32,44,63.0,-225.0,288.0,False,0,2,13,5,2,False,True,260.0,5,10,38,4.7449239999987185,4.747585200006142
291,ok,openjij-sqa,120.0,120.0,130.0,20.0,default,32,40,-98.0,-300.0,202.0,True,0,0,14,5,1,False,True,130.0,5,10,24,4.620906704003573,4.623655304007116
292,ok,openjij-sqa,120.0,120.0,130.0,20.0,default,32,41,-126.0,-300.0,174.0,True,0,0,14,11,1,False,True,130.0,11,4,34,5.365523147003842,5.3679996469873
293,ok,openjij-sqa,120.0,120.0,130.0,20.0,default,32,42,-106.0,-300.0,194.0,True,0,0,14,7,1,False,True,130.0,7,8,36,4.960258366991184,4.962820366999949
294,ok,openjij-sqa,120.0,120.0,130.0,20.0,default,32,43,48.0,-300.0,348.0,True,0,0,13,6,2,False,True,260.0,6,9,70,4.8584618649911135,4.861077764988295
295,ok,openjij-sqa,120.0,120.0,130.0,20.0,default,32,44,84.0,-300.0,384.0,True,0,0,13,3,2,False,True,260.0,3,12,41,4.7138564880006015,4.716938487996231
296,ok,openjij-sqa,120.0,120.0,130.0,25.0,default,32,40,-185.0,-375.0,190.0,True,0,0,14,9,1,False,True,130.0,9,6,32,4.783539229989401,4.801013629999943
297,ok,openjij-sqa,120.0,120.0,130.0,25.0,default,32,41,-160.0,-375.0,215.0,True,0,0,14,4,1,False,True,130.0,4,11,41,4.875624344000244,4.878435143997194
298,ok,openjij-sqa,120.0,120.0,130.0,25.0,default,32,42,-15.0,-375.0,360.0,True,0,0,13,8,2,False,True,260.0,8,7,59,4.892017709003994,4.894549409000319
299,ok,openjij-sqa,120.0,120.0,130.0,25.0,default,32,43,-170.0,-375.0,205.0,True,0,0,14,8,1,False,True,130.0,8,7,21,4.73004060400126,4.73259710399725
300,ok,openjij-sqa,120.0,120.0,130.0,25.0,default,32,44,85.0,-375.0,460.0,False,0,2,12,4,3,False,False,390.0,4,11,32,4.751724212008412,4.755275112009258
301,ok,openjij-sqa,120.0,120.0,140.0,10.0,default,32,40,170.0,-150.0,320.0,True,0,0,13,7,2,False,True,280.0,7,8,42,4.551842422995833,4.5543804229964735
302,ok,openjij-sqa,120.0,120.0,140.0,10.0,default,32,41,176.0,-150.0,326.0,True,0,0,13,4,2,False,True,280.0,4,11,41,4.796895809995476,4.799478410001029
303,ok,openjij-sqa,120.0,120.0,140.0,10.0,default,32,42,12.0,-150.0,162.0,True,0,0,14,10,1,False,True,140.0,10,5,41,4.749824904007255,4.752405803999864
304,ok,openjij-sqa,120.0,120.0,140.0,10.0,default,32,43,168.0,-150.0,318.0,True,0,0,13,9,2,False,True,280.0,9,6,58,4.81504792800115,4.817629928002134
305,ok,openjij-sqa,120.0,120.0,140.0,10.0,default,32,44,174.0,-150.0,324.0,True,0,0,13,7,2,False,True,280.0,7,8,42,4.706331445006072,4.708827544993255
306,ok,openjij-sqa,120.0,120.0,140.0,15.0,default,32,40,109.0,-225.0,334.0,True,0,0,13,9,2,False,True,280.0,9,6,20,4.705493581001065,4.7082100809930125
307,ok,openjij-sqa,120.0,120.0,140.0,15.0,default,32,41,-37.0,-225.0,188.0,True,0,0,14,7,1,False,True,140.0,7,8,18,4.9080720899946755,4.910710490003112
308,ok,openjij-sqa,120.0,120.0,140.0,15.0,default,32,42,124.0,-225.0,349.0,True,0,0,13,5,2,False,True,280.0,5,10,60,5.002090996000334,5.00467009600834
309,ok,openjij-sqa,120.0,120.0,140.0,15.0,default,32,43,148.0,-225.0,373.0,True,0,0,13,1,2,False,True,280.0,1,14,27,5.646409984998172,5.648995084993658
310,ok,openjij-sqa,120.0,120.0,140.0,15.0,default,32,44,115.0,-225.0,340.0,True,0,0,13,8,2,False,True,280.0,8,7,19,5.41808549099369,5.420836090997909
311,ok,openjij-sqa,120.0,120.0,140.0,20.0,default,32,40,76.0,-300.0,376.0,True,0,0,13,6,2,False,True,280.0,6,9,39,4.827461197011871,4.829997196997283
312,ok,openjij-sqa,120.0,120.0,140.0,20.0,default,32,41,92.0,-300.0,392.0,True,0,0,13,3,2,False,True,280.0,3,12,43,4.733329152993974,4.73585565299436
313,ok,openjij-sqa,120.0,120.0,140.0,20.0,default,32,42,152.0,-300.0,452.0,False,0,2,12,5,3,False,False,420.0,5,10,34,4.745606853990466,4.748174554013531
314,ok,openjij-sqa,120.0,120.0,140.0,20.0,default,32,43,88.0,-300.0,388.0,True,0,0,13,3,2,False,True,280.0,3,12,27,4.8839974559959956,4.8870227559964405
315,ok,openjij-sqa,120.0,120.0,140.0,20.0,default,32,44,64.0,-300.0,364.0,True,0,0,13,5,2,False,True,280.0,5,10,24,5.007250580005348,5.010818680006196
316,ok,openjij-sqa,120.0,120.0,140.0,25.0,default,32,40,35.0,-375.0,410.0,True,0,0,13,3,2,False,True,280.0,3,12,49,4.890427691003424,4.893580390998977
317,ok,openjij-sqa,120.0,120.0,140.0,25.0,default,32,41,-150.0,-375.0,225.0,True,0,0,14,6,1,False,True,140.0,6,9,23,4.940595984007814,4.943471184000373
318,ok,openjij-sqa,120.0,120.0,140.0,25.0,default,32,42,15.0,-375.0,390.0,True,0,0,13,5,2,False,True,280.0,5,10,26,4.761065690996475,4.763707591002458
319,ok,openjij-sqa,120.0,120.0,140.0,25.0,default,32,43,35.0,-375.0,410.0,True,0,0,13,6,2,False,True,280.0,6,9,26,5.031529402011074,5.034104601989384
320,ok,openjij-sqa,120.0,120.0,140.0,25.0,default,32,44,5.0,-375.0,380.0,True,0,0,13,7,2,False,True,280.0,7,8,68,4.645956713997293,4.648540813999716
321,ok,openjij-sqa,180.0,180.0,110.0,10.0,default,32,40,108.0,-150.0,258.0,True,0,0,13,8,2,False,True,220.0,8,7,75,4.814038219003123,4.816639718992519
322,ok,openjij-sqa,180.0,180.0,110.0,10.0,default,32,41,228.0,-150.0,378.0,True,0,0,12,5,3,False,False,330.0,5,10,50,5.409002421001787,5.411546421004459
323,ok,openjij-sqa,180.0,180.0,110.0,10.0,default,32,42,228.0,-150.0,378.0,True,0,0,12,6,3,False,False,330.0,6,9,43,5.327574606999406,5.330179807002423
324,ok,openjij-sqa,180.0,180.0,110.0,10.0,default,32,43,104.0,-150.0,254.0,True,0,0,13,8,2,False,True,220.0,8,7,12,6.583567994995974,6.586124694993487
325,ok,openjij-sqa,180.0,180.0,110.0,10.0,default,32,44,120.0,-150.0,270.0,True,0,0,13,5,2,False,True,220.0,5,10,64,11.392605388988159,11.395981089008274
326,ok,openjij-sqa,180.0,180.0,110.0,15.0,default,32,40,46.0,-225.0,271.0,True,0,0,13,8,2,False,True,220.0,8,7,40,7.368185799001367,7.372274099005153
327,ok,openjij-sqa,180.0,180.0,110.0,15.0,default,32,41,-61.0,-225.0,164.0,True,0,0,14,7,1,False,True,110.0,7,8,33,6.162946397002088,6.16612349699426
328,ok,openjij-sqa,180.0,180.0,110.0,15.0,default,32,42,198.0,-225.0,423.0,True,0,0,12,3,3,False,False,330.0,3,12,43,4.5023165959864855,4.504953295996529
329,ok,openjij-sqa,180.0,180.0,110.0,15.0,default,32,43,70.0,-225.0,295.0,True,0,0,13,6,2,False,True,220.0,6,9,53,4.789777693993528,4.792822494011489
330,ok,openjij-sqa,180.0,180.0,110.0,15.0,default,32,44,61.0,-225.0,286.0,True,0,0,13,6,2,False,True,220.0,6,9,25,4.42246989600244,4.425007496000035
331,ok,openjij-sqa,180.0,180.0,110.0,20.0,default,32,40,122.0,-300.0,422.0,True,0,0,12,7,3,False,False,330.0,7,8,63,4.422544201006531,4.425171601003967
332,ok,openjij-sqa,180.0,180.0,110.0,20.0,default,32,41,134.0,-300.0,434.0,True,0,0,12,5,3,False,False,330.0,5,10,58,4.74696349799342,4.749520397992455
333,ok,openjij-sqa,180.0,180.0,110.0,20.0,default,32,42,-4.0,-300.0,296.0,True,0,0,13,7,2,False,True,220.0,7,8,65,4.591696294010035,4.5943155939894496
334,ok,openjij-sqa,180.0,180.0,110.0,20.0,default,32,43,-8.0,-300.0,292.0,True,0,0,13,10,2,False,True,220.0,10,5,36,4.577906810998684,4.580597511012456
335,ok,openjij-sqa,180.0,180.0,110.0,20.0,default,32,44,4.0,-300.0,304.0,True,0,0,13,7,2,False,True,220.0,7,8,61,4.533660625005723,4.536364125000546
336,ok,openjij-sqa,180.0,180.0,110.0,25.0,default,32,40,-30.0,-375.0,345.0,True,0,0,13,7,2,False,True,220.0,7,8,43,4.646616411002469,4.649572611000622
337,ok,openjij-sqa,180.0,180.0,110.0,25.0,default,32,41,-215.0,-375.0,160.0,True,0,0,14,10,1,False,True,110.0,10,5,5,4.56442400800006,4.56692260800628
338,ok,openjij-sqa,180.0,180.0,110.0,25.0,default,32,42,100.0,-375.0,475.0,True,0,0,12,4,3,False,False,330.0,4,11,62,5.071299718998489,5.075296319002518
339,ok,openjij-sqa,180.0,180.0,110.0,25.0,default,32,43,-10.0,-375.0,365.0,True,0,0,13,4,2,False,True,220.0,4,11,40,4.505849711000337,4.508791710992227
340,ok,openjij-sqa,180.0,180.0,110.0,25.0,default,32,44,90.0,-375.0,465.0,True,0,0,12,5,3,False,False,330.0,5,10,66,4.397143103997223,4.399719003995415
341,ok,openjij-sqa,180.0,180.0,120.0,10.0,default,32,40,128.0,-150.0,278.0,True,0,0,13,6,2,False,True,240.0,6,9,67,4.4596195990015985,4.462470398997539
342,ok,openjij-sqa,180.0,180.0,120.0,10.0,default,32,41,4.0,-150.0,154.0,True,0,0,14,8,1,False,True,120.0,8,7,30,4.434032297998783,4.436524698001449
343,ok,openjij-sqa,180.0,180.0,120.0,10.0,default,32,42,130.0,-150.0,280.0,True,0,0,13,7,2,False,True,240.0,7,8,15,4.419208803999936,4.421812503991532
344,ok,openjij-sqa,180.0,180.0,120.0,10.0,default,32,43,260.0,-150.0,410.0,True,0,0,12,7,3,False,False,360.0,7,8,53,4.613383107003756,4.6312393069965765
345,ok,openjij-sqa,180.0,180.0,120.0,10.0,default,32,44,130.0,-150.0,280.0,True,0,0,13,6,2,False,True,240.0,6,9,51,4.514082823996432,4.5171626239898615
346,ok,openjij-sqa,180.0,180.0,120.0,15.0,default,32,40,210.0,-225.0,435.0,True,0,0,12,8,3,False,False,360.0,8,7,39,4.717325423000148,4.720237722998718
347,ok,openjij-sqa,180.0,180.0,120.0,15.0,default,32,41,216.0,-225.0,441.0,True,0,0,12,5,3,False,False,360.0,5,10,75,4.502386519001448,4.504908718998195
348,ok,openjij-sqa,180.0,180.0,120.0,15.0,default,32,42,-51.0,-225.0,174.0,True,0,0,14,4,1,False,True,120.0,4,11,40,4.422759109991603,4.425314010004513
349,ok,openjij-sqa,180.0,180.0,120.0,15.0,default,32,43,87.0,-225.0,312.0,True,0,0,13,5,2,False,True,240.0,5,10,22,4.47344590400462,4.476265903998865
350,ok,openjij-sqa,180.0,180.0,120.0,15.0,default,32,44,-57.0,-225.0,168.0,True,0,0,14,9,1,False,True,120.0,9,6,23,4.404460499994457,4.4075900000025285
351,ok,openjij-sqa,180.0,180.0,120.0,20.0,default,32,40,172.0,-300.0,472.0,True,0,0,12,6,3,False,False,360.0,6,9,61,4.4520851989946095,4.454596299008699
352,ok,openjij-sqa,180.0,180.0,120.0,20.0,default,32,41,152.0,-300.0,452.0,True,0,0,12,8,3,False,False,360.0,8,7,73,4.481042398008867,4.48381699800666
353,ok,openjij-sqa,180.0,180.0,120.0,20.0,default,32,42,-108.0,-300.0,192.0,True,0,0,14,5,1,False,True,120.0,5,10,34,4.463572895998368,4.466270796008757
354,ok,openjij-sqa,180.0,180.0,120.0,20.0,default,32,43,56.0,-300.0,356.0,True,0,0,13,6,2,False,True,240.0,6,9,49,4.608477686997503,4.610972386988578
355,ok,openjij-sqa,180.0,180.0,120.0,20.0,default,32,44,24.0,-300.0,324.0,True,0,0,13,6,2,False,True,240.0,6,9,33,4.444598091999069,4.447164391996921
356,ok,openjij-sqa,180.0,180.0,120.0,25.0,default,32,40,-15.0,-375.0,360.0,True,0,0,13,7,2,False,True,240.0,7,8,49,4.434408699002233,4.437178298991057
357,ok,openjij-sqa,180.0,180.0,120.0,25.0,default,32,41,-170.0,-375.0,205.0,True,0,0,14,5,1,False,True,120.0,5,10,34,4.405461900998489,4.408088701005909
358,ok,openjij-sqa,180.0,180.0,120.0,25.0,default,32,42,115.0,-375.0,490.0,True,0,0,12,4,3,False,False,360.0,4,11,39,4.508853202001774,4.511408702004701
359,ok,openjij-sqa,180.0,180.0,120.0,25.0,default,32,43,-40.0,-375.0,335.0,True,0,0,13,6,2,False,True,240.0,6,9,10,4.660336603003088,4.662850403008633
360,ok,openjij-sqa,180.0,180.0,120.0,25.0,default,32,44,-40.0,-375.0,335.0,True,0,0,13,8,2,False,True,240.0,8,7,66,4.512054003003868,4.514669803000288
361,ok,openjij-sqa,180.0,180.0,130.0,10.0,default,32,40,16.0,-150.0,166.0,True,0,0,14,6,1,False,True,130.0,6,9,35,4.401095704000909,4.4036134040070465
362,ok,openjij-sqa,180.0,180.0,130.0,10.0,default,32,41,160.0,-150.0,310.0,True,0,0,13,5,2,False,True,260.0,5,10,52,4.515148701990256,4.517761402006727
363,ok,openjij-sqa,180.0,180.0,130.0,10.0,default,32,42,296.0,-150.0,446.0,True,0,0,12,7,3,False,False,390.0,7,8,60,4.5870886979973875,4.589639798010467
364,ok,openjij-sqa,180.0,180.0,130.0,10.0,default,32,43,152.0,-150.0,302.0,True,0,0,13,8,2,False,True,260.0,8,7,53,4.413654500007397,4.416133200007607
365,ok,openjij-sqa,180.0,180.0,130.0,10.0,default,32,44,156.0,-150.0,306.0,True,0,0,13,7,2,False,True,260.0,7,8,52,4.445384102000389,4.44797630199173
366,ok,openjij-sqa,180.0,180.0,130.0,15.0,default,32,40,246.0,-225.0,471.0,True,0,0,12,4,3,False,False,390.0,4,11,19,4.421133102005115,4.42430450199754
367,ok,openjij-sqa,180.0,180.0,130.0,15.0,default,32,41,-50.0,-225.0,175.0,True,0,0,14,9,1,False,True,130.0,9,6,45,4.423801501005073,4.4269901009975
368,ok,openjij-sqa,180.0,180.0,130.0,15.0,default,32,42,98.0,-225.0,323.0,True,0,0,13,5,2,False,True,260.0,5,10,18,4.4497542989993235,4.45228609899641
369,ok,openjij-sqa,180.0,180.0,130.0,15.0,default,32,43,219.0,-225.0,444.0,True,0,0,12,10,3,False,False,390.0,10,5,15,4.502886699992814,4.505577799995081
370,ok,openjij-sqa,180.0,180.0,130.0,15.0,default,32,44,107.0,-225.0,332.0,True,0,0,13,4,2,False,True,260.0,4,11,17,4.619609319997835,4.622131020005327
371,ok,openjij-sqa,180.0,180.0,130.0,20.0,default,32,40,44.0,-300.0,344.0,True,0,0,13,6,2,False,True,260.0,6,9,38,4.446275727998,4.4488060279982165
372,ok,openjij-sqa,180.0,180.0,130.0,20.0,default,32,41,210.0,-300.0,510.0,True,0,0,12,4,3,False,False,390.0,4,11,37,4.4916668420046335,4.494207341995207
373,ok,openjij-sqa,180.0,180.0,130.0,20.0,default,32,42,28.0,-300.0,328.0,True,0,0,13,7,2,False,True,260.0,7,8,17,4.499503920000279,4.50216422000085
374,ok,openjij-sqa,180.0,180.0,130.0,20.0,default,32,43,56.0,-300.0,356.0,True,0,0,13,5,2,False,True,260.0,5,10,46,4.547078204006539,4.54979410400847
375,ok,openjij-sqa,180.0,180.0,130.0,20.0,default,32,44,64.0,-300.0,364.0,True,0,0,13,6,2,False,True,260.0,6,9,25,4.609211356000742,4.611998056003358
376,ok,openjij-sqa,180.0,180.0,130.0,25.0,default,32,40,-20.0,-375.0,355.0,True,0,0,13,6,2,False,True,260.0,6,9,38,4.466986245999578,4.469746046001092
377,ok,openjij-sqa,180.0,180.0,130.0,25.0,default,32,41,20.0,-375.0,395.0,True,0,0,13,3,2,False,True,260.0,3,12,50,4.455748526001116,4.4583763260015985
378,ok,openjij-sqa,180.0,180.0,130.0,25.0,default,32,42,10.0,-375.0,385.0,True,0,0,13,4,2,False,True,260.0,4,11,23,4.460104541998589,4.462603241991019
379,ok,openjij-sqa,180.0,180.0,130.0,25.0,default,32,43,-15.0,-375.0,360.0,True,0,0,13,7,2,False,True,260.0,7,8,28,4.496237694998854,4.4988494949939195
380,ok,openjij-sqa,180.0,180.0,130.0,25.0,default,32,44,185.0,-375.0,560.0,True,0,0,12,2,3,False,False,390.0,2,13,49,4.52078409299429,4.523307593000936
381,ok,openjij-sqa,180.0,180.0,140.0,10.0,default,32,40,178.0,-150.0,328.0,True,0,0,13,6,2,False,True,280.0,6,9,23,4.4322953920054715,4.436316692008404
382,ok,openjij-sqa,180.0,180.0,140.0,10.0,default,32,41,192.0,-150.0,342.0,True,0,0,13,2,2,False,True,280.0,2,13,40,4.437877895994461,4.440466896005091
383,ok,openjij-sqa,180.0,180.0,140.0,10.0,default,32,42,172.0,-150.0,322.0,True,0,0,13,7,2,False,True,280.0,7,8,13,4.6201670989976265,4.622971299002529
384,ok,openjij-sqa,180.0,180.0,140.0,10.0,default,32,43,162.0,-150.0,312.0,True,0,0,13,10,2,False,True,280.0,10,5,10,4.53699444400263,4.5400061440013815
385,ok,openjij-sqa,180.0,180.0,140.0,10.0,default,32,44,180.0,-150.0,330.0,True,0,0,13,6,2,False,True,280.0,6,9,34,4.5476470419962425,4.550155542005086
386,ok,openjij-sqa,180.0,180.0,140.0,15.0,default,32,40,118.0,-225.0,343.0,True,0,0,13,7,2,False,True,280.0,7,8,30,4.831049301996245,4.833897802003776
387,ok,openjij-sqa,180.0,180.0,140.0,15.0,default,32,41,270.0,-225.0,495.0,True,0,0,12,5,3,False,False,420.0,5,10,16,4.724276798995561,4.726962198998081
388,ok,openjij-sqa,180.0,180.0,140.0,15.0,default,32,42,139.0,-225.0,364.0,True,0,0,13,3,2,False,True,280.0,3,12,43,4.702480697000283,4.7050578969938215
389,ok,openjij-sqa,180.0,180.0,140.0,15.0,default,32,43,151.0,-225.0,376.0,True,0,0,13,1,2,False,True,280.0,1,14,30,4.582372160002706,4.585036160002346
390,ok,openjij-sqa,180.0,180.0,140.0,15.0,default,32,44,267.0,-225.0,492.0,True,0,0,12,5,3,False,False,420.0,5,10,37,4.499867150007049,4.502499149995856
391,ok,openjij-sqa,180.0,180.0,140.0,20.0,default,32,40,96.0,-300.0,396.0,True,0,0,13,5,2,False,True,280.0,5,10,41,4.617957784997998,4.6205336849961895
392,ok,openjij-sqa,180.0,180.0,140.0,20.0,default,32,41,232.0,-300.0,532.0,True,0,0,12,4,3,False,False,420.0,4,11,65,4.507655088003958,4.525380887003848
393,ok,openjij-sqa,180.0,180.0,140.0,20.0,default,32,42,60.0,-300.0,360.0,True,0,0,13,7,2,False,True,280.0,7,8,37,4.422811398006161,4.42586159799248
394,ok,openjij-sqa,180.0,180.0,140.0,20.0,default,32,43,-104.0,-300.0,196.0,True,0,0,14,5,1,False,True,140.0,5,10,40,4.448758796992479,4.451642796993838
395,ok,openjij-sqa,180.0,180.0,140.0,20.0,default,32,44,-96.0,-300.0,204.0,True,0,0,14,6,1,False,True,140.0,6,9,42,4.414443499001209,4.416986398995505
396,ok,openjij-sqa,180.0,180.0,140.0,25.0,default,32,40,20.0,-375.0,395.0,True,0,0,13,4,2,False,True,280.0,4,11,44,4.429472489995533,4.432204889992136
397,ok,openjij-sqa,180.0,180.0,140.0,25.0,default,32,41,-150.0,-375.0,225.0,True,0,0,14,6,1,False,True,140.0,6,9,25,4.412239886994939,4.414724186994135
398,ok,openjij-sqa,180.0,180.0,140.0,25.0,default,32,42,5.0,-375.0,380.0,True,0,0,13,8,2,False,True,280.0,8,7,49,4.681521887003328,4.684749986990937
399,ok,openjij-sqa,180.0,180.0,140.0,25.0,default,32,43,-145.0,-375.0,230.0,True,0,0,14,8,1,False,True,140.0,8,7,33,4.532073089008918,4.534621188999154
400,ok,openjij-sqa,180.0,180.0,140.0,25.0,default,32,44,0.0,-375.0,375.0,True,0,0,13,7,2,False,True,280.0,7,8,32,4.684466117003467,4.687614516995382
401,ok,openjij-sqa,200.0,200.0,110.0,10.0,default,32,40,108.0,-150.0,258.0,True,0,0,13,7,2,False,True,220.0,7,8,42,4.733189138001762,4.735727937993943
402,ok,openjij-sqa,200.0,200.0,110.0,10.0,default,32,41,232.0,-150.0,382.0,True,0,0,12,5,3,False,False,330.0,5,10,59,4.548693270000513,4.551191270002164
403,ok,openjij-sqa,200.0,200.0,110.0,10.0,default,32,42,236.0,-150.0,386.0,True,0,0,12,5,3,False,False,330.0,5,10,36,4.605530879998696,4.6081342800025595
404,ok,openjij-sqa,200.0,200.0,110.0,10.0,default,32,43,118.0,-150.0,268.0,True,0,0,13,5,2,False,True,220.0,5,10,26,4.848717190005118,4.85125829000026
405,ok,openjij-sqa,200.0,200.0,110.0,10.0,default,32,44,236.0,-150.0,386.0,True,0,0,12,5,3,False,False,330.0,5,10,58,6.314709743994172,6.317540543997893
406,ok,openjij-sqa,200.0,200.0,110.0,15.0,default,32,40,94.0,-225.0,319.0,True,0,0,13,3,2,False,True,220.0,3,12,47,12.17742367599567,12.180088776003686
407,ok,openjij-sqa,200.0,200.0,110.0,15.0,default,32,41,58.0,-225.0,283.0,True,0,0,13,6,2,False,True,220.0,6,9,58,13.459872862003976,13.462935962001211
408,ok,openjij-sqa,200.0,200.0,110.0,15.0,default,32,42,70.0,-225.0,295.0,True,0,0,13,4,2,False,True,220.0,4,11,33,5.406981403997634,5.409732604006422
409,ok,openjij-sqa,200.0,200.0,110.0,15.0,default,32,43,-73.0,-225.0,152.0,True,0,0,14,9,1,False,True,110.0,9,6,27,4.662905413992121,4.666035412999918
410,ok,openjij-sqa,200.0,200.0,110.0,15.0,default,32,44,52.0,-225.0,277.0,True,0,0,13,8,2,False,True,220.0,8,7,18,4.261473919003038,4.264704018991324
411,ok,openjij-sqa,200.0,200.0,110.0,20.0,default,32,40,28.0,-300.0,328.0,True,0,0,13,3,2,False,True,220.0,3,12,52,4.420915558992419,4.42339055899356
412,ok,openjij-sqa,200.0,200.0,110.0,20.0,default,32,41,8.0,-300.0,308.0,True,0,0,13,6,2,False,True,220.0,6,9,44,4.376169490002212,4.379964589999872
413,ok,openjij-sqa,200.0,200.0,110.0,20.0,default,32,42,126.0,-300.0,426.0,True,0,0,12,6,3,False,False,330.0,6,9,51,4.346055627000169,4.348603427002672
414,ok,openjij-sqa,200.0,200.0,110.0,20.0,default,32,43,12.0,-300.0,312.0,True,0,0,13,7,2,False,True,220.0,7,8,33,4.622574598004576,4.6258576969994465
415,ok,openjij-sqa,200.0,200.0,110.0,20.0,default,32,44,-12.0,-300.0,288.0,True,0,0,13,9,2,False,True,220.0,9,6,47,4.490016212002956,4.493819512004848
416,ok,openjij-sqa,200.0,200.0,110.0,25.0,default,32,40,225.0,-375.0,600.0,True,0,0,11,2,4,False,False,440.0,2,13,72,4.406143821004662,4.408653821010375
417,ok,openjij-sqa,200.0,200.0,110.0,25.0,default,32,41,-75.0,-375.0,300.0,True,0,0,13,8,2,False,True,220.0,8,7,70,4.377682053003809,4.380290152999805
418,ok,openjij-sqa,200.0,200.0,110.0,25.0,default,32,42,85.0,-375.0,460.0,True,0,0,12,6,3,False,False,330.0,6,9,47,4.350237961989478,4.352969661995303
419,ok,openjij-sqa,200.0,200.0,110.0,25.0,default,32,43,-70.0,-375.0,305.0,True,0,0,13,8,2,False,True,220.0,8,7,6,4.2766376780055,4.279471278001438
420,ok,openjij-sqa,200.0,200.0,110.0,25.0,default,32,44,-35.0,-375.0,340.0,True,0,0,13,2,2,False,True,220.0,2,13,16,4.232809709996218,4.235793109997758
421,ok,openjij-sqa,200.0,200.0,120.0,10.0,default,32,40,128.0,-150.0,278.0,True,0,0,13,7,2,False,True,240.0,7,8,63,4.355647445991053,4.35855564600206
422,ok,openjij-sqa,200.0,200.0,120.0,10.0,default,32,41,128.0,-150.0,278.0,True,0,0,13,8,2,False,True,240.0,8,7,14,4.754648161993828,4.757426862008288
423,ok,openjij-sqa,200.0,200.0,120.0,10.0,default,32,42,262.0,-150.0,412.0,True,0,0,12,4,3,False,False,360.0,4,11,10,4.273227561992826,4.2765846620022785
424,ok,openjij-sqa,200.0,200.0,120.0,10.0,default,32,43,122.0,-150.0,272.0,True,0,0,13,8,2,False,True,240.0,8,7,68,4.279465641011484,4.283660840999801
425,ok,openjij-sqa,200.0,200.0,120.0,10.0,default,32,44,400.0,-150.0,550.0,True,0,0,11,4,4,False,False,480.0,4,11,65,4.788403038008255,4.791105437994702
426,ok,openjij-sqa,200.0,200.0,120.0,15.0,default,32,40,-51.0,-225.0,174.0,True,0,0,14,6,1,False,True,120.0,6,9,31,4.360369198999251,4.364118999001221
427,ok,openjij-sqa,200.0,200.0,120.0,15.0,default,32,41,87.0,-225.0,312.0,True,0,0,13,4,2,False,True,240.0,4,11,26,4.321760601000278,4.324520000998746
428,ok,openjij-sqa,200.0,200.0,120.0,15.0,default,32,42,75.0,-225.0,300.0,True,0,0,13,8,2,False,True,240.0,8,7,58,4.283375104001607,4.286428603998502
429,ok,openjij-sqa,200.0,200.0,120.0,15.0,default,32,43,93.0,-225.0,318.0,True,0,0,13,5,2,False,True,240.0,5,10,17,4.275173799993354,4.278737299988279
430,ok,openjij-sqa,200.0,200.0,120.0,15.0,default,32,44,84.0,-225.0,309.0,True,0,0,13,4,2,False,True,240.0,4,11,37,4.287208791996818,4.29064369200205
431,ok,openjij-sqa,200.0,200.0,120.0,20.0,default,32,40,136.0,-300.0,436.0,True,0,0,12,10,3,False,False,360.0,10,5,36,4.2578570949990535,4.260553494998021
432,ok,openjij-sqa,200.0,200.0,120.0,20.0,default,32,41,44.0,-300.0,344.0,True,0,0,13,3,2,False,True,240.0,3,12,52,4.337503496994032,4.340550896988134
433,ok,openjij-sqa,200.0,200.0,120.0,20.0,default,32,42,152.0,-300.0,452.0,True,0,0,12,6,3,False,False,360.0,6,9,22,4.348077290997026,4.3514247910061385
434,ok,openjij-sqa,200.0,200.0,120.0,20.0,default,32,43,-112.0,-300.0,188.0,True,0,0,14,6,1,False,True,120.0,6,9,40,4.306846288003726,4.311186787992483
435,ok,openjij-sqa,200.0,200.0,120.0,20.0,default,32,44,44.0,-300.0,344.0,True,0,0,13,3,2,False,True,240.0,3,12,33,4.837549153002328,4.840951153004426
436,ok,openjij-sqa,200.0,200.0,120.0,25.0,default,32,40,120.0,-375.0,495.0,True,0,0,12,5,3,False,False,360.0,5,10,56,4.704882253994583,4.708245454006828
437,ok,openjij-sqa,200.0,200.0,120.0,25.0,default,32,41,-20.0,-375.0,355.0,True,0,0,13,6,2,False,True,240.0,6,9,65,4.469604482001159,4.472548981997534
438,ok,openjij-sqa,200.0,200.0,120.0,25.0,default,32,42,-50.0,-375.0,325.0,True,0,0,13,9,2,False,True,240.0,9,6,19,4.432875888000126,4.435405087991967
439,ok,openjij-sqa,200.0,200.0,120.0,25.0,default,32,43,-170.0,-375.0,205.0,True,0,0,14,6,1,False,True,120.0,6,9,22,4.764704094995977,4.767828894997365
440,ok,openjij-sqa,200.0,200.0,120.0,25.0,default,32,44,110.0,-375.0,485.0,True,0,0,12,7,3,False,False,360.0,7,8,15,4.374210713998764,4.391527214000234
441,ok,openjij-sqa,200.0,200.0,130.0,10.0,default,32,40,162.0,-150.0,312.0,True,0,0,13,4,2,False,True,260.0,4,11,25,4.391307926009176,4.394190825987607
442,ok,openjij-sqa,200.0,200.0,130.0,10.0,default,32,41,290.0,-150.0,440.0,True,0,0,12,5,3,False,False,390.0,5,10,85,4.759278397003072,4.762894997009425
443,ok,openjij-sqa,200.0,200.0,130.0,10.0,default,32,42,152.0,-150.0,302.0,True,0,0,13,5,2,False,True,260.0,5,10,43,4.473277690005489,4.475799790001474
444,ok,openjij-sqa,200.0,200.0,130.0,10.0,default,32,43,16.0,-150.0,166.0,True,0,0,14,5,1,False,True,130.0,5,10,31,4.578627195005538,4.582072894991143
445,ok,openjij-sqa,200.0,200.0,130.0,10.0,default,32,44,156.0,-150.0,306.0,True,0,0,13,6,2,False,True,260.0,6,9,41,4.890556094003841,4.893622793999384
446,ok,openjij-sqa,200.0,200.0,130.0,15.0,default,32,40,246.0,-225.0,471.0,True,0,0,12,6,3,False,False,390.0,6,9,75,4.316542492000735,4.319624091993319
447,ok,openjij-sqa,200.0,200.0,130.0,15.0,default,32,41,246.0,-225.0,471.0,True,0,0,12,6,3,False,False,390.0,6,9,76,4.414036793008563,4.417008692995296
448,ok,openjij-sqa,200.0,200.0,130.0,15.0,default,32,42,258.0,-225.0,483.0,True,0,0,12,3,3,False,False,390.0,3,12,64,4.274949093000032,4.27750699299213
449,ok,openjij-sqa,200.0,200.0,130.0,15.0,default,32,43,113.0,-225.0,338.0,True,0,0,13,6,2,False,True,260.0,6,9,50,4.258309879995068,4.26093318000494
450,ok,openjij-sqa,200.0,200.0,130.0,15.0,default,32,44,231.0,-225.0,456.0,True,0,0,12,8,3,False,False,390.0,8,7,89,4.251920776005136,4.255332675995305
451,ok,openjij-sqa,200.0,200.0,130.0,20.0,default,32,40,186.0,-300.0,486.0,True,0,0,12,6,3,False,False,390.0,6,9,25,4.288681987993186,4.291924688004656
452,ok,openjij-sqa,200.0,200.0,130.0,20.0,default,32,41,44.0,-300.0,344.0,True,0,0,13,8,2,False,True,260.0,8,7,60,4.268803090992151,4.271807290992001
453,ok,openjij-sqa,200.0,200.0,130.0,20.0,default,32,42,40.0,-300.0,340.0,True,0,0,13,4,2,False,True,260.0,4,11,65,4.249233469003229,4.252281768989633
454,ok,openjij-sqa,200.0,200.0,130.0,20.0,default,32,43,174.0,-300.0,474.0,True,0,0,12,7,3,False,False,390.0,7,8,83,4.2985486700054025,4.301207569995313
455,ok,openjij-sqa,200.0,200.0,130.0,20.0,default,32,44,222.0,-300.0,522.0,True,0,0,12,1,3,False,False,390.0,1,14,20,4.500818390006316,4.504340890009189
456,ok,openjij-sqa,200.0,200.0,130.0,25.0,default,32,40,-25.0,-375.0,350.0,True,0,0,13,9,2,False,True,260.0,9,6,19,4.4613474879879504,4.464383687998634
457,ok,openjij-sqa,200.0,200.0,130.0,25.0,default,32,41,-155.0,-375.0,220.0,True,0,0,14,7,1,False,True,130.0,7,8,36,4.400316983999801,4.403467284006183
458,ok,openjij-sqa,200.0,200.0,130.0,25.0,default,32,42,-15.0,-375.0,360.0,True,0,0,13,7,2,False,True,260.0,7,8,11,5.856841370012262,5.859875770009239
459,ok,openjij-sqa,200.0,200.0,130.0,25.0,default,32,43,110.0,-375.0,485.0,True,0,0,12,10,3,False,False,390.0,10,5,90,4.503443975001574,4.506236875007744
460,ok,openjij-sqa,200.0,200.0,130.0,25.0,default,32,44,150.0,-375.0,525.0,True,0,0,12,5,3,False,False,390.0,5,10,61,4.474781484997948,4.477396283997223
461,ok,openjij-sqa,200.0,200.0,140.0,10.0,default,32,40,190.0,-150.0,340.0,True,0,0,13,3,2,False,True,280.0,3,12,34,4.41146558499895,4.41479068499757
462,ok,openjij-sqa,200.0,200.0,140.0,10.0,default,32,41,176.0,-150.0,326.0,True,0,0,13,4,2,False,True,280.0,4,11,57,4.292048290997627,4.294983190993662
463,ok,openjij-sqa,200.0,200.0,140.0,10.0,default,32,42,18.0,-150.0,168.0,True,0,0,14,9,1,False,True,140.0,9,6,35,4.581255390992737,4.584037591004744
464,ok,openjij-sqa,200.0,200.0,140.0,10.0,default,32,43,180.0,-150.0,330.0,True,0,0,13,5,2,False,True,280.0,5,10,50,4.8779950919997646,4.880629492006847
465,ok,openjij-sqa,200.0,200.0,140.0,10.0,default,32,44,6.0,-150.0,156.0,True,0,0,14,13,1,False,True,140.0,13,2,15,4.291422191003221,4.2945039909973275
466,ok,openjij-sqa,200.0,200.0,140.0,15.0,default,32,40,267.0,-225.0,492.0,True,0,0,12,8,3,False,False,420.0,8,7,81,4.345837090993882,4.3486072910018265
467,ok,openjij-sqa,200.0,200.0,140.0,15.0,default,32,41,279.0,-225.0,504.0,True,0,0,12,4,3,False,False,420.0,4,11,30,6.24390398900141,6.246522489003837
468,ok,openjij-sqa,200.0,200.0,140.0,15.0,default,32,42,112.0,-225.0,337.0,True,0,0,13,8,2,False,True,280.0,8,7,16,9.282139781003934,9.285385181006859
469,ok,openjij-sqa,200.0,200.0,140.0,15.0,default,32,43,136.0,-225.0,361.0,True,0,0,13,4,2,False,True,280.0,4,11,36,9.82643527899927,9.829212078999262
470,ok,openjij-sqa,200.0,200.0,140.0,15.0,default,32,44,130.0,-225.0,355.0,True,0,0,13,6,2,False,True,280.0,6,9,35,4.9233822759997565,4.926160175993573
471,ok,openjij-sqa,200.0,200.0,140.0,20.0,default,32,40,84.0,-300.0,384.0,True,0,0,13,5,2,False,True,280.0,5,10,52,4.5099836839945056,4.512615683997865
472,ok,openjij-sqa,200.0,200.0,140.0,20.0,default,32,41,76.0,-300.0,376.0,True,0,0,13,4,2,False,True,280.0,4,11,39,4.603729489987018,4.606486389995553
473,ok,openjij-sqa,200.0,200.0,140.0,20.0,default,32,42,224.0,-300.0,524.0,True,0,0,12,5,3,False,False,420.0,5,10,62,4.44459288699727,4.447212187005789
474,ok,openjij-sqa,200.0,200.0,140.0,20.0,default,32,43,200.0,-300.0,500.0,True,0,0,12,9,3,False,False,420.0,9,6,70,4.4661503870011074,4.4689504870038945
475,ok,openjij-sqa,200.0,200.0,140.0,20.0,default,32,44,92.0,-300.0,392.0,True,0,0,13,3,2,False,True,280.0,3,12,29,4.4648316870006965,4.467392086007749
476,ok,openjij-sqa,200.0,200.0,140.0,25.0,default,32,40,-165.0,-375.0,210.0,True,0,0,14,10,1,False,True,140.0,10,5,18,4.386334191993228,4.388824591995217
477,ok,openjij-sqa,200.0,200.0,140.0,25.0,default,32,41,-150.0,-375.0,225.0,True,0,0,14,8,1,False,True,140.0,8,7,22,4.389765632004128,4.392439832008677
478,ok,openjij-sqa,200.0,200.0,140.0,25.0,default,32,42,45.0,-375.0,420.0,True,0,0,13,6,2,False,True,280.0,6,9,48,4.500046826986363,4.502658926998265
479,ok,openjij-sqa,200.0,200.0,140.0,25.0,default,32,43,5.0,-375.0,380.0,True,0,0,13,6,2,False,True,280.0,6,9,45,4.441337816009764,4.443834215999232
480,ok,openjij-sqa,200.0,200.0,140.0,25.0,default,32,44,45.0,-375.0,420.0,True,0,0,13,2,2,False,True,280.0,2,13,56,4.411637447003159,4.414187647009385
