case,status,backend,read_penalty,position_penalty,missing_penalty,reward_scale,beta,trotter,annealer_seed,energy,true_energy,energy_gap,valid,read_violations,position_violations,adjacent_correct,wrong_adjacencies,inversions,anneal_sec,total_sec
1,ok,openjij-sqa,70.0,70.0,55.0,35.0,default,32,40,-400.0,-525.0,125.0,True,0,0,11,4,22,7.767065492007532,7.768981091998285
2,ok,openjij-sqa,70.0,70.0,55.0,35.0,default,32,41,-260.0,-525.0,265.0,False,0,2,8,7,22,5.2657658889947925,5.283953389996896
3,ok,openjij-sqa,70.0,70.0,55.0,35.0,default,32,42,-364.0,-525.0,161.0,False,0,2,11,4,14,5.277610909004579,5.281583609001245
4,ok,openjij-sqa,70.0,70.0,55.0,35.0,default,32,43,-365.0,-525.0,160.0,True,0,0,10,5,41,5.441303984989645,5.444380184999318
5,ok,openjij-sqa,70.0,70.0,55.0,35.0,default,32,44,-261.0,-525.0,264.0,True,0,0,6,9,23,5.292147647996899,5.29606705000333
6,ok,openjij-sqa,70.0,70.0,55.0,40.0,default,32,40,-258.0,-600.0,342.0,True,0,0,2,13,43,5.257627276005223,5.2600855759956175
7,ok,openjij-sqa,70.0,70.0,55.0,40.0,default,32,41,-277.0,-600.0,323.0,False,0,2,6,9,34,5.157639743003529,5.161696144001326
8,ok,openjij-sqa,70.0,70.0,55.0,40.0,default,32,42,-301.0,-600.0,299.0,False,0,2,8,7,67,5.169104500993853,5.189827102993149
9,ok,openjij-sqa,70.0,70.0,55.0,40.0,default,32,43,-428.0,-600.0,172.0,False,0,2,11,4,21,5.243470941990381,5.247798743002932
10,ok,openjij-sqa,70.0,70.0,55.0,40.0,default,32,44,-370.0,-600.0,230.0,True,0,0,11,4,11,5.250040689003072,5.252860488995793
11,ok,openjij-sqa,70.0,70.0,55.0,45.0,default,32,40,-467.0,-675.0,208.0,True,0,0,4,11,20,5.216189116996247,5.2195034160104115
12,ok,openjij-sqa,70.0,70.0,55.0,45.0,default,32,41,-359.0,-675.0,316.0,False,0,4,7,8,25,5.430026041998644,5.432729342006496
13,ok,openjij-sqa,70.0,70.0,55.0,45.0,default,32,42,-448.0,-675.0,227.0,True,0,0,11,4,43,5.22649953099608,5.2289690309989965
14,ok,openjij-sqa,70.0,70.0,55.0,45.0,default,32,43,-521.0,-675.0,154.0,True,0,0,10,5,55,6.575365088006947,6.577977485008887
15,ok,openjij-sqa,70.0,70.0,55.0,45.0,default,32,44,-377.0,-675.0,298.0,False,0,4,6,9,10,5.961380448992713,5.964005349000217
16,ok,openjij-sqa,70.0,70.0,60.0,35.0,default,32,40,-293.0,-525.0,232.0,True,0,0,10,5,73,5.4140294960088795,5.417592096011504
17,ok,openjij-sqa,70.0,70.0,60.0,35.0,default,32,41,-273.0,-525.0,252.0,False,0,2,4,11,32,5.421787219995167,5.425207219988806
18,ok,openjij-sqa,70.0,70.0,60.0,35.0,default,32,42,-283.0,-525.0,242.0,False,1,1,8,7,33,5.234798265999416,5.237355666002259
19,ok,openjij-sqa,70.0,70.0,60.0,35.0,default,32,43,-388.0,-525.0,137.0,True,0,0,9,6,20,5.179856595990714,5.183406395008205
20,ok,openjij-sqa,70.0,70.0,60.0,35.0,default,32,44,-381.0,-525.0,144.0,True,0,0,8,7,9,5.451796887995442,5.454329587999382
21,ok,openjij-sqa,70.0,70.0,60.0,40.0,default,32,40,-332.0,-600.0,268.0,False,2,2,9,6,27,5.353480153004057,5.3560300530079985
22,ok,openjij-sqa,70.0,70.0,60.0,40.0,default,32,41,-344.0,-600.0,256.0,True,0,0,8,7,69,5.182278640000732,5.185402340008295
23,ok,openjij-sqa,70.0,70.0,60.0,40.0,default,32,42,-336.0,-600.0,264.0,True,0,0,8,7,7,5.329016770992894,5.3315240709926
24,ok,openjij-sqa,70.0,70.0,60.0,40.0,default,32,43,-368.0,-600.0,232.0,False,1,1,7,8,37,5.300018380992697,5.303146781006944
25,ok,openjij-sqa,70.0,70.0,60.0,40.0,default,32,44,-296.0,-600.0,304.0,True,0,0,7,8,50,5.419711267997627,5.423590068996418
26,ok,openjij-sqa,70.0,70.0,60.0,45.0,default,32,40,-449.0,-675.0,226.0,False,1,3,7,8,27,5.27543687200523,5.278911973000504
27,ok,openjij-sqa,70.0,70.0,60.0,45.0,default,32,41,-377.0,-675.0,298.0,False,0,4,7,8,23,6.150551415994414,6.153106415993534
28,ok,openjij-sqa,70.0,70.0,60.0,45.0,default,32,42,-534.0,-675.0,141.0,True,0,0,11,4,24,5.48191742200288,5.484407822004869
29,ok,openjij-sqa,70.0,70.0,60.0,45.0,default,32,43,-453.0,-675.0,222.0,True,0,0,4,11,36,6.286084102990571,6.288644702988677
30,ok,openjij-sqa,70.0,70.0,60.0,45.0,default,32,44,-476.0,-675.0,199.0,False,0,4,11,4,13,6.10170641199511,6.104221412009792
31,ok,openjij-sqa,70.0,70.0,65.0,35.0,default,32,40,-234.0,-525.0,291.0,True,0,0,5,10,70,5.342123744994751,5.344817445002263
32,ok,openjij-sqa,70.0,70.0,65.0,35.0,default,32,41,-234.0,-525.0,291.0,True,0,0,7,8,48,7.095411928996327,7.098954828994465
33,ok,openjij-sqa,70.0,70.0,65.0,35.0,default,32,42,-294.0,-525.0,231.0,False,1,3,9,6,37,6.177466038992861,6.180059239006368
34,ok,openjij-sqa,70.0,70.0,65.0,35.0,default,32,43,-362.0,-525.0,163.0,True,0,0,8,7,48,6.402511133986991,6.4052624339965405
35,ok,openjij-sqa,70.0,70.0,65.0,35.0,default,32,44,-411.0,-525.0,114.0,True,0,0,13,2,10,7.249722858003224,7.253922557996702
36,ok,openjij-sqa,70.0,70.0,65.0,40.0,default,32,40,-415.0,-600.0,185.0,True,0,0,7,8,31,9.437245553999674,9.439879253986874
37,ok,openjij-sqa,70.0,70.0,65.0,40.0,default,32,41,-294.0,-600.0,306.0,True,0,0,6,9,48,8.186613350000698,8.189137249995838
38,ok,openjij-sqa,70.0,70.0,65.0,40.0,default,32,42,-320.0,-600.0,280.0,False,0,4,7,8,33,7.914406340001733,7.917069239992998
39,ok,openjij-sqa,70.0,70.0,65.0,40.0,default,32,43,-399.0,-600.0,201.0,True,0,0,8,7,24,7.7525209250015905,7.7556262250000145
40,ok,openjij-sqa,70.0,70.0,65.0,40.0,default,32,44,-299.0,-600.0,301.0,False,0,2,8,7,72,10.127588211005786,10.130370110986405
41,ok,openjij-sqa,70.0,70.0,65.0,45.0,default,32,40,-458.0,-675.0,217.0,False,1,3,8,7,66,5.629693983995821,5.632412184000714
42,ok,openjij-sqa,70.0,70.0,65.0,45.0,default,32,41,-475.0,-675.0,200.0,True,0,0,7,8,19,5.500550220996956,5.504408820997924
43,ok,openjij-sqa,70.0,70.0,65.0,45.0,default,32,42,-493.0,-675.0,182.0,True,0,0,9,6,17,5.5174083940073615,5.520981794004911
44,ok,openjij-sqa,70.0,70.0,65.0,45.0,default,32,43,-502.0,-675.0,173.0,True,0,0,8,7,7,5.43251932199928,5.43503732199315
45,ok,openjij-sqa,70.0,70.0,65.0,45.0,default,32,44,-386.0,-675.0,289.0,False,0,4,5,10,16,5.8017946480104,5.804359948000638
46,ok,openjij-sqa,75.0,75.0,55.0,35.0,default,32,40,-247.0,-525.0,278.0,True,0,0,5,10,33,5.402400888997363,5.405494888997055
47,ok,openjij-sqa,75.0,75.0,55.0,35.0,default,32,41,-296.0,-525.0,229.0,True,0,0,9,6,40,5.331893595997826,5.335367595995194
48,ok,openjij-sqa,75.0,75.0,55.0,35.0,default,32,42,-284.0,-525.0,241.0,False,0,2,6,9,33,5.4934525020071305,5.498188002005918
49,ok,openjij-sqa,75.0,75.0,55.0,35.0,default,32,43,-275.0,-525.0,250.0,True,0,0,6,9,67,5.374808606997249,5.377850207005395
50,ok,openjij-sqa,75.0,75.0,55.0,35.0,default,32,44,-393.0,-525.0,132.0,True,0,0,12,3,9,5.38722413299547,5.39000733300054
51,ok,openjij-sqa,75.0,75.0,55.0,40.0,default,32,40,-401.0,-600.0,199.0,True,0,0,5,10,29,5.336322659000871,5.338838758994825
52,ok,openjij-sqa,75.0,75.0,55.0,40.0,default,32,41,-426.0,-600.0,174.0,False,0,2,11,4,15,5.653405110002495,5.655877209996106
53,ok,openjij-sqa,75.0,75.0,55.0,40.0,default,32,42,-332.0,-600.0,268.0,False,1,3,7,8,18,5.394088051994913,5.397964251998928
54,ok,openjij-sqa,75.0,75.0,55.0,40.0,default,32,43,-481.0,-600.0,119.0,True,0,0,11,4,19,5.393385414994555,5.3959274149965495
55,ok,openjij-sqa,75.0,75.0,55.0,40.0,default,32,44,-347.0,-600.0,253.0,False,1,1,7,8,21,5.307432705012616,5.311767105013132
56,ok,openjij-sqa,75.0,75.0,55.0,45.0,default,32,40,-449.0,-675.0,226.0,True,0,0,6,9,36,5.4506359939987306,5.472995894000633
57,ok,openjij-sqa,75.0,75.0,55.0,45.0,default,32,41,-394.0,-675.0,281.0,True,0,0,7,8,44,5.317333585990127,5.320066186002805
58,ok,openjij-sqa,75.0,75.0,55.0,45.0,default,32,42,-521.0,-675.0,154.0,True,0,0,11,4,42,5.408787971988204,5.411354272000608
59,ok,openjij-sqa,75.0,75.0,55.0,45.0,default,32,43,-485.0,-675.0,190.0,True,0,0,7,8,48,5.493792395005585,5.496374794995063
60,ok,openjij-sqa,75.0,75.0,55.0,45.0,default,32,44,-398.0,-675.0,277.0,False,0,2,7,8,15,5.32686900900444,5.3294314090017
61,ok,openjij-sqa,75.0,75.0,60.0,35.0,default,32,40,-314.0,-525.0,211.0,True,0,0,11,4,34,5.406425917011802,5.4092922169948
62,ok,openjij-sqa,75.0,75.0,60.0,35.0,default,32,41,-367.0,-525.0,158.0,True,0,0,11,4,33,5.338447410002118,5.34215970999503
63,ok,openjij-sqa,75.0,75.0,60.0,35.0,default,32,42,-265.0,-525.0,260.0,True,0,0,6,9,30,5.292496907000896,5.294942706997972
64,ok,openjij-sqa,75.0,75.0,60.0,35.0,default,32,43,-353.0,-525.0,172.0,True,0,0,6,9,44,5.304294504006975,5.308180603999062
65,ok,openjij-sqa,75.0,75.0,60.0,35.0,default,32,44,-196.0,-525.0,329.0,False,0,2,6,9,68,5.310587704007048,5.3130487040034495
66,ok,openjij-sqa,75.0,75.0,60.0,40.0,default,32,40,-344.0,-600.0,256.0,True,0,0,6,9,42,5.48882050300017,5.491352602999541
67,ok,openjij-sqa,75.0,75.0,60.0,40.0,default,32,41,-350.0,-600.0,250.0,False,1,1,7,8,20,7.202827797998907,7.2053231979953125
68,ok,openjij-sqa,75.0,75.0,60.0,40.0,default,32,42,-600.0,-600.0,0.0,True,0,0,15,0,0,5.482668109005317,5.485738609000691
69,ok,openjij-sqa,75.0,75.0,60.0,40.0,default,32,43,-452.0,-600.0,148.0,True,0,0,10,5,8,5.346008152002469,5.348648251994746
70,ok,openjij-sqa,75.0,75.0,60.0,40.0,default,32,44,-376.0,-600.0,224.0,True,0,0,11,4,17,5.2726137149875285,5.275726213993039
71,ok,openjij-sqa,75.0,75.0,60.0,45.0,default,32,40,-402.0,-675.0,273.0,True,0,0,8,7,73,5.101764976003324,5.1049508759897435
72,ok,openjij-sqa,75.0,75.0,60.0,45.0,default,32,41,-411.0,-675.0,264.0,False,1,1,8,7,34,5.252390088993707,5.255984289004118
73,ok,openjij-sqa,75.0,75.0,60.0,45.0,default,32,42,-426.0,-675.0,249.0,False,0,2,6,9,19,5.204348900995683,5.206810001007398
74,ok,openjij-sqa,75.0,75.0,60.0,45.0,default,32,43,-375.0,-675.0,300.0,True,0,0,7,8,66,5.289897810987895,5.2937306109961355
75,ok,openjij-sqa,75.0,75.0,60.0,45.0,default,32,44,-411.0,-675.0,264.0,True,0,0,9,6,34,5.382801692001522,5.385516091992031
76,ok,openjij-sqa,75.0,75.0,65.0,35.0,default,32,40,-304.0,-525.0,221.0,True,0,0,12,3,75,5.2108573709992925,5.214985270999023
77,ok,openjij-sqa,75.0,75.0,65.0,35.0,default,32,41,-376.0,-525.0,149.0,True,0,0,11,4,44,5.168730189005146,5.17239278901252
78,ok,openjij-sqa,75.0,75.0,65.0,35.0,default,32,42,-255.0,-525.0,270.0,True,0,0,7,8,48,5.230545095007983,5.233720695003285
79,ok,openjij-sqa,75.0,75.0,65.0,35.0,default,32,43,-255.0,-525.0,270.0,True,0,0,7,8,47,5.165620401996421,5.168503702007001
80,ok,openjij-sqa,75.0,75.0,65.0,35.0,default,32,44,-355.0,-525.0,170.0,True,0,0,9,6,29,5.24311457600561,5.246556276004412
81,ok,openjij-sqa,75.0,75.0,65.0,40.0,default,32,40,-302.0,-600.0,298.0,True,0,0,6,9,58,5.240376037007081,5.243438436998986
82,ok,openjij-sqa,75.0,75.0,65.0,40.0,default,32,41,-418.0,-600.0,182.0,False,0,2,11,4,22,5.411514363004244,5.414097062996007
83,ok,openjij-sqa,75.0,75.0,65.0,40.0,default,32,42,-338.0,-600.0,262.0,False,0,2,5,10,48,5.2284450409933925,5.230957040999783
84,ok,openjij-sqa,75.0,75.0,65.0,40.0,default,32,43,-305.0,-600.0,295.0,False,0,2,8,7,70,5.421288345998619,5.423954845988192
85,ok,openjij-sqa,75.0,75.0,65.0,40.0,default,32,44,-326.0,-600.0,274.0,True,0,0,8,7,9,5.243802337005036,5.247762936996878
86,ok,openjij-sqa,75.0,75.0,65.0,45.0,default,32,40,-321.0,-675.0,354.0,False,1,3,4,11,44,5.254976183001418,5.2575432830053614
87,ok,openjij-sqa,75.0,75.0,65.0,45.0,default,32,41,-439.0,-675.0,236.0,True,0,0,0,15,28,5.2704704880015925,5.273717087999103
88,ok,openjij-sqa,75.0,75.0,65.0,45.0,default,32,42,-439.0,-675.0,236.0,True,0,0,4,11,35,5.159036379001918,5.161730279010953
89,ok,openjij-sqa,75.0,75.0,65.0,45.0,default,32,43,-529.0,-675.0,146.0,True,0,0,10,5,3,5.306574911010102,5.3095394109986955
90,ok,openjij-sqa,75.0,75.0,65.0,45.0,default,32,44,-547.0,-675.0,128.0,True,0,0,12,3,1,5.441708711994579,5.444734011995024
91,ok,openjij-sqa,80.0,80.0,55.0,35.0,default,32,40,-261.0,-525.0,264.0,True,0,0,4,11,58,5.255930571991485,5.258886272000382
92,ok,openjij-sqa,80.0,80.0,55.0,35.0,default,32,41,-337.0,-525.0,188.0,True,0,0,6,9,32,5.261398886999814,5.264179987003445
93,ok,openjij-sqa,80.0,80.0,55.0,35.0,default,32,42,-365.0,-525.0,160.0,True,0,0,6,9,14,5.3338657899876125,5.336403590001282
94,ok,openjij-sqa,80.0,80.0,55.0,35.0,default,32,43,-247.0,-525.0,278.0,True,0,0,5,10,25,5.21952318699914,5.22269628700451
95,ok,openjij-sqa,80.0,80.0,55.0,35.0,default,32,44,-316.0,-525.0,209.0,False,0,2,8,7,12,5.491525587989599,5.4941449879988795
96,ok,openjij-sqa,80.0,80.0,55.0,40.0,default,32,40,-384.0,-600.0,216.0,False,0,2,8,7,61,6.152033192993258,6.1563153930037515
97,ok,openjij-sqa,80.0,80.0,55.0,40.0,default,32,41,-425.0,-600.0,175.0,True,0,0,7,8,25,5.73781640001107,5.740718300003209
98,ok,openjij-sqa,80.0,80.0,55.0,40.0,default,32,42,-409.0,-600.0,191.0,True,0,0,7,8,28,6.177232264002669,6.18179606400372
99,ok,openjij-sqa,80.0,80.0,55.0,40.0,default,32,43,-362.0,-600.0,238.0,True,0,0,8,7,29,5.692346819996601,5.694965319999028
100,ok,openjij-sqa,80.0,80.0,55.0,40.0,default,32,44,-417.0,-600.0,183.0,True,0,0,5,10,22,5.906487788000959,5.91007698798785
101,ok,openjij-sqa,80.0,80.0,55.0,45.0,default,32,40,-349.0,-675.0,326.0,True,0,0,7,8,41,5.753547661006451,5.75675706101174
102,ok,openjij-sqa,80.0,80.0,55.0,45.0,default,32,41,-415.0,-675.0,260.0,False,1,1,7,8,50,5.389019088994246,5.391644388990244
103,ok,openjij-sqa,80.0,80.0,55.0,45.0,default,32,42,-452.0,-675.0,223.0,False,0,2,10,5,53,5.366040089997114,5.368784490012331
104,ok,openjij-sqa,80.0,80.0,55.0,45.0,default,32,43,-503.0,-675.0,172.0,True,0,0,8,7,47,6.003613585999119,6.023513585998444
105,ok,openjij-sqa,80.0,80.0,55.0,45.0,default,32,44,-371.0,-675.0,304.0,False,0,2,5,10,39,5.121855478006182,5.124774077994516
106,ok,openjij-sqa,80.0,80.0,60.0,35.0,default,32,40,-258.0,-525.0,267.0,True,0,0,7,8,72,5.323264275997644,5.326915776007809
107,ok,openjij-sqa,80.0,80.0,60.0,35.0,default,32,41,-258.0,-525.0,267.0,True,0,0,5,10,57,5.29588487399451,5.2984995739971055
108,ok,openjij-sqa,80.0,80.0,60.0,35.0,default,32,42,-307.0,-525.0,218.0,True,0,0,11,4,23,5.165414057992166,5.168040257995017
109,ok,openjij-sqa,80.0,80.0,60.0,35.0,default,32,43,-300.0,-525.0,225.0,True,0,0,10,5,25,5.305162071992527,5.307793771993602
110,ok,openjij-sqa,80.0,80.0,60.0,35.0,default,32,44,-353.0,-525.0,172.0,True,0,0,7,8,16,5.218457388997194,5.2213859890034655
111,ok,openjij-sqa,80.0,80.0,60.0,40.0,default,32,40,-344.0,-600.0,256.0,True,0,0,8,7,11,5.32662289700238,5.329971597006079
112,ok,openjij-sqa,80.0,80.0,60.0,40.0,default,32,41,-404.0,-600.0,196.0,True,0,0,6,9,19,5.17294701100036,5.1763428110134555
113,ok,openjij-sqa,80.0,80.0,60.0,40.0,default,32,42,-420.0,-600.0,180.0,True,0,0,6,9,16,5.131128428998636,5.133920330001274
114,ok,openjij-sqa,80.0,80.0,60.0,40.0,default,32,43,-412.0,-600.0,188.0,True,0,0,6,9,24,5.087708798004314,5.090209697998944
115,ok,openjij-sqa,80.0,80.0,60.0,40.0,default,32,44,-304.0,-600.0,296.0,True,0,0,3,12,18,5.203620985004818,5.206295784999384
116,ok,openjij-sqa,80.0,80.0,60.0,45.0,default,32,40,-260.0,-675.0,415.0,False,1,1,5,10,30,5.304313462009304,5.307335662000696
117,ok,openjij-sqa,80.0,80.0,60.0,45.0,default,32,41,-374.0,-675.0,301.0,False,0,2,9,6,86,7.041261081001721,7.045464880997315
118,ok,openjij-sqa,80.0,80.0,60.0,45.0,default,32,42,-455.0,-675.0,220.0,False,1,1,10,5,50,5.165503091993742,5.169274692001636
119,ok,openjij-sqa,80.0,80.0,60.0,45.0,default,32,43,-338.0,-675.0,337.0,False,0,2,8,7,19,4.9850825920002535,4.9876816920004785
120,ok,openjij-sqa,80.0,80.0,60.0,45.0,default,32,44,-400.0,-675.0,275.0,False,1,3,7,8,22,5.299213013990084,5.3017649139947025
121,ok,openjij-sqa,80.0,80.0,65.0,35.0,default,32,40,-202.0,-525.0,323.0,False,0,2,7,8,66,5.139258904004237,5.141906503995415
122,ok,openjij-sqa,80.0,80.0,65.0,35.0,default,32,41,-206.0,-525.0,319.0,True,0,0,6,9,46,5.1178019950020825,5.121015894997981
123,ok,openjij-sqa,80.0,80.0,65.0,35.0,default,32,42,-334.0,-525.0,191.0,True,0,0,3,12,30,5.070593394993921,5.07350179500645
124,ok,openjij-sqa,80.0,80.0,65.0,35.0,default,32,43,-181.0,-525.0,344.0,False,0,2,5,10,61,5.089681996003492,5.09421739600657
125,ok,openjij-sqa,80.0,80.0,65.0,35.0,default,32,44,-351.0,-525.0,174.0,False,0,2,12,3,8,5.215673400001833,5.218285700000706
126,ok,openjij-sqa,80.0,80.0,65.0,40.0,default,32,40,-407.0,-600.0,193.0,True,0,0,8,7,16,5.056698704007431,5.059433504007757
127,ok,openjij-sqa,80.0,80.0,65.0,40.0,default,32,41,-423.0,-600.0,177.0,True,0,0,6,9,53,4.981596710000304,4.984840110002551
128,ok,openjij-sqa,80.0,80.0,65.0,40.0,default,32,42,-431.0,-600.0,169.0,True,0,0,10,5,9,4.99620612799481,4.9986748279916355
129,ok,openjij-sqa,80.0,80.0,65.0,40.0,default,32,43,-383.0,-600.0,217.0,True,0,0,6,9,35,5.028353521003737,5.03148462100944
130,ok,openjij-sqa,80.0,80.0,65.0,40.0,default,32,44,-407.0,-600.0,193.0,True,0,0,6,9,42,5.127247918993817,5.129781019000802
131,ok,openjij-sqa,80.0,80.0,65.0,45.0,default,32,40,-396.0,-675.0,279.0,False,1,1,5,10,27,4.9928277599974535,4.996228460004204
132,ok,openjij-sqa,80.0,80.0,65.0,45.0,default,32,41,-380.0,-675.0,295.0,False,0,2,6,9,48,5.015734546002932,5.0193323459971
133,ok,openjij-sqa,80.0,80.0,65.0,45.0,default,32,42,-493.0,-675.0,182.0,True,0,0,9,6,26,4.85413582601177,4.8569134260033024
134,ok,openjij-sqa,80.0,80.0,65.0,45.0,default,32,43,-300.0,-675.0,375.0,True,0,0,8,7,60,5.09203560599417,5.094804705993738
135,ok,openjij-sqa,80.0,80.0,65.0,45.0,default,32,44,-448.0,-675.0,227.0,True,0,0,5,10,32,4.977675001005991,4.980430501003866
