case,status,backend,read_penalty,position_penalty,missing_penalty,reward_scale,beta,trotter,energy,true_energy,energy_gap,valid,read_violations,position_violations,adjacent_correct,wrong_adjacencies,inversions,anneal_sec,total_sec
1,ok,openjij-sqa,75.0,75.0,30.0,20.0,default,32,-144.0,-300.0,156.0,True,0,0,5,10,60,12.020417346999238,12.022325047000777
2,ok,openjij-sqa,75.0,75.0,30.0,25.0,default,32,-275.0,-375.0,100.0,True,0,0,7,8,30,9.295806218000507,9.315097616999992
3,ok,openjij-sqa,75.0,75.0,30.0,30.0,default,32,-288.0,-450.0,162.0,True,0,0,9,6,75,9.344344504999754,9.346817904999625
4,ok,openjij-sqa,75.0,75.0,30.0,35.0,default,32,-425.0,-525.0,100.0,True,0,0,12,3,6,12.281826216001718,12.284533517000455
5,ok,openjij-sqa,75.0,75.0,30.0,40.0,default,32,-442.0,-600.0,158.0,True,0,0,8,7,34,9.202183456000057,9.205152157001066
6,ok,openjij-sqa,75.0,75.0,40.0,20.0,default,32,-64.0,-300.0,236.0,True,0,0,2,13,21,8.78837088599903,8.791518586000166
7,ok,openjij-sqa,75.0,75.0,40.0,25.0,default,32,-200.0,-375.0,175.0,True,0,0,7,8,43,8.702982147999137,8.705533446000118
8,ok,openjij-sqa,75.0,75.0,40.0,30.0,default,32,-244.0,-450.0,206.0,True,0,0,6,9,48,10.581914080999923,10.584735780999836
9,ok,openjij-sqa,75.0,75.0,40.0,35.0,default,32,-256.0,-525.0,269.0,True,0,0,5,10,47,11.391556305999984,11.396080606000396
10,ok,openjij-sqa,75.0,75.0,40.0,40.0,default,32,-360.0,-600.0,240.0,True,0,0,3,12,43,9.109437162000177,9.112545562000378
11,ok,openjij-sqa,75.0,75.0,50.0,20.0,default,32,-178.0,-300.0,122.0,True,0,0,6,9,35,8.930445285999667,8.933815884998694
12,ok,openjij-sqa,75.0,75.0,50.0,25.0,default,32,-240.0,-375.0,135.0,True,0,0,5,10,29,9.01331087699873,9.015992777000065
13,ok,openjij-sqa,75.0,75.0,50.0,30.0,default,32,-236.0,-450.0,214.0,True,0,0,8,7,58,8.852690892999817,8.855095093000273
14,ok,openjij-sqa,75.0,75.0,50.0,35.0,default,32,-356.0,-525.0,169.0,True,0,0,4,11,43,9.033391626999219,9.03700852700058
15,ok,openjij-sqa,75.0,75.0,50.0,40.0,default,32,-396.0,-600.0,204.0,True,0,0,10,5,5,8.8713733329987,8.873920932999681
16,ok,openjij-sqa,75.0,75.0,60.0,20.0,default,32,-92.0,-300.0,208.0,True,0,0,6,9,33,8.962990375001027,8.965835175000393
17,ok,openjij-sqa,75.0,75.0,60.0,25.0,default,32,-80.0,-375.0,295.0,True,0,0,6,9,90,9.1255798459988,9.128432646000874
18,ok,openjij-sqa,75.0,75.0,60.0,30.0,default,32,-222.0,-450.0,228.0,False,0,2,6,9,42,9.043437129999802,9.04628042999866
19,ok,openjij-sqa,75.0,75.0,60.0,35.0,default,32,-265.0,-525.0,260.0,True,0,0,6,9,30,9.002104249000695,9.004683148999902
20,ok,openjij-sqa,75.0,75.0,60.0,40.0,default,32,-600.0,-600.0,0.0,True,0,0,15,0,0,8.936994020001293,8.93997132000004
21,ok,openjij-sqa,100.0,100.0,30.0,20.0,default,32,-68.0,-300.0,232.0,True,0,0,5,10,56,8.765468036001039,8.767964036000194
22,ok,openjij-sqa,100.0,100.0,30.0,25.0,default,32,-155.0,-375.0,220.0,True,0,0,4,11,68,8.890500931000133,8.893216231001134
23,ok,openjij-sqa,100.0,100.0,30.0,30.0,default,32,-312.0,-450.0,138.0,True,0,0,8,7,37,8.93504830999882,8.937607210998976
24,ok,openjij-sqa,100.0,100.0,30.0,35.0,default,32,-230.0,-525.0,295.0,True,0,0,9,6,36,8.97232160600106,8.974988206002308
25,ok,openjij-sqa,100.0,100.0,30.0,40.0,default,32,-388.0,-600.0,212.0,True,0,0,9,6,41,8.836023081999883,8.839108782001858
26,ok,openjij-sqa,100.0,100.0,40.0,20.0,default,32,-192.0,-300.0,108.0,True,0,0,5,10,33,9.069210980000207,9.071797280001192
27,ok,openjij-sqa,100.0,100.0,40.0,25.0,default,32,-145.0,-375.0,230.0,True,0,0,4,11,35,8.763001889001316,8.765627788998245
28,ok,openjij-sqa,100.0,100.0,40.0,30.0,default,32,-198.0,-450.0,252.0,True,0,0,7,8,30,8.877456645001075,8.880185244997847
29,ok,openjij-sqa,100.0,100.0,40.0,35.0,default,32,-373.0,-525.0,152.0,True,0,0,6,9,16,9.302176186996803,9.304756286997872
30,ok,openjij-sqa,100.0,100.0,40.0,40.0,default,32,-336.0,-600.0,264.0,True,0,0,7,8,19,10.064916761002678,10.068240761000197
31,ok,openjij-sqa,100.0,100.0,50.0,20.0,default,32,-58.0,-300.0,242.0,True,0,0,6,9,60,9.410499161000189,9.413157160997798
32,ok,openjij-sqa,100.0,100.0,50.0,25.0,default,32,-115.0,-375.0,260.0,True,0,0,2,13,40,8.86337216299944,8.866992663002748
33,ok,openjij-sqa,100.0,100.0,50.0,30.0,default,32,-266.0,-450.0,184.0,True,0,0,11,4,30,9.25989366399881,9.262672463999479
34,ok,openjij-sqa,100.0,100.0,50.0,35.0,default,32,-327.0,-525.0,198.0,True,0,0,11,4,30,8.768891601997893,8.77224220199787
35,ok,openjij-sqa,100.0,100.0,50.0,40.0,default,32,-380.0,-600.0,220.0,True,0,0,9,6,22,9.092359182002838,9.09488748199874
36,ok,openjij-sqa,100.0,100.0,60.0,20.0,default,32,-84.0,-300.0,216.0,True,0,0,7,8,34,8.771552474998316,8.774798575002933
37,ok,openjij-sqa,100.0,100.0,60.0,25.0,default,32,-55.0,-375.0,320.0,True,0,0,6,9,45,9.121766930999001,9.124409830998047
38,ok,openjij-sqa,100.0,100.0,60.0,30.0,default,32,-306.0,-450.0,144.0,True,0,0,7,8,38,8.828971978000482,8.831532678002986
39,ok,openjij-sqa,100.0,100.0,60.0,35.0,default,32,-237.0,-525.0,288.0,True,0,0,3,12,45,9.003094686002441,9.006136286003311
40,ok,openjij-sqa,100.0,100.0,60.0,40.0,default,32,-460.0,-600.0,140.0,True,0,0,10,5,51,8.867628321000666,8.870623421000346
41,ok,openjij-sqa,150.0,150.0,30.0,20.0,default,32,-102.0,-300.0,198.0,True,0,0,5,10,21,9.149597595998785,9.154508996001823
42,ok,openjij-sqa,150.0,150.0,30.0,25.0,default,32,-130.0,-375.0,245.0,True,0,0,8,7,34,8.808860496999841,8.811301497000386
43,ok,openjij-sqa,150.0,150.0,30.0,30.0,default,32,-342.0,-450.0,108.0,True,0,0,8,7,11,8.77827880300174,8.781466303000343
44,ok,openjij-sqa,150.0,150.0,30.0,35.0,default,32,-311.0,-525.0,214.0,True,0,0,6,9,13,9.151397811998322,9.15418151200356
45,ok,openjij-sqa,150.0,150.0,30.0,40.0,default,32,-418.0,-600.0,182.0,True,0,0,4,11,32,8.855108302999724,8.857841503002419
46,ok,openjij-sqa,150.0,150.0,40.0,20.0,default,32,-72.0,-300.0,228.0,True,0,0,4,11,71,8.685767928000132,8.688921028002369
47,ok,openjij-sqa,150.0,150.0,40.0,25.0,default,32,-165.0,-375.0,210.0,True,0,0,9,6,39,8.985060327999236,8.987967328001105
48,ok,openjij-sqa,150.0,150.0,40.0,30.0,default,32,-256.0,-450.0,194.0,True,0,0,7,8,44,8.971987019001972,8.97457121899788
49,ok,openjij-sqa,150.0,150.0,40.0,35.0,default,32,-207.0,-525.0,318.0,True,0,0,2,13,42,9.198053932999755,9.20071173299948
50,ok,openjij-sqa,150.0,150.0,40.0,40.0,default,32,-296.0,-600.0,304.0,True,0,0,8,7,79,9.025162778001686,9.027688477999618
51,ok,openjij-sqa,150.0,150.0,50.0,20.0,default,32,-84.0,-300.0,216.0,True,0,0,3,12,24,9.14752489699822,9.15008739699988
52,ok,openjij-sqa,150.0,150.0,50.0,25.0,default,32,-75.0,-375.0,300.0,True,0,0,4,11,69,8.977347883999755,8.98027868400095
53,ok,openjij-sqa,150.0,150.0,50.0,30.0,default,32,-76.0,-450.0,374.0,True,0,0,6,9,64,8.89173686399954,8.894497764002153
54,ok,openjij-sqa,150.0,150.0,50.0,35.0,default,32,-242.0,-525.0,283.0,True,0,0,9,6,85,8.966385052997794,8.984878752999066
55,ok,openjij-sqa,150.0,150.0,50.0,40.0,default,32,-300.0,-600.0,300.0,True,0,0,7,8,40,8.764879677000863,8.768458776998159
56,ok,openjij-sqa,150.0,150.0,60.0,20.0,default,32,12.0,-300.0,312.0,True,0,0,2,13,73,14.286873499000649,14.289418099000613
57,ok,openjij-sqa,150.0,150.0,60.0,25.0,default,32,-115.0,-375.0,260.0,True,0,0,5,10,32,8.915578161999292,8.918377961999795
58,ok,openjij-sqa,150.0,150.0,60.0,30.0,default,32,-222.0,-450.0,228.0,True,0,0,6,9,55,8.931430472999637,8.935027272997104
59,ok,openjij-sqa,150.0,150.0,60.0,35.0,default,32,-251.0,-525.0,274.0,True,0,0,6,9,32,8.85196261099918,8.854610910999327
60,ok,openjij-sqa,150.0,150.0,60.0,40.0,default,32,-412.0,-600.0,188.0,True,0,0,7,8,37,8.85386068400112,8.857264484002371
