position	read_id	orientation	next_read_id
0	SRR27862880.9001_m2	-1	SRR27862880.122501_m2
1	SRR27862880.122501_m2	+1	SRR27862880.150001_m1
2	SRR27862880.150001_m1	-1	SRR27862880.122001_m1
3	SRR27862880.122001_m1	+1	SRR27862880.183001_m1
4	SRR27862880.183001_m1	+1	SRR27862880.40501_m2
5	SRR27862880.40501_m2	-1	SRR27862880.122501_m1
6	SRR27862880.122501_m1	-1	SRR27862880.194001_m1
7	SRR27862880.194001_m1	+1	SRR27862880.184501_m1
8	SRR27862880.184501_m1	+1	SRR27862880.233501_m2
9	SRR27862880.233501_m2	+1	SRR27862880.35001_m2
10	SRR27862880.35001_m2	-1	SRR27862880.130001_m2
11	SRR27862880.130001_m2	-1	SRR27862880.81501_m1
12	SRR27862880.81501_m1	-1	SRR27862880.6001_m2
13	SRR27862880.6001_m2	+1	SRR27862880.183001_m2
14	SRR27862880.183001_m2	-1	SRR27862880.182501_m1
15	SRR27862880.182501_m1	-1	SRR27862880.131001_m2
16	SRR27862880.131001_m2	-1	SRR27862880.118001_m1
17	SRR27862880.118001_m1	+1	SRR27862880.126001_m2
18	SRR27862880.126001_m2	-1	SRR27862880.221501_m2
19	SRR27862880.221501_m2	-1	SRR27862880.233501_m1
20	SRR27862880.233501_m1	-1	SRR27862880.87001_m2
21	SRR27862880.87001_m2	+1	SRR27862880.19501_m2
22	SRR27862880.19501_m2	-1	SRR27862880.55501_m1
23	SRR27862880.55501_m1	-1	SRR27862880.6001_m1
24	SRR27862880.6001_m1	-1	SRR27862880.62501_m2
25	SRR27862880.62501_m2	-1	SRR27862880.74501_m1
26	SRR27862880.74501_m1	-1	SRR27862880.162001_m2
27	SRR27862880.162001_m2	+1	SRR27862880.118001_m2
28	SRR27862880.118001_m2	-1	SRR27862880.87501_m1
29	SRR27862880.87501_m1	-1	SRR27862880.97001_m2
30	SRR27862880.97001_m2	+1	SRR27862880.225501_m2
31	SRR27862880.225501_m2	-1	SRR27862880.1501_m2
32	SRR27862880.1501_m2	+1	SRR27862880.11001_m1
33	SRR27862880.11001_m1	-1	SRR27862880.38501_m2
34	SRR27862880.38501_m2	+1	SRR27862880.119001_m1
35	SRR27862880.119001_m1	-1	SRR27862880.169001_m1
36	SRR27862880.169001_m1	-1	SRR27862880.97001_m1
37	SRR27862880.97001_m1	-1	SRR27862880.175501_m2
38	SRR27862880.175501_m2	+1	SRR27862880.158501_m2
39	SRR27862880.158501_m2	+1	SRR27862880.176501_m2
40	SRR27862880.176501_m2	+1	SRR27862880.43501_m2
41	SRR27862880.43501_m2	+1	SRR27862880.65501_m2
42	SRR27862880.65501_m2	-1	SRR27862880.133001_m1
43	SRR27862880.133001_m1	+1	SRR27862880.45501_m1
44	SRR27862880.45501_m1	-1	SRR27862880.34501_m2
45	SRR27862880.34501_m2	-1	SRR27862880.200001_m1
46	SRR27862880.200001_m1	+1	SRR27862880.213501_m2
47	SRR27862880.213501_m2	+1	SRR27862880.59501_m1
48	SRR27862880.59501_m1	+1	SRR27862880.21501_m1
49	SRR27862880.21501_m1	+1	SRR27862880.114501_m1
50	SRR27862880.114501_m1	+1	SRR27862880.218001_m2
51	SRR27862880.218001_m2	+1	SRR27862880.15501_m1
52	SRR27862880.15501_m1	-1	SRR27862880.239001_m1
53	SRR27862880.239001_m1	-1	SRR27862880.108001_m1
54	SRR27862880.108001_m1	-1	SRR27862880.78001_m2
55	SRR27862880.78001_m2	-1	SRR27862880.189001_m2
56	SRR27862880.189001_m2	-1	SRR27862880.216001_m1
57	SRR27862880.216001_m1	+1	SRR27862880.158501_m1
58	SRR27862880.158501_m1	-1	SRR27862880.242001_m2
59	SRR27862880.242001_m2	+1	SRR27862880.43501_m1
60	SRR27862880.43501_m1	-1	SRR27862880.56001_m1
61	SRR27862880.56001_m1	-1	SRR27862880.198001_m2
62	SRR27862880.198001_m2	-1	SRR27862880.24001_m2
63	SRR27862880.24001_m2	-1	SRR27862880.73001_m1
64	SRR27862880.73001_m1	+1	SRR27862880.237001_m2
65	SRR27862880.237001_m2	+1	SRR27862880.137501_m2
66	SRR27862880.137501_m2	+1	SRR27862880.123001_m1
67	SRR27862880.123001_m1	+1	SRR27862880.22501_m2
68	SRR27862880.22501_m2	-1	SRR27862880.133001_m2
69	SRR27862880.133001_m2	-1	SRR27862880.59501_m2
70	SRR27862880.59501_m2	-1	SRR27862880.21501_m2
71	SRR27862880.21501_m2	-1	SRR27862880.127501_m2
72	SRR27862880.127501_m2	-1	SRR27862880.190001_m2
73	SRR27862880.190001_m2	+1	SRR27862880.165001_m2
74	SRR27862880.165001_m2	-1	SRR27862880.63001_m1
75	SRR27862880.63001_m1	+1	SRR27862880.44501_m1
76	SRR27862880.44501_m1	+1	SRR27862880.226501_m2
77	SRR27862880.226501_m2	+1	SRR27862880.17501_m2
78	SRR27862880.17501_m2	+1	SRR27862880.77001_m1
79	SRR27862880.77001_m1	-1	SRR27862880.41001_m2
80	SRR27862880.41001_m2	-1	SRR27862880.137501_m1
81	SRR27862880.137501_m1	-1	SRR27862880.73001_m2
82	SRR27862880.73001_m2	-1	SRR27862880.234001_m2
83	SRR27862880.234001_m2	-1	SRR27862880.237001_m1
84	SRR27862880.237001_m1	-1	SRR27862880.239501_m2
85	SRR27862880.239501_m2	+1	SRR27862880.144001_m2
86	SRR27862880.144001_m2	+1	SRR27862880.232001_m1
87	SRR27862880.232001_m1	+1	SRR27862880.199501_m2
88	SRR27862880.199501_m2	+1	SRR27862880.80001_m2
89	SRR27862880.80001_m2	+1	SRR27862880.203501_m1
90	SRR27862880.203501_m1	-1	SRR27862880.100501_m1
91	SRR27862880.100501_m1	+1	SRR27862880.119501_m1
92	SRR27862880.119501_m1	+1	SRR27862880.243501_m1
93	SRR27862880.243501_m1	-1	SRR27862880.17501_m1
94	SRR27862880.17501_m1	-1	SRR27862880.16501_m1
95	SRR27862880.16501_m1	-1	SRR27862880.227001_m2
96	SRR27862880.227001_m2	+1	SRR27862880.169501_m1
97	SRR27862880.169501_m1	-1	SRR27862880.64501_m1
98	SRR27862880.64501_m1	+1	SRR27862880.68001_m2
99	SRR27862880.68001_m2	+1	SRR27862880.79001_m2
100	SRR27862880.79001_m2	-1	SRR27862880.246501_m1
101	SRR27862880.246501_m1	+1	SRR27862880.47501_m2
102	SRR27862880.47501_m2	+1	SRR27862880.58001_m1
103	SRR27862880.58001_m1	-1	SRR27862880.17001_m1
104	SRR27862880.17001_m1	+1	SRR27862880.141501_m1
105	SRR27862880.141501_m1	+1	SRR27862880.36001_m2
106	SRR27862880.36001_m2	+1	SRR27862880.13501_m2
107	SRR27862880.13501_m2	+1	SRR27862880.227001_m1
108	SRR27862880.227001_m1	-1	SRR27862880.196501_m2
109	SRR27862880.196501_m2	+1	SRR27862880.188501_m1
110	SRR27862880.188501_m1	-1	SRR27862880.2501_m2
111	SRR27862880.2501_m2	-1	SRR27862880.85501_m1
112	SRR27862880.85501_m1	-1	SRR27862880.68001_m1
113	SRR27862880.68001_m1	-1	SRR27862880.124501_m1
114	SRR27862880.124501_m1	-1	SRR27862880.225001_m1
115	SRR27862880.225001_m1	-1	SRR27862880.66001_m1
116	SRR27862880.66001_m1	+1	SRR27862880.28501_m1
117	SRR27862880.28501_m1	+1	SRR27862880.246501_m2
118	SRR27862880.246501_m2	-1	SRR27862880.129501_m2
119	SRR27862880.129501_m2	-1	SRR27862880.116001_m1
120	SRR27862880.116001_m1	+1	SRR27862880.49001_m1
121	SRR27862880.49001_m1	-1	SRR27862880.141501_m2
122	SRR27862880.141501_m2	-1	SRR27862880.201001_m2
123	SRR27862880.201001_m2	-1	SRR27862880.154501_m1
124	SRR27862880.154501_m1	-1	SRR27862880.97501_m2
125	SRR27862880.97501_m2	-1	SRR27862880.195001_m1
126	SRR27862880.195001_m1	+1	SRR27862880.13501_m1
127	SRR27862880.13501_m1	-1	SRR27862880.140001_m2
128	SRR27862880.140001_m2	-1	SRR27862880.178001_m1
129	SRR27862880.178001_m1	-1	SRR27862880.191501_m1
130	SRR27862880.191501_m1	+1	SRR27862880.216501_m1
131	SRR27862880.216501_m1	-1	SRR27862880.48001_m2
132	SRR27862880.48001_m2	-1	SRR27862880.6501_m2
133	SRR27862880.6501_m2	-1	SRR27862880.154001_m2
134	SRR27862880.154001_m2	+1	SRR27862880.151501_m1
135	SRR27862880.151501_m1	-1	SRR27862880.191001_m1
136	SRR27862880.191001_m1	+1	SRR27862880.170001_m1
137	SRR27862880.170001_m1	+1	SRR27862880.86001_m2
138	SRR27862880.86001_m2	-1	SRR27862880.59001_m1
139	SRR27862880.59001_m1	-1	SRR27862880.21001_m2
140	SRR27862880.21001_m2	-1	SRR27862880.90001_m1
141	SRR27862880.90001_m1	+1	SRR27862880.198501_m1
142	SRR27862880.198501_m1	-1	SRR27862880.136001_m2
143	SRR27862880.136001_m2	+1	SRR27862880.29001_m1
144	SRR27862880.29001_m1	+1	SRR27862880.18001_m1
145	SRR27862880.18001_m1	-1	SRR27862880.107501_m1
146	SRR27862880.107501_m1	-1	SRR27862880.245501_m1
147	SRR27862880.245501_m1	+1	SRR27862880.23501_m2
148	SRR27862880.23501_m2	+1	SRR27862880.224501_m2
149	SRR27862880.224501_m2	-1	SRR27862880.92501_m2
150	SRR27862880.92501_m2	+1	SRR27862880.123501_m2
151	SRR27862880.123501_m2	+1	SRR27862880.236001_m2
152	SRR27862880.236001_m2	-1	SRR27862880.136001_m1
153	SRR27862880.136001_m1	-1	SRR27862880.247001_m1
154	SRR27862880.247001_m1	-1	SRR27862880.79501_m1
155	SRR27862880.79501_m1	+1	SRR27862880.118501_m2
156	SRR27862880.118501_m2	+1	SRR27862880.54501_m1
157	SRR27862880.54501_m1	-1	SRR27862880.83001_m2
158	SRR27862880.83001_m2	+1	SRR27862880.86501_m2
159	SRR27862880.86501_m2	+1	SRR27862880.69001_m2
160	SRR27862880.69001_m2	-1	SRR27862880.33501_m1
161	SRR27862880.33501_m1	+1	SRR27862880.15001_m2
162	SRR27862880.15001_m2	+1	SRR27862880.245501_m2
163	SRR27862880.245501_m2	-1	SRR27862880.74001_m1
164	SRR27862880.74001_m1	-1	SRR27862880.193001_m2
165	SRR27862880.193001_m2	+1	SRR27862880.206001_m2
166	SRR27862880.206001_m2	+1	SRR27862880.207001_m1
167	SRR27862880.207001_m1	-1	SRR27862880.56501_m2
168	SRR27862880.56501_m2	+1	SRR27862880.92501_m1
169	SRR27862880.92501_m1	-1	SRR27862880.172501_m1
170	SRR27862880.172501_m1	+1	SRR27862880.30001_m1
171	SRR27862880.30001_m1	-1	SRR27862880.83001_m1
172	SRR27862880.83001_m1	-1	SRR27862880.186001_m1
173	SRR27862880.186001_m1	-1	SRR27862880.161001_m2
174	SRR27862880.161001_m2	+1	SRR27862880.33501_m2
175	SRR27862880.33501_m2	-1	SRR27862880.135001_m1
176	SRR27862880.135001_m1	-1	SRR27862880.105501_m1
177	SRR27862880.105501_m1	-1	SRR27862880.193001_m1
178	SRR27862880.193001_m1	-1	SRR27862880.4001_m2
179	SRR27862880.4001_m2	+1	SRR27862880.206001_m1
180	SRR27862880.206001_m1	-1	SRR27862880.112001_m1
181	SRR27862880.112001_m1	+1	SRR27862880.105001_m2
182	SRR27862880.105001_m2	+1	SRR27862880.3501_m2
183	SRR27862880.3501_m2	+1	SRR27862880.72001_m2
184	SRR27862880.72001_m2	+1	SRR27862880.172001_m1
185	SRR27862880.172001_m1	+1	SRR27862880.115001_m1
186	SRR27862880.115001_m1	+1	SRR27862880.84501_m1
187	SRR27862880.84501_m1	+1	SRR27862880.204001_m1
188	SRR27862880.204001_m1	-1	SRR27862880.98501_m1
189	SRR27862880.98501_m1	+1	SRR27862880.4001_m1
190	SRR27862880.4001_m1	-1	SRR27862880.3501_m1
191	SRR27862880.3501_m1	-1	SRR27862880.5001_m1
192	SRR27862880.5001_m1	-1	SRR27862880.32001_m1
193	SRR27862880.32001_m1	+1	SRR27862880.194501_m2
194	SRR27862880.194501_m2	+1	SRR27862880.215001_m1
195	SRR27862880.215001_m1	+1	SRR27862880.76001_m1
196	SRR27862880.76001_m1	+1	SRR27862880.51001_m1
197	SRR27862880.51001_m1	+1	SRR27862880.236501_m2
198	SRR27862880.236501_m2	-1	SRR27862880.249501_m1
199	SRR27862880.249501_m1	-1	SRR27862880.72001_m1
200	SRR27862880.72001_m1	-1	SRR27862880.146001_m1
201	SRR27862880.146001_m1	-1	SRR27862880.131501_m1
202	SRR27862880.131501_m1	-1	SRR27862880.190501_m2
203	SRR27862880.190501_m2	+1	SRR27862880.68501_m2
204	SRR27862880.68501_m2	+1	SRR27862880.147001_m2
205	SRR27862880.147001_m2	+1	SRR27862880.23001_m1
206	SRR27862880.23001_m1	+1	SRR27862880.45001_m2
207	SRR27862880.45001_m2	+1	SRR27862880.72501_m1
208	SRR27862880.72501_m1	-1	SRR27862880.27501_m2
209	SRR27862880.27501_m2	+1	SRR27862880.31001_m1
210	SRR27862880.31001_m1	-1	SRR27862880.47001_m2
211	SRR27862880.47001_m2	-1	SRR27862880.48501_m2
212	SRR27862880.48501_m2	+1	SRR27862880.50001_m2
213	SRR27862880.50001_m2	+1	SRR27862880.194501_m1
214	SRR27862880.194501_m1	-1	SRR27862880.34001_m1
215	SRR27862880.34001_m1	+1	SRR27862880.174501_m1
216	SRR27862880.174501_m1	-1	SRR27862880.227501_m1
217	SRR27862880.227501_m1	+1	SRR27862880.124001_m2
218	SRR27862880.124001_m2	-1	SRR27862880.76501_m1
219	SRR27862880.76501_m1	+1	SRR27862880.175001_m1
220	SRR27862880.175001_m1	+1	SRR27862880.147001_m1
221	SRR27862880.147001_m1	-1	SRR27862880.206501_m2
222	SRR27862880.206501_m2	-1	SRR27862880.217001_m2
223	SRR27862880.217001_m2	+1	SRR27862880.48501_m1
224	SRR27862880.48501_m1	-1	SRR27862880.235001_m1
225	SRR27862880.235001_m1	-1	SRR27862880.212501_m2
226	SRR27862880.212501_m2	+1	SRR27862880.152001_m1
227	SRR27862880.152001_m1	+1	SRR27862880.34001_m2
228	SRR27862880.34001_m2	-1	SRR27862880.109001_m2
229	SRR27862880.109001_m2	-1	SRR27862880.89501_m2
230	SRR27862880.89501_m2	-1	SRR27862880.215501_m1
231	SRR27862880.215501_m1	+1	SRR27862880.227501_m2
232	SRR27862880.227501_m2	-1	SRR27862880.115501_m1
233	SRR27862880.115501_m1	+1	SRR27862880.82501_m1
234	SRR27862880.82501_m1	+1	SRR27862880.115501_m2
235	SRR27862880.115501_m2	-1	SRR27862880.246001_m2
236	SRR27862880.246001_m2	-1	SRR27862880.217001_m1
237	SRR27862880.217001_m1	-1	SRR27862880.226001_m1
238	SRR27862880.226001_m1	+1	SRR27862880.200501_m2
239	SRR27862880.200501_m2	-1	SRR27862880.153501_m1
240	SRR27862880.153501_m1	+1	SRR27862880.112501_m1
241	SRR27862880.112501_m1	+1	SRR27862880.8001_m1
242	SRR27862880.8001_m1	+1	SRR27862880.193501_m1
243	SRR27862880.193501_m1	+1	SRR27862880.162501_m1
244	SRR27862880.162501_m1	+1	SRR27862880.215501_m2
245	SRR27862880.215501_m2	-1	SRR27862880.83501_m1
246	SRR27862880.83501_m1	+1	SRR27862880.82501_m2
247	SRR27862880.82501_m2	-1	SRR27862880.241501_m1
248	SRR27862880.241501_m1	+1	SRR27862880.37001_m2
249	SRR27862880.37001_m2	-1	SRR27862880.2001_m2
250	SRR27862880.2001_m2	+1	SRR27862880.161501_m2
251	SRR27862880.161501_m2	+1	SRR27862880.104001_m1
252	SRR27862880.104001_m1	+1	SRR27862880.53501_m2
253	SRR27862880.53501_m2	+1	SRR27862880.146501_m1
254	SRR27862880.146501_m1	-1	SRR27862880.199001_m2
255	SRR27862880.199001_m2	+1	SRR27862880.208001_m1
256	SRR27862880.208001_m1	+1	SRR27862880.153501_m2
257	SRR27862880.153501_m2	-1	SRR27862880.163501_m2
258	SRR27862880.163501_m2	+1	SRR27862880.20501_m1
259	SRR27862880.20501_m1	-1	SRR27862880.112501_m2
260	SRR27862880.112501_m2	-1	SRR27862880.2001_m1
261	SRR27862880.2001_m1	-1	SRR27862880.12501_m1
262	SRR27862880.12501_m1	+1	SRR27862880.96501_m2
263	SRR27862880.96501_m2	+1	SRR27862880.80501_m2
264	SRR27862880.80501_m2	+1	SRR27862880.53501_m1
265	SRR27862880.53501_m1	-1	SRR27862880.247501_m1
266	SRR27862880.247501_m1	-1	SRR27862880.157501_m2
267	SRR27862880.157501_m2	-1	SRR27862880.104001_m2
268	SRR27862880.104001_m2	-1	SRR27862880.229501_m2
269	SRR27862880.229501_m2	-1	SRR27862880.106501_m1
270	SRR27862880.106501_m1	-1	SRR27862880.166501_m1
271	SRR27862880.166501_m1	+1	SRR27862880.139001_m1
272	SRR27862880.139001_m1	+1	SRR27862880.99501_m2
273	SRR27862880.99501_m2	+1	SRR27862880.71501_m2
274	SRR27862880.71501_m2	+1	SRR27862880.192501_m1
275	SRR27862880.192501_m1	+1	SRR27862880.248501_m2
276	SRR27862880.248501_m2	+1	SRR27862880.163501_m1
277	SRR27862880.163501_m1	-1	SRR27862880.240001_m1
278	SRR27862880.240001_m1	-1	SRR27862880.80501_m1
279	SRR27862880.80501_m1	-1	SRR27862880.91501_m1
280	SRR27862880.91501_m1	-1	SRR27862880.4501_m2
281	SRR27862880.4501_m2	-1	SRR27862880.64001_m2
282	SRR27862880.64001_m2	-1	SRR27862880.100001_m2
283	SRR27862880.100001_m2	-1	SRR27862880.220001_m2
284	SRR27862880.220001_m2	-1	SRR27862880.148001_m2
285	SRR27862880.148001_m2	+1	SRR27862880.11501_m2
286	SRR27862880.11501_m2	+1	SRR27862880.192501_m2
287	SRR27862880.192501_m2	-1	SRR27862880.108501_m1
288	SRR27862880.108501_m1	-1	SRR27862880.101501_m1
289	SRR27862880.101501_m1	-1	SRR27862880.139001_m2
290	SRR27862880.139001_m2	-1	SRR27862880.165501_m1
291	SRR27862880.165501_m1	+1	SRR27862880.99501_m1
292	SRR27862880.99501_m1	-1	SRR27862880.125501_m2
293	SRR27862880.125501_m2	+1	SRR27862880.82001_m2
294	SRR27862880.82001_m2	+1	SRR27862880.51501_m1
295	SRR27862880.51501_m1	+1	SRR27862880.179501_m2
296	SRR27862880.179501_m2	+1	SRR27862880.67501_m1
297	SRR27862880.67501_m1	+1	SRR27862880.214501_m2
298	SRR27862880.214501_m2	+1	SRR27862880.33001_m1
299	SRR27862880.33001_m1	-1	SRR27862880.148001_m1
300	SRR27862880.148001_m1	-1	SRR27862880.54001_m1
301	SRR27862880.54001_m1	-1	SRR27862880.222001_m2
302	SRR27862880.222001_m2	+1	SRR27862880.11501_m1
303	SRR27862880.11501_m1	-1	SRR27862880.208501_m1
304	SRR27862880.208501_m1	-1	SRR27862880.205501_m1
305	SRR27862880.205501_m1	+1	SRR27862880.29501_m2
306	SRR27862880.29501_m2	-1	SRR27862880.170501_m1
307	SRR27862880.170501_m1	-1	SRR27862880.167501_m1
308	SRR27862880.167501_m1	-1	SRR27862880.51501_m2
309	SRR27862880.51501_m2	-1	SRR27862880.179501_m1
310	SRR27862880.179501_m1	-1	SRR27862880.60001_m2
311	SRR27862880.60001_m2	-1	SRR27862880.243001_m2
312	SRR27862880.243001_m2	+1	SRR27862880.67501_m2
313	SRR27862880.67501_m2	-1	SRR27862880.224001_m1
314	SRR27862880.224001_m1	+1	SRR27862880.13001_m1
315	SRR27862880.13001_m1	+1	SRR27862880.90501_m1
316	SRR27862880.90501_m1	+1	SRR27862880.163001_m2
317	SRR27862880.163001_m2	+1	SRR27862880.7501_m2
318	SRR27862880.7501_m2	-1	SRR27862880.148501_m2
319	SRR27862880.148501_m2	+1	SRR27862880.160501_m2
320	SRR27862880.160501_m2	-1	SRR27862880.211501_m2
321	SRR27862880.211501_m2	+1	SRR27862880.168501_m1
322	SRR27862880.168501_m1	-1	SRR27862880.205501_m2
323	SRR27862880.205501_m2	-1	SRR27862880.180501_m2
324	SRR27862880.180501_m2	-1	SRR27862880.501_m1
325	SRR27862880.501_m1	-1	SRR27862880.117501_m1
326	SRR27862880.117501_m1	+1	SRR27862880.22001_m2
327	SRR27862880.22001_m2	+1	SRR27862880.102501_m2
328	SRR27862880.102501_m2	-1	SRR27862880.174001_m1
329	SRR27862880.174001_m1	+1	SRR27862880.242501_m1
330	SRR27862880.242501_m1	+1	SRR27862880.65001_m2
331	SRR27862880.65001_m2	-1	SRR27862880.144501_m1
332	SRR27862880.144501_m1	+1	SRR27862880.156501_m2
333	SRR27862880.156501_m2	-1	SRR27862880.101001_m1
334	SRR27862880.101001_m1	+1	SRR27862880.75001_m1
335	SRR27862880.75001_m1	+1	SRR27862880.26501_m2
336	SRR27862880.26501_m2	+1	SRR27862880.204501_m1
337	SRR27862880.204501_m1	+1	SRR27862880.186501_m1
338	SRR27862880.186501_m1	-1	SRR27862880.91001_m1
339	SRR27862880.91001_m1	-1	SRR27862880.210501_m1
340	SRR27862880.210501_m1	-1	SRR27862880.75501_m2
341	SRR27862880.75501_m2	+1	SRR27862880.189501_m1
342	SRR27862880.189501_m1	+1	SRR27862880.111501_m1
343	SRR27862880.111501_m1	+1	SRR27862880.183501_m1
344	SRR27862880.183501_m1	-1	SRR27862880.223501_m1
345	SRR27862880.223501_m1	-1	SRR27862880.22001_m1
346	SRR27862880.22001_m1	-1	SRR27862880.88501_m1
347	SRR27862880.88501_m1	+1	SRR27862880.192001_m1
348	SRR27862880.192001_m1	+1	SRR27862880.60501_m2
349	SRR27862880.60501_m2	+1	SRR27862880.174001_m2
350	SRR27862880.174001_m2	-1	SRR27862880.185501_m1
351	SRR27862880.185501_m1	+1	SRR27862880.144501_m2
352	SRR27862880.144501_m2	-1	SRR27862880.101001_m2
353	SRR27862880.101001_m2	-1	SRR27862880.211001_m2
354	SRR27862880.211001_m2	+1	SRR27862880.75001_m2
355	SRR27862880.75001_m2	-1	SRR27862880.32501_m1
356	SRR27862880.32501_m1	+1	SRR27862880.141001_m1
357	SRR27862880.141001_m1	+1	SRR27862880.182001_m2
358	SRR27862880.182001_m2	+1	SRR27862880.143501_m2
359	SRR27862880.143501_m2	+1	SRR27862880.138501_m2
360	SRR27862880.138501_m2	+1	SRR27862880.179001_m1
361	SRR27862880.179001_m1	+1	SRR27862880.177501_m2
362	SRR27862880.177501_m2	+1	SRR27862880.111501_m2
363	SRR27862880.111501_m2	-1	SRR27862880.158001_m1
364	SRR27862880.158001_m1	-1	SRR27862880.78501_m1
365	SRR27862880.78501_m1	-1	SRR27862880.69501_m1
366	SRR27862880.69501_m1	+1	SRR27862880.57001_m2
367	SRR27862880.57001_m2	-1	SRR27862880.109501_m1
368	SRR27862880.109501_m1	+1	SRR27862880.134501_m2
369	SRR27862880.134501_m2	+1	SRR27862880.145501_m1
370	SRR27862880.145501_m1	+1	SRR27862880.164501_m2
371	SRR27862880.164501_m2	+1	SRR27862880.40501_m1
372	SRR27862880.40501_m1	+1	SRR27862880.150001_m2
373	SRR27862880.150001_m2	+1	SRR27862880.150501_m1
374	SRR27862880.150501_m1	-1	SRR27862880.182001_m1
375	SRR27862880.182001_m1	-1	SRR27862880.219501_m2
376	SRR27862880.219501_m2	-1	SRR27862880.173501_m1
377	SRR27862880.173501_m1	-1	SRR27862880.35001_m1
378	SRR27862880.35001_m1	+1	SRR27862880.81501_m2
379	SRR27862880.81501_m2	+1	SRR27862880.145501_m2
380	SRR27862880.145501_m2	-1	SRR27862880.109501_m2
381	SRR27862880.109501_m2	-1	SRR27862880.20001_m1
382	SRR27862880.20001_m1	+1	SRR27862880.134501_m1
383	SRR27862880.134501_m1	-1	SRR27862880.164501_m1
384	SRR27862880.164501_m1	-1	SRR27862880.181001_m1
385	SRR27862880.181001_m1	+1	SRR27862880.153001_m1
386	SRR27862880.153001_m1	+1	SRR27862880.171001_m1
387	SRR27862880.171001_m1	-1	SRR27862880.77501_m1
388	SRR27862880.77501_m1	+1	SRR27862880.67001_m2
389	SRR27862880.67001_m2	-1	SRR27862880.3001_m1
390	SRR27862880.3001_m1	+1	SRR27862880.221501_m1
391	SRR27862880.221501_m1	+1	SRR27862880.104501_m1
392	SRR27862880.104501_m1	+1	SRR27862880.130001_m1
393	SRR27862880.130001_m1	+1	SRR27862880.85001_m2
394	SRR27862880.85001_m2	+1	SRR27862880.138001_m2
395	SRR27862880.138001_m2	+1	SRR27862880.19501_m1
396	SRR27862880.19501_m1	+1	SRR27862880.55501_m2
397	SRR27862880.55501_m2	+1	SRR27862880.1_m2
398	SRR27862880.1_m2	+1	SRR27862880.52001_m1
399	SRR27862880.52001_m1	+1	SRR27862880.41501_m2
400	SRR27862880.41501_m2	+1	SRR27862880.74501_m2
401	SRR27862880.74501_m2	+1	SRR27862880.107001_m2
402	SRR27862880.107001_m2	-1	SRR27862880.20001_m2
403	SRR27862880.20001_m2	-1	SRR27862880.62501_m1
404	SRR27862880.62501_m1	+1	SRR27862880.122001_m2
405	SRR27862880.122001_m2	-1	SRR27862880.225501_m1
406	SRR27862880.225501_m1	+1	SRR27862880.9501_m1
407	SRR27862880.9501_m1	+1	SRR27862880.77501_m2
408	SRR27862880.77501_m2	-1	SRR27862880.228501_m1
409	SRR27862880.228501_m1	+1	SRR27862880.194001_m2
410	SRR27862880.194001_m2	-1	SRR27862880.61001_m2
411	SRR27862880.61001_m2	+1	SRR27862880.119001_m2
412	SRR27862880.119001_m2	+1	SRR27862880.11001_m2
413	SRR27862880.11001_m2	+1	SRR27862880.85001_m1
414	SRR27862880.85001_m1	-1	SRR27862880.138001_m1
415	SRR27862880.138001_m1	-1	SRR27862880.169001_m2
416	SRR27862880.169001_m2	+1	SRR27862880.52001_m2
417	SRR27862880.52001_m2	-1	SRR27862880.1_m1
418	SRR27862880.1_m1	-1	SRR27862880.212001_m2
419	SRR27862880.212001_m2	+1	SRR27862880.65501_m1
420	SRR27862880.65501_m1	+1	SRR27862880.98001_m2
421	SRR27862880.98001_m2	+1	SRR27862880.217501_m1
422	SRR27862880.217501_m1	+1	SRR27862880.45501_m2
423	SRR27862880.45501_m2	+1	SRR27862880.5501_m2
424	SRR27862880.5501_m2	-1	SRR27862880.34501_m1
425	SRR27862880.34501_m1	+1	SRR27862880.46001_m2
426	SRR27862880.46001_m2	+1	SRR27862880.9501_m2
427	SRR27862880.9501_m2	-1	SRR27862880.201501_m1
428	SRR27862880.201501_m1	+1	SRR27862880.15501_m2
429	SRR27862880.15501_m2	+1	SRR27862880.42501_m2
430	SRR27862880.42501_m2	+1	SRR27862880.239001_m2
431	SRR27862880.239001_m2	+1	SRR27862880.189001_m1
432	SRR27862880.189001_m1	+1	SRR27862880.78001_m1
433	SRR27862880.78001_m1	+1	SRR27862880.108001_m2
434	SRR27862880.108001_m2	+1	SRR27862880.56001_m2
435	SRR27862880.56001_m2	+1	SRR27862880.87001_m1
436	SRR27862880.87001_m1	-1	SRR27862880.202501_m1
437	SRR27862880.202501_m1	+1	SRR27862880.113001_m1
438	SRR27862880.113001_m1	+1	SRR27862880.198001_m1
439	SRR27862880.198001_m1	+1	SRR27862880.134001_m1
440	SRR27862880.134001_m1	+1	SRR27862880.49501_m1
441	SRR27862880.49501_m1	+1	SRR27862880.14001_m1
442	SRR27862880.14001_m1	+1	SRR27862880.24001_m1
443	SRR27862880.24001_m1	+1	SRR27862880.46001_m1
444	SRR27862880.46001_m1	-1	SRR27862880.73501_m1
445	SRR27862880.73501_m1	+1	SRR27862880.214001_m1
446	SRR27862880.214001_m1	+1	SRR27862880.98001_m1
447	SRR27862880.98001_m1	-1	SRR27862880.201501_m2
448	SRR27862880.201501_m2	-1	SRR27862880.38501_m1
449	SRR27862880.38501_m1	-1	SRR27862880.42501_m1
450	SRR27862880.42501_m1	-1	SRR27862880.127001_m1
451	SRR27862880.127001_m1	+1	SRR27862880.49501_m2
452	SRR27862880.49501_m2	-1	SRR27862880.202501_m2
453	SRR27862880.202501_m2	-1	SRR27862880.53001_m1
454	SRR27862880.53001_m1	+1	SRR27862880.14001_m2
455	SRR27862880.14001_m2	-1	SRR27862880.77001_m2
456	SRR27862880.77001_m2	+1	SRR27862880.134001_m2
457	SRR27862880.134001_m2	-1	SRR27862880.113001_m2
458	SRR27862880.113001_m2	-1	SRR27862880.10001_m1
459	SRR27862880.10001_m1	+1	SRR27862880.73501_m2
460	SRR27862880.73501_m2	-1	SRR27862880.234001_m1
461	SRR27862880.234001_m1	+1	SRR27862880.39001_m2
462	SRR27862880.39001_m2	-1	SRR27862880.126501_m2
463	SRR27862880.126501_m2	-1	SRR27862880.218001_m1
464	SRR27862880.218001_m1	-1	SRR27862880.203501_m2
465	SRR27862880.203501_m2	+1	SRR27862880.114501_m2
466	SRR27862880.114501_m2	-1	SRR27862880.7001_m2
467	SRR27862880.7001_m2	+1	SRR27862880.243501_m2
468	SRR27862880.243501_m2	+1	SRR27862880.39501_m2
469	SRR27862880.39501_m2	+1	SRR27862880.58501_m2
470	SRR27862880.58501_m2	+1	SRR27862880.70501_m1
471	SRR27862880.70501_m1	-1	SRR27862880.160001_m1
472	SRR27862880.160001_m1	+1	SRR27862880.53001_m2
473	SRR27862880.53001_m2	-1	SRR27862880.147501_m1
474	SRR27862880.147501_m1	+1	SRR27862880.16501_m2
475	SRR27862880.16501_m2	+1	SRR27862880.244501_m2
476	SRR27862880.244501_m2	-1	SRR27862880.123001_m2
477	SRR27862880.123001_m2	-1	SRR27862880.94501_m1
478	SRR27862880.94501_m1	+1	SRR27862880.92001_m2
479	SRR27862880.92001_m2	+1	SRR27862880.79001_m1
480	SRR27862880.79001_m1	+1	SRR27862880.14501_m2
481	SRR27862880.14501_m2	+1	SRR27862880.36501_m1
482	SRR27862880.36501_m1	+1	SRR27862880.190001_m1
483	SRR27862880.190001_m1	-1	SRR27862880.28001_m2
484	SRR27862880.28001_m2	+1	SRR27862880.39501_m1
485	SRR27862880.39501_m1	-1	SRR27862880.7001_m1
486	SRR27862880.7001_m1	-1	SRR27862880.44501_m2
487	SRR27862880.44501_m2	-1	SRR27862880.177001_m2
488	SRR27862880.177001_m2	+1	SRR27862880.95001_m2
489	SRR27862880.95001_m2	+1	SRR27862880.63001_m2
490	SRR27862880.63001_m2	-1	SRR27862880.167001_m1
491	SRR27862880.167001_m1	+1	SRR27862880.226501_m1
492	SRR27862880.226501_m1	-1	SRR27862880.58001_m2
493	SRR27862880.58001_m2	+1	SRR27862880.147501_m2
494	SRR27862880.147501_m2	-1	SRR27862880.184001_m1
495	SRR27862880.184001_m1	+1	SRR27862880.160001_m2
496	SRR27862880.160001_m2	-1	SRR27862880.133501_m1
497	SRR27862880.133501_m1	-1	SRR27862880.85501_m2
498	SRR27862880.85501_m2	+1	SRR27862880.89001_m1
499	SRR27862880.89001_m1	+1	SRR27862880.92001_m1
500	SRR27862880.92001_m1	-1	SRR27862880.199501_m1
501	SRR27862880.199501_m1	-1	SRR27862880.185001_m2
502	SRR27862880.185001_m2	+1	SRR27862880.2501_m1
503	SRR27862880.2501_m1	+1	SRR27862880.80001_m1
504	SRR27862880.80001_m1	-1	SRR27862880.239501_m1
505	SRR27862880.239501_m1	-1	SRR27862880.8501_m2
506	SRR27862880.8501_m2	+1	SRR27862880.232001_m2
507	SRR27862880.232001_m2	-1	SRR27862880.100501_m2
508	SRR27862880.100501_m2	-1	SRR27862880.28001_m1
509	SRR27862880.28001_m1	-1	SRR27862880.119501_m2
510	SRR27862880.119501_m2	-1	SRR27862880.36501_m2
511	SRR27862880.36501_m2	-1	SRR27862880.225001_m2
512	SRR27862880.225001_m2	+1	SRR27862880.144001_m1
513	SRR27862880.144001_m1	-1	SRR27862880.245001_m1
514	SRR27862880.245001_m1	-1	SRR27862880.197501_m1
515	SRR27862880.197501_m1	+1	SRR27862880.167001_m2
516	SRR27862880.167001_m2	-1	SRR27862880.88001_m2
517	SRR27862880.88001_m2	+1	SRR27862880.49001_m2
518	SRR27862880.49001_m2	+1	SRR27862880.177001_m1
519	SRR27862880.177001_m1	-1	SRR27862880.95001_m1
520	SRR27862880.95001_m1	-1	SRR27862880.129501_m1
521	SRR27862880.129501_m1	+1	SRR27862880.154501_m2
522	SRR27862880.154501_m2	+1	SRR27862880.188501_m2
523	SRR27862880.188501_m2	+1	SRR27862880.156001_m1
524	SRR27862880.156001_m1	+1	SRR27862880.95501_m1
525	SRR27862880.95501_m1	+1	SRR27862880.97501_m1
526	SRR27862880.97501_m1	+1	SRR27862880.135501_m1
527	SRR27862880.135501_m1	+1	SRR27862880.201001_m1
528	SRR27862880.201001_m1	+1	SRR27862880.99001_m1
529	SRR27862880.99001_m1	+1	SRR27862880.238001_m2
530	SRR27862880.238001_m2	-1	SRR27862880.8501_m1
531	SRR27862880.8501_m1	-1	SRR27862880.185001_m1
532	SRR27862880.185001_m1	-1	SRR27862880.140001_m1
533	SRR27862880.140001_m1	+1	SRR27862880.238501_m1
534	SRR27862880.238501_m1	-1	SRR27862880.216501_m2
535	SRR27862880.216501_m2	+1	SRR27862880.64501_m2
536	SRR27862880.64501_m2	-1	SRR27862880.197501_m2
537	SRR27862880.197501_m2	-1	SRR27862880.6501_m1
538	SRR27862880.6501_m1	+1	SRR27862880.88001_m1
539	SRR27862880.88001_m1	-1	SRR27862880.155001_m2
540	SRR27862880.155001_m2	+1	SRR27862880.240501_m1
541	SRR27862880.240501_m1	-1	SRR27862880.222501_m1
542	SRR27862880.222501_m1	+1	SRR27862880.171501_m1
543	SRR27862880.171501_m1	+1	SRR27862880.47501_m1
544	SRR27862880.47501_m1	-1	SRR27862880.59001_m2
545	SRR27862880.59001_m2	+1	SRR27862880.86001_m1
546	SRR27862880.86001_m1	+1	SRR27862880.21001_m1
547	SRR27862880.21001_m1	+1	SRR27862880.221001_m2
548	SRR27862880.221001_m2	+1	SRR27862880.17001_m2
549	SRR27862880.17001_m2	-1	SRR27862880.156001_m2
550	SRR27862880.156001_m2	-1	SRR27862880.196501_m1
551	SRR27862880.196501_m1	-1	SRR27862880.231001_m1
552	SRR27862880.231001_m1	+1	SRR27862880.136501_m1
553	SRR27862880.136501_m1	-1	SRR27862880.99001_m2
554	SRR27862880.99001_m2	-1	SRR27862880.18001_m2
555	SRR27862880.18001_m2	+1	SRR27862880.222501_m2
556	SRR27862880.222501_m2	-1	SRR27862880.28501_m2
557	SRR27862880.28501_m2	-1	SRR27862880.57501_m1
558	SRR27862880.57501_m1	+1	SRR27862880.66001_m2
559	SRR27862880.66001_m2	-1	SRR27862880.31501_m2
560	SRR27862880.31501_m2	+1	SRR27862880.224501_m1
561	SRR27862880.224501_m1	+1	SRR27862880.236001_m1
562	SRR27862880.236001_m1	+1	SRR27862880.247001_m2
563	SRR27862880.247001_m2	+1	SRR27862880.61501_m1
564	SRR27862880.61501_m1	+1	SRR27862880.54501_m2
565	SRR27862880.54501_m2	+1	SRR27862880.57501_m2
566	SRR27862880.57501_m2	-1	SRR27862880.231001_m2
567	SRR27862880.231001_m2	-1	SRR27862880.96001_m1
568	SRR27862880.96001_m1	+1	SRR27862880.94001_m2
569	SRR27862880.94001_m2	+1	SRR27862880.69001_m1
570	SRR27862880.69001_m1	+1	SRR27862880.74001_m2
571	SRR27862880.74001_m2	+1	SRR27862880.26001_m2
572	SRR27862880.26001_m2	+1	SRR27862880.31501_m1
573	SRR27862880.31501_m1	-1	SRR27862880.139501_m2
574	SRR27862880.139501_m2	+1	SRR27862880.61501_m2
575	SRR27862880.61501_m2	-1	SRR27862880.155501_m2
576	SRR27862880.155501_m2	-1	SRR27862880.207001_m2
577	SRR27862880.207001_m2	+1	SRR27862880.30001_m2
578	SRR27862880.30001_m2	+1	SRR27862880.29001_m2
579	SRR27862880.29001_m2	-1	SRR27862880.186001_m2
580	SRR27862880.186001_m2	+1	SRR27862880.188001_m2
581	SRR27862880.188001_m2	+1	SRR27862880.94001_m1
582	SRR27862880.94001_m1	-1	SRR27862880.149501_m2
583	SRR27862880.149501_m2	+1	SRR27862880.241001_m2
584	SRR27862880.241001_m2	+1	SRR27862880.105501_m2
585	SRR27862880.105501_m2	+1	SRR27862880.23501_m1
586	SRR27862880.23501_m1	-1	SRR27862880.219001_m2
587	SRR27862880.219001_m2	+1	SRR27862880.26001_m1
588	SRR27862880.26001_m1	-1	SRR27862880.139501_m1
589	SRR27862880.139501_m1	-1	SRR27862880.123501_m1
590	SRR27862880.123501_m1	-1	SRR27862880.79501_m2
591	SRR27862880.79501_m2	-1	SRR27862880.50501_m2
592	SRR27862880.50501_m2	+1	SRR27862880.118501_m1
593	SRR27862880.118501_m1	-1	SRR27862880.152501_m2
594	SRR27862880.152501_m2	+1	SRR27862880.180001_m2
595	SRR27862880.180001_m2	+1	SRR27862880.86501_m1
596	SRR27862880.86501_m1	-1	SRR27862880.15001_m1
597	SRR27862880.15001_m1	-1	SRR27862880.149501_m1
598	SRR27862880.149501_m1	-1	SRR27862880.188001_m1
599	SRR27862880.188001_m1	-1	SRR27862880.241001_m1
600	SRR27862880.241001_m1	-1	SRR27862880.219001_m1
601	SRR27862880.219001_m1	-1	SRR27862880.71001_m1
602	SRR27862880.71001_m1	+1	SRR27862880.43001_m1
603	SRR27862880.43001_m1	+1	SRR27862880.56501_m1
604	SRR27862880.56501_m1	-1	SRR27862880.172501_m2
605	SRR27862880.172501_m2	-1	SRR27862880.43001_m2
606	SRR27862880.43001_m2	-1	SRR27862880.152501_m1
607	SRR27862880.152501_m1	-1	SRR27862880.50501_m1
608	SRR27862880.50501_m1	-1	SRR27862880.120001_m1
609	SRR27862880.120001_m1	+1	SRR27862880.146001_m2
610	SRR27862880.146001_m2	+1	SRR27862880.173001_m2
611	SRR27862880.173001_m2	+1	SRR27862880.161001_m1
612	SRR27862880.161001_m1	-1	SRR27862880.205001_m2
613	SRR27862880.205001_m2	+1	SRR27862880.230501_m1
614	SRR27862880.230501_m1	+1	SRR27862880.47001_m1
615	SRR27862880.47001_m1	+1	SRR27862880.128501_m1
616	SRR27862880.128501_m1	+1	SRR27862880.31001_m2
617	SRR27862880.31001_m2	+1	SRR27862880.72501_m2
618	SRR27862880.72501_m2	+1	SRR27862880.16001_m2
619	SRR27862880.16001_m2	+1	SRR27862880.105001_m1
620	SRR27862880.105001_m1	-1	SRR27862880.120501_m2
621	SRR27862880.120501_m2	+1	SRR27862880.115001_m2
622	SRR27862880.115001_m2	-1	SRR27862880.84501_m2
623	SRR27862880.84501_m2	-1	SRR27862880.35501_m1
624	SRR27862880.35501_m1	+1	SRR27862880.196001_m1
625	SRR27862880.196001_m1	-1	SRR27862880.124001_m1
626	SRR27862880.124001_m1	+1	SRR27862880.205001_m1
627	SRR27862880.205001_m1	-1	SRR27862880.230501_m2
628	SRR27862880.230501_m2	-1	SRR27862880.206501_m1
629	SRR27862880.206501_m1	+1	SRR27862880.235001_m2
630	SRR27862880.235001_m2	+1	SRR27862880.98501_m2
631	SRR27862880.98501_m2	-1	SRR27862880.250001_m1
632	SRR27862880.250001_m1	-1	SRR27862880.110501_m1
633	SRR27862880.110501_m1	-1	SRR27862880.16001_m1
634	SRR27862880.16001_m1	-1	SRR27862880.32001_m2
635	SRR27862880.32001_m2	-1	SRR27862880.76001_m2
636	SRR27862880.76001_m2	-1	SRR27862880.215001_m2
637	SRR27862880.215001_m2	-1	SRR27862880.51001_m2
638	SRR27862880.51001_m2	-1	SRR27862880.12001_m1
639	SRR27862880.12001_m1	+1	SRR27862880.190501_m1
640	SRR27862880.190501_m1	-1	SRR27862880.35501_m2
641	SRR27862880.35501_m2	-1	SRR27862880.109001_m1
642	SRR27862880.109001_m1	+1	SRR27862880.89501_m1
643	SRR27862880.89501_m1	+1	SRR27862880.68501_m1
644	SRR27862880.68501_m1	-1	SRR27862880.45001_m1
645	SRR27862880.45001_m1	-1	SRR27862880.246001_m1
646	SRR27862880.246001_m1	+1	SRR27862880.200501_m1
647	SRR27862880.200501_m1	+1	SRR27862880.23001_m2
648	SRR27862880.23001_m2	-1	SRR27862880.27501_m1
649	SRR27862880.27501_m1	-1	SRR27862880.50001_m1
650	SRR27862880.50001_m1	-1	SRR27862880.210001_m1
651	SRR27862880.210001_m1	-1	SRR27862880.143001_m1
652	SRR27862880.143001_m1	+1	SRR27862880.12001_m2
653	SRR27862880.12001_m2	-1	SRR27862880.37001_m1
654	SRR27862880.37001_m1	+1	SRR27862880.111001_m2
655	SRR27862880.111001_m2	+1	SRR27862880.175001_m2
656	SRR27862880.175001_m2	-1	SRR27862880.132001_m2
657	SRR27862880.132001_m2	+1	SRR27862880.166001_m1
658	SRR27862880.166001_m1	+1	SRR27862880.146501_m2
659	SRR27862880.146501_m2	+1	SRR27862880.137001_m1
660	SRR27862880.137001_m1	+1	SRR27862880.212501_m1
661	SRR27862880.212501_m1	-1	SRR27862880.20501_m2
662	SRR27862880.20501_m2	+1	SRR27862880.84001_m2
663	SRR27862880.84001_m2	+1	SRR27862880.152001_m2
664	SRR27862880.152001_m2	-1	SRR27862880.4501_m1
665	SRR27862880.4501_m1	+1	SRR27862880.142001_m1
666	SRR27862880.142001_m1	+1	SRR27862880.106001_m1
667	SRR27862880.106001_m1	+1	SRR27862880.234501_m2
668	SRR27862880.234501_m2	+1	SRR27862880.143001_m2
669	SRR27862880.143001_m2	-1	SRR27862880.111001_m1
670	SRR27862880.111001_m1	-1	SRR27862880.247501_m2
671	SRR27862880.247501_m2	+1	SRR27862880.223001_m1
672	SRR27862880.223001_m1	+1	SRR27862880.132001_m1
673	SRR27862880.132001_m1	-1	SRR27862880.229501_m1
674	SRR27862880.229501_m1	+1	SRR27862880.233001_m2
675	SRR27862880.233001_m2	+1	SRR27862880.24501_m2
676	SRR27862880.24501_m2	+1	SRR27862880.106501_m2
677	SRR27862880.106501_m2	+1	SRR27862880.137001_m2
678	SRR27862880.137001_m2	-1	SRR27862880.226001_m2
679	SRR27862880.226001_m2	-1	SRR27862880.203001_m1
680	SRR27862880.203001_m1	+1	SRR27862880.240001_m2
681	SRR27862880.240001_m2	+1	SRR27862880.64001_m1
682	SRR27862880.64001_m1	+1	SRR27862880.162501_m2
683	SRR27862880.162501_m2	-1	SRR27862880.193501_m2
684	SRR27862880.193501_m2	-1	SRR27862880.84001_m1
685	SRR27862880.84001_m1	-1	SRR27862880.241501_m2
686	SRR27862880.241501_m2	-1	SRR27862880.114001_m2
687	SRR27862880.114001_m2	+1	SRR27862880.220001_m1
688	SRR27862880.220001_m1	+1	SRR27862880.100001_m1
689	SRR27862880.100001_m1	+1	SRR27862880.83501_m2
690	SRR27862880.83501_m2	-1	SRR27862880.161501_m1
691	SRR27862880.161501_m1	-1	SRR27862880.233001_m1
692	SRR27862880.233001_m1	-1	SRR27862880.91501_m2
693	SRR27862880.91501_m2	+1	SRR27862880.101501_m2
694	SRR27862880.101501_m2	+1	SRR27862880.24501_m1
695	SRR27862880.24501_m1	-1	SRR27862880.108501_m2
696	SRR27862880.108501_m2	+1	SRR27862880.209501_m1
697	SRR27862880.209501_m1	-1	SRR27862880.208001_m2
698	SRR27862880.208001_m2	-1	SRR27862880.12501_m2
699	SRR27862880.12501_m2	-1	SRR27862880.149001_m2
700	SRR27862880.149001_m2	+1	SRR27862880.203001_m2
701	SRR27862880.203001_m2	-1	SRR27862880.197001_m2
702	SRR27862880.197001_m2	+1	SRR27862880.63501_m1
703	SRR27862880.63501_m1	-1	SRR27862880.96501_m1
704	SRR27862880.96501_m1	-1	SRR27862880.244001_m2
705	SRR27862880.244001_m2	+1	SRR27862880.114001_m1
706	SRR27862880.114001_m1	-1	SRR27862880.142501_m2
707	SRR27862880.142501_m2	+1	SRR27862880.54001_m2
708	SRR27862880.54001_m2	+1	SRR27862880.103001_m1
709	SRR27862880.103001_m1	-1	SRR27862880.157001_m2
710	SRR27862880.157001_m2	+1	SRR27862880.187501_m2
711	SRR27862880.187501_m2	+1	SRR27862880.1001_m2
712	SRR27862880.1001_m2	+1	SRR27862880.29501_m1
713	SRR27862880.29501_m1	+1	SRR27862880.164001_m2
714	SRR27862880.164001_m2	+1	SRR27862880.71501_m1
715	SRR27862880.71501_m1	-1	SRR27862880.166501_m2
716	SRR27862880.166501_m2	-1	SRR27862880.60001_m1
717	SRR27862880.60001_m1	+1	SRR27862880.25001_m2
718	SRR27862880.25001_m2	+1	SRR27862880.165501_m2
719	SRR27862880.165501_m2	-1	SRR27862880.197001_m1
720	SRR27862880.197001_m1	-1	SRR27862880.220501_m1
721	SRR27862880.220501_m1	+1	SRR27862880.125001_m1
722	SRR27862880.125001_m1	+1	SRR27862880.142501_m1
723	SRR27862880.142501_m1	-1	SRR27862880.7501_m1
724	SRR27862880.7501_m1	+1	SRR27862880.52501_m1
725	SRR27862880.52501_m1	+1	SRR27862880.232501_m1
726	SRR27862880.232501_m1	-1	SRR27862880.42001_m1
727	SRR27862880.42001_m1	+1	SRR27862880.187501_m1
728	SRR27862880.187501_m1	-1	SRR27862880.160501_m1
729	SRR27862880.160501_m1	+1	SRR27862880.70001_m2
730	SRR27862880.70001_m2	+1	SRR27862880.501_m2
731	SRR27862880.501_m2	+1	SRR27862880.164001_m1
732	SRR27862880.164001_m1	-1	SRR27862880.121501_m2
733	SRR27862880.121501_m2	+1	SRR27862880.37501_m2
734	SRR27862880.37501_m2	+1	SRR27862880.65001_m1
735	SRR27862880.65001_m1	+1	SRR27862880.93501_m2
736	SRR27862880.93501_m2	+1	SRR27862880.125001_m2
737	SRR27862880.125001_m2	-1	SRR27862880.220501_m2
738	SRR27862880.220501_m2	-1	SRR27862880.214501_m1
739	SRR27862880.214501_m1	-1	SRR27862880.156501_m1
740	SRR27862880.156501_m1	+1	SRR27862880.93001_m1
741	SRR27862880.93001_m1	+1	SRR27862880.102001_m2
742	SRR27862880.102001_m2	+1	SRR27862880.222001_m1
743	SRR27862880.222001_m1	-1	SRR27862880.91001_m2
744	SRR27862880.91001_m2	+1	SRR27862880.183501_m2
745	SRR27862880.183501_m2	+1	SRR27862880.70001_m1
746	SRR27862880.70001_m1	-1	SRR27862880.52501_m2
747	SRR27862880.52501_m2	-1	SRR27862880.128001_m1
748	SRR27862880.128001_m1	+1	SRR27862880.248001_m1
749	SRR27862880.248001_m1	+1	SRR27862880.210501_m2
750	SRR27862880.210501_m2	+1	SRR27862880.148501_m1
751	SRR27862880.148501_m1	-1	SRR27862880.37501_m1
752	SRR27862880.37501_m1	-1	SRR27862880.121501_m1
753	SRR27862880.121501_m1	-1	SRR27862880.93501_m1
754	SRR27862880.93501_m1	-1	SRR27862880.13001_m2
755	SRR27862880.13001_m2	-1	SRR27862880.224001_m2
756	SRR27862880.224001_m2	-1	SRR27862880.93001_m2
757	SRR27862880.93001_m2	-1	SRR27862880.90501_m2
758	SRR27862880.90501_m2	-1	SRR27862880.163001_m1
759	SRR27862880.163001_m1	-1	SRR27862880.116501_m2
760	SRR27862880.116501_m2	+1	SRR27862880.129001_m2
761	SRR27862880.129001_m2	+1	SRR27862880.211501_m1
762	SRR27862880.211501_m1	-1	SRR27862880.44001_m2
763	SRR27862880.44001_m2	+1	SRR27862880.128001_m2
764	SRR27862880.128001_m2	-1	SRR27862880.178501_m2
765	SRR27862880.178501_m2	+1	SRR27862880.78501_m2
766	SRR27862880.78501_m2	+1	SRR27862880.140501_m2
767	SRR27862880.140501_m2	+1	SRR27862880.248001_m2
768	SRR27862880.248001_m2	-1	SRR27862880.235501_m1
769	SRR27862880.235501_m1	-1	SRR27862880.159001_m2
770	SRR27862880.159001_m2	-1	SRR27862880.242501_m2
771	SRR27862880.242501_m2	-1	SRR27862880.57001_m1
772	SRR27862880.57001_m1	+1	SRR27862880.158001_m2
773	SRR27862880.158001_m2	+1	SRR27862880.145001_m1
774	SRR27862880.145001_m1	+1	SRR27862880.113501_m2
775	SRR27862880.113501_m2	+1	SRR27862880.10501_m1
776	SRR27862880.10501_m1	-1	SRR27862880.181501_m2
777	SRR27862880.181501_m2	+1	SRR27862880.113501_m1
778	SRR27862880.113501_m1	-1	SRR27862880.44001_m1
779	SRR27862880.44001_m1	-1	SRR27862880.219501_m1
780	SRR27862880.219501_m1	+1	SRR27862880.75501_m1
781	SRR27862880.75501_m1	-1	SRR27862880.237501_m2
782	SRR27862880.237501_m2	+1	SRR27862880.130501_m1
783	SRR27862880.130501_m1	+1	SRR27862880.178501_m1
784	SRR27862880.178501_m1	-1	SRR27862880.187001_m1
785	SRR27862880.187001_m1	+1	SRR27862880.230001_m1
786	SRR27862880.230001_m1	+1	SRR27862880.9001_m1
787	SRR27862880.9001_m1	+1	SRR27862880.60501_m1
788	SRR27862880.60501_m1	-1	SRR27862880.30501_m1
789	SRR27862880.30501_m1	-1	SRR27862880.207501_m2
790	SRR27862880.207501_m2	+1	SRR27862880.185501_m2
791	SRR27862880.185501_m2	-1	SRR27862880.192001_m2
792	SRR27862880.192001_m2	-1	SRR27862880.181501_m1
793	SRR27862880.181501_m1	-1	SRR27862880.159501_m1
794	SRR27862880.159501_m1	+1	SRR27862880.145001_m2
795	SRR27862880.145001_m2	-1	SRR27862880.179001_m2
796	SRR27862880.179001_m2	-1	SRR27862880.211001_m1
797	SRR27862880.211001_m1	-1	SRR27862880.67001_m1
798	SRR27862880.67001_m1	+1	SRR27862880.130501_m2
799	SRR27862880.130501_m2	-1	SRR27862880.249001_m1
800	SRR27862880.249001_m1	+1	SRR27862880.81001_m1
801	SRR27862880.81001_m1	-1	SRR27862880.141001_m2
802	SRR27862880.141001_m2	-1	SRR27862880.121001_m1
803	SRR27862880.121001_m1	+1	SRR27862880.237501_m1
804	SRR27862880.237501_m1	-1	SRR27862880.138501_m1
805	SRR27862880.138501_m1	-1	SRR27862880.177501_m1
806	SRR27862880.177501_m1	-1	SRR27862880.187001_m2
807	SRR27862880.187001_m2	-1	SRR27862880.69501_m2
808	SRR27862880.69501_m2	-1	SRR27862880.182501_m2
809	SRR27862880.182501_m2	+1	SRR27862880.151001_m2
810	SRR27862880.151001_m2	+1	SRR27862880.107001_m1
811	SRR27862880.107001_m1	+1	__void__
