position	read_id	orientation	next_read_id	next_orientation	overlap_len	shift	identity	mapq
0	SRR27862880.100001_m1	+1	SRR27862880.83501_m2	-1	146	5	1.00000000	0
1	SRR27862880.83501_m2	-1	SRR27862880.161501_m1	-1	142	9	1.00000000	0
2	SRR27862880.161501_m1	-1	SRR27862880.233001_m1	-1	143	8	0.99300699	0
3	SRR27862880.233001_m1	-1	SRR27862880.91501_m2	+1	148	3	0.99324324	0
4	SRR27862880.91501_m2	+1	SRR27862880.101501_m2	+1	123	27	1.00000000	0
5	SRR27862880.101501_m2	+1	SRR27862880.24501_m1	-1	140	11	1.00000000	0
6	SRR27862880.24501_m1	-1	SRR27862880.108501_m2	+1	140	10	1.00000000	0
7	SRR27862880.108501_m2	+1	SRR27862880.209501_m1	-1	142	9	0.99295775	0
8	SRR27862880.209501_m1	-1	SRR27862880.208001_m2	-1	132	18	0.99242424	0
9	SRR27862880.208001_m2	-1	SRR27862880.12501_m2	-1	135	15	1.00000000	0
10	SRR27862880.12501_m2	-1	SRR27862880.149001_m2	+1	141	9	1.00000000	0
11	SRR27862880.149001_m2	+1	SRR27862880.203001_m2	-1	135	16	1.00000000	0
12	SRR27862880.203001_m2	-1	SRR27862880.197001_m2	+1	133	17	1.00000000	0
13	SRR27862880.197001_m2	+1	SRR27862880.63501_m1	-1	138	13	1.00000000	0
14	SRR27862880.63501_m1	-1	SRR27862880.96501_m1	-1	148	3	1.00000000	0
15	SRR27862880.96501_m1	-1	SRR27862880.244001_m2	+1	134	17	0.99253731	0
16	SRR27862880.244001_m2	+1	SRR27862880.114001_m1	-1	144	6	0.99305556	0
17	SRR27862880.114001_m1	-1	SRR27862880.142501_m2	+1	121	30	1.00000000	0
18	SRR27862880.142501_m2	+1	SRR27862880.54001_m2	+1	139	12	1.00000000	0
19	SRR27862880.54001_m2	+1	SRR27862880.103001_m1	-1	141	9	1.00000000	0
20	SRR27862880.103001_m1	-1	SRR27862880.157001_m2	+1	140	11	1.00000000	0
21	SRR27862880.157001_m2	+1	SRR27862880.187501_m2	+1	147	4	1.00000000	0
22	SRR27862880.187501_m2	+1	SRR27862880.1001_m2	+1	135	16	1.00000000	0
23	SRR27862880.1001_m2	+1	SRR27862880.29501_m1	+1	134	16	1.00000000	0
24	SRR27862880.29501_m1	+1	SRR27862880.164001_m2	+1	145	6	1.00000000	0
25	SRR27862880.164001_m2	+1	SRR27862880.71501_m1	-1	140	10	1.00000000	0
26	SRR27862880.71501_m1	-1	SRR27862880.166501_m2	-1	125	25	1.00000000	0
27	SRR27862880.166501_m2	-1	SRR27862880.60001_m1	+1	138	13	1.00000000	0
28	SRR27862880.60001_m1	+1	SRR27862880.25001_m2	+1	140	9	1.00000000	0
29	SRR27862880.25001_m2	+1	SRR27862880.165501_m2	-1	144	7	1.00000000	0
30	SRR27862880.165501_m2	-1	SRR27862880.197001_m1	-1	140	10	1.00000000	0
31	SRR27862880.197001_m1	-1	SRR27862880.220501_m1	+1	142	9	1.00000000	0
32	SRR27862880.220501_m1	+1	SRR27862880.125001_m1	+1	114	37	1.00000000	0
33	SRR27862880.125001_m1	+1	SRR27862880.142501_m1	-1	133	18	1.00000000	0
34	SRR27862880.142501_m1	-1	SRR27862880.7501_m1	+1	126	24	1.00000000	0
35	SRR27862880.7501_m1	+1	SRR27862880.52501_m1	+1	133	18	1.00000000	0
36	SRR27862880.52501_m1	+1	SRR27862880.232501_m1	-1	142	8	1.00000000	0
37	SRR27862880.232501_m1	-1	SRR27862880.42001_m1	+1	132	19	1.00000000	0
38	SRR27862880.42001_m1	+1	SRR27862880.187501_m1	-1	144	7	1.00000000	0
39	SRR27862880.187501_m1	-1	SRR27862880.160501_m1	+1	143	7	1.00000000	0
40	SRR27862880.160501_m1	+1	SRR27862880.70001_m2	+1	143	8	1.00000000	0
41	SRR27862880.70001_m2	+1	SRR27862880.501_m2	+1	134	17	1.00000000	0
42	SRR27862880.501_m2	+1	SRR27862880.164001_m1	-1	127	24	1.00000000	0
43	SRR27862880.164001_m1	-1	SRR27862880.121501_m2	+1	144	7	1.00000000	0
44	SRR27862880.121501_m2	+1	SRR27862880.37501_m2	+1	137	14	1.00000000	0
45	SRR27862880.37501_m2	+1	SRR27862880.65001_m1	+1	134	15	1.00000000	0
46	SRR27862880.65001_m1	+1	SRR27862880.93501_m2	+1	143	8	1.00000000	0
47	SRR27862880.93501_m2	+1	SRR27862880.125001_m2	-1	145	6	0.99310345	0
48	SRR27862880.125001_m2	-1	SRR27862880.220501_m2	-1	143	8	0.99300699	0
49	SRR27862880.220501_m2	-1	SRR27862880.214501_m1	-1	143	7	1.00000000	0
50	SRR27862880.214501_m1	-1	SRR27862880.156501_m1	+1	136	14	1.00000000	0
51	SRR27862880.156501_m1	+1	SRR27862880.93001_m1	+1	132	19	1.00000000	0
52	SRR27862880.93001_m1	+1	SRR27862880.102001_m2	+1	130	21	1.00000000	0
53	SRR27862880.102001_m2	+1	SRR27862880.222001_m1	-1	130	20	1.00000000	0
54	SRR27862880.222001_m1	-1	SRR27862880.91001_m2	+1	128	23	1.00000000	0
55	SRR27862880.91001_m2	+1	SRR27862880.183501_m2	+1	146	5	1.00000000	0
56	SRR27862880.183501_m2	+1	SRR27862880.70001_m1	-1	147	3	1.00000000	0
57	SRR27862880.70001_m1	-1	SRR27862880.52501_m2	-1	142	9	0.99295775	0
58	SRR27862880.52501_m2	-1	SRR27862880.128001_m1	+1	138	13	0.99275362	0
59	SRR27862880.128001_m1	+1	SRR27862880.248001_m1	+1	148	3	1.00000000	0
60	SRR27862880.248001_m1	+1	SRR27862880.210501_m2	+1	146	5	1.00000000	0
61	SRR27862880.210501_m2	+1	SRR27862880.148501_m1	-1	148	3	1.00000000	0
62	SRR27862880.148501_m1	-1	SRR27862880.37501_m1	-1	135	16	1.00000000	0
63	SRR27862880.37501_m1	-1	SRR27862880.121501_m1	-1	133	18	1.00000000	0
64	SRR27862880.121501_m1	-1	SRR27862880.93501_m1	-1	131	19	1.00000000	0
65	SRR27862880.93501_m1	-1	SRR27862880.13001_m2	-1	147	4	1.00000000	0
66	SRR27862880.13001_m2	-1	SRR27862880.224001_m2	-1	135	15	1.00000000	0
67	SRR27862880.224001_m2	-1	SRR27862880.93001_m2	-1	131	20	1.00000000	0
68	SRR27862880.93001_m2	-1	SRR27862880.90501_m2	-1	139	11	1.00000000	0
69	SRR27862880.90501_m2	-1	SRR27862880.163001_m1	-1	144	7	1.00000000	0
70	SRR27862880.163001_m1	-1	SRR27862880.116501_m2	+1	121	28	1.00000000	0
71	SRR27862880.116501_m2	+1	SRR27862880.129001_m2	+1	139	12	1.00000000	0
72	SRR27862880.129001_m2	+1	SRR27862880.211501_m1	-1	134	17	1.00000000	0
73	SRR27862880.211501_m1	-1	SRR27862880.44001_m2	+1	143	8	1.00000000	0
74	SRR27862880.44001_m2	+1	SRR27862880.128001_m2	-1	147	4	1.00000000	0
75	SRR27862880.128001_m2	-1	SRR27862880.178501_m2	+1	139	11	1.00000000	0
76	SRR27862880.178501_m2	+1	SRR27862880.78501_m2	+1	139	10	1.00000000	0
77	SRR27862880.78501_m2	+1	SRR27862880.140501_m2	+1	149	2	1.00000000	0
78	SRR27862880.140501_m2	+1	SRR27862880.248001_m2	-1	140	11	1.00000000	0
79	SRR27862880.248001_m2	-1	SRR27862880.235501_m1	-1	140	11	1.00000000	0
80	SRR27862880.235501_m1	-1	SRR27862880.159001_m2	-1	141	10	1.00000000	0
81	SRR27862880.159001_m2	-1	SRR27862880.242501_m2	-1	134	17	1.00000000	0
82	SRR27862880.242501_m2	-1	SRR27862880.57001_m1	+1	147	4	1.00000000	0
83	SRR27862880.57001_m1	+1	SRR27862880.158001_m2	+1	141	10	1.00000000	0
84	SRR27862880.158001_m2	+1	SRR27862880.145001_m1	+1	137	13	1.00000000	0
85	SRR27862880.145001_m1	+1	SRR27862880.113501_m2	+1	141	10	1.00000000	0
86	SRR27862880.113501_m2	+1	SRR27862880.10501_m1	-1	147	4	1.00000000	0
87	SRR27862880.10501_m1	-1	SRR27862880.181501_m2	+1	136	15	1.00000000	0
88	SRR27862880.181501_m2	+1	SRR27862880.113501_m1	-1	128	22	1.00000000	0
89	SRR27862880.113501_m1	-1	SRR27862880.44001_m1	-1	131	20	1.00000000	0
90	SRR27862880.44001_m1	-1	SRR27862880.219501_m1	+1	136	15	1.00000000	0
91	SRR27862880.219501_m1	+1	SRR27862880.75501_m1	-1	139	12	1.00000000	0
92	SRR27862880.75501_m1	-1	SRR27862880.237501_m2	+1	146	5	1.00000000	0
93	SRR27862880.237501_m2	+1	SRR27862880.130501_m1	+1	136	14	1.00000000	0
94	SRR27862880.130501_m1	+1	SRR27862880.178501_m1	-1	145	6	1.00000000	0
95	SRR27862880.178501_m1	-1	SRR27862880.187001_m1	+1	139	12	1.00000000	0
96	SRR27862880.187001_m1	+1	SRR27862880.230001_m1	+1	141	10	1.00000000	0
97	SRR27862880.230001_m1	+1	SRR27862880.9001_m1	+1	116	35	1.00000000	0
98	SRR27862880.9001_m1	+1	SRR27862880.60501_m1	-1	147	3	0.99319728	0
99	SRR27862880.60501_m1	-1	SRR27862880.30501_m1	-1	144	7	0.99305556	0
100	SRR27862880.30501_m1	-1	SRR27862880.207501_m2	+1	143	8	1.00000000	0
101	SRR27862880.207501_m2	+1	SRR27862880.185501_m2	-1	146	4	1.00000000	0
102	SRR27862880.185501_m2	-1	SRR27862880.192001_m2	-1	144	7	1.00000000	0
103	SRR27862880.192001_m2	-1	SRR27862880.181501_m1	-1	143	7	1.00000000	0
104	SRR27862880.181501_m1	-1	SRR27862880.159501_m1	+1	125	24	1.00000000	0
105	SRR27862880.159501_m1	+1	SRR27862880.145001_m2	-1	140	10	1.00000000	0
106	SRR27862880.145001_m2	-1	SRR27862880.179001_m2	-1	143	8	1.00000000	0
107	SRR27862880.179001_m2	-1	SRR27862880.211001_m1	-1	140	10	1.00000000	0
108	SRR27862880.211001_m1	-1	SRR27862880.67001_m1	+1	110	41	1.00000000	0
109	SRR27862880.67001_m1	+1	SRR27862880.130501_m2	-1	144	6	0.99305556	0
110	SRR27862880.130501_m2	-1	SRR27862880.249001_m1	+1	138	12	0.99275362	0
111	SRR27862880.249001_m1	+1	SRR27862880.81001_m1	-1	149	2	1.00000000	0
112	SRR27862880.81001_m1	-1	SRR27862880.141001_m2	-1	150	1	1.00000000	0
113	SRR27862880.141001_m2	-1	SRR27862880.121001_m1	+1	147	4	1.00000000	0
114	SRR27862880.121001_m1	+1	SRR27862880.237501_m1	-1	143	7	1.00000000	0
115	SRR27862880.237501_m1	-1	SRR27862880.138501_m1	-1	139	12	1.00000000	0
116	SRR27862880.138501_m1	-1	SRR27862880.177501_m1	-1	143	8	1.00000000	0
117	SRR27862880.177501_m1	-1	SRR27862880.187001_m2	-1	137	14	1.00000000	0
118	SRR27862880.187001_m2	-1	SRR27862880.69501_m2	-1	117	33	1.00000000	0
119	SRR27862880.69501_m2	-1	SRR27862880.182501_m2	+1	149	2	1.00000000	0
120	SRR27862880.182501_m2	+1	SRR27862880.151001_m2	+1	142	8	1.00000000	0
121	SRR27862880.151001_m2	+1	SRR27862880.107001_m1	+1	142	9	1.00000000	0
122	SRR27862880.107001_m1	+1	SRR27862880.9001_m2	-1	138	13	1.00000000	0
123	SRR27862880.9001_m2	-1	SRR27862880.122501_m2	+1	139	10	1.00000000	0
124	SRR27862880.122501_m2	+1	SRR27862880.150001_m1	-1	147	3	1.00000000	0
125	SRR27862880.150001_m1	-1	SRR27862880.122001_m1	+1	140	11	1.00000000	0
126	SRR27862880.122001_m1	+1	SRR27862880.183001_m1	+1	143	8	1.00000000	0
127	SRR27862880.183001_m1	+1	SRR27862880.40501_m2	-1	137	12	0.99270073	0
128	SRR27862880.40501_m2	-1	SRR27862880.122501_m1	-1	110	40	0.99090909	0
129	SRR27862880.122501_m1	-1	SRR27862880.194001_m1	+1	143	7	1.00000000	0
130	SRR27862880.194001_m1	+1	SRR27862880.184501_m1	+1	147	3	1.00000000	0
131	SRR27862880.184501_m1	+1	SRR27862880.233501_m2	+1	125	26	1.00000000	0
132	SRR27862880.233501_m2	+1	SRR27862880.35001_m2	-1	142	9	1.00000000	0
133	SRR27862880.35001_m2	-1	SRR27862880.130001_m2	-1	137	10	1.00000000	0
134	SRR27862880.130001_m2	-1	SRR27862880.81501_m1	-1	139	11	1.00000000	0
135	SRR27862880.81501_m1	-1	SRR27862880.6001_m2	+1	138	13	1.00000000	0
136	SRR27862880.6001_m2	+1	SRR27862880.183001_m2	-1	135	16	1.00000000	0
137	SRR27862880.183001_m2	-1	SRR27862880.182501_m1	-1	136	15	1.00000000	0
138	SRR27862880.182501_m1	-1	SRR27862880.131001_m2	-1	84	66	1.00000000	0
139	SRR27862880.131001_m2	-1	SRR27862880.118001_m1	+1	130	21	1.00000000	0
140	SRR27862880.118001_m1	+1	SRR27862880.126001_m2	-1	142	9	1.00000000	0
141	SRR27862880.126001_m2	-1	SRR27862880.221501_m2	-1	81	69	1.00000000	0
142	SRR27862880.221501_m2	-1	SRR27862880.233501_m1	-1	147	3	1.00000000	0
143	SRR27862880.233501_m1	-1	SRR27862880.87001_m2	+1	143	8	1.00000000	0
144	SRR27862880.87001_m2	+1	SRR27862880.19501_m2	-1	131	19	1.00000000	0
145	SRR27862880.19501_m2	-1	SRR27862880.55501_m1	-1	125	25	1.00000000	0
146	SRR27862880.55501_m1	-1	SRR27862880.6001_m1	-1	149	2	1.00000000	0
147	SRR27862880.6001_m1	-1	SRR27862880.62501_m2	-1	133	18	1.00000000	0
148	SRR27862880.62501_m2	-1	SRR27862880.74501_m1	-1	125	24	1.00000000	0
149	SRR27862880.74501_m1	-1	SRR27862880.162001_m2	+1	142	8	1.00000000	0
150	SRR27862880.162001_m2	+1	SRR27862880.118001_m2	-1	143	8	1.00000000	0
151	SRR27862880.118001_m2	-1	SRR27862880.87501_m1	-1	144	6	1.00000000	0
152	SRR27862880.87501_m1	-1	SRR27862880.97001_m2	+1	137	13	1.00000000	0
153	SRR27862880.97001_m2	+1	SRR27862880.225501_m2	-1	140	11	1.00000000	0
154	SRR27862880.225501_m2	-1	SRR27862880.1501_m2	+1	140	9	1.00000000	0
155	SRR27862880.1501_m2	+1	SRR27862880.11001_m1	-1	129	19	1.00000000	0
156	SRR27862880.11001_m1	-1	SRR27862880.38501_m2	+1	145	6	1.00000000	0
157	SRR27862880.38501_m2	+1	SRR27862880.119001_m1	-1	146	5	1.00000000	0
158	SRR27862880.119001_m1	-1	SRR27862880.169001_m1	-1	119	32	1.00000000	0
159	SRR27862880.169001_m1	-1	SRR27862880.97001_m1	-1	145	6	1.00000000	0
160	SRR27862880.97001_m1	-1	SRR27862880.175501_m2	+1	129	22	1.00000000	0
161	SRR27862880.175501_m2	+1	SRR27862880.158501_m2	+1	144	7	1.00000000	0
162	SRR27862880.158501_m2	+1	SRR27862880.176501_m2	+1	145	6	1.00000000	0
163	SRR27862880.176501_m2	+1	SRR27862880.43501_m2	+1	132	18	1.00000000	0
164	SRR27862880.43501_m2	+1	SRR27862880.65501_m2	-1	132	19	1.00000000	0
165	SRR27862880.65501_m2	-1	SRR27862880.133001_m1	+1	89	61	1.00000000	0
166	SRR27862880.133001_m1	+1	SRR27862880.45501_m1	-1	142	8	0.99295775	0
167	SRR27862880.45501_m1	-1	SRR27862880.34501_m2	-1	143	7	1.00000000	0
168	SRR27862880.34501_m2	-1	SRR27862880.200001_m1	+1	139	11	1.00000000	0
169	SRR27862880.200001_m1	+1	SRR27862880.213501_m2	+1	137	13	1.00000000	0
170	SRR27862880.213501_m2	+1	SRR27862880.59501_m1	+1	129	21	1.00000000	0
171	SRR27862880.59501_m1	+1	SRR27862880.21501_m1	+1	145	5	1.00000000	0
172	SRR27862880.21501_m1	+1	SRR27862880.114501_m1	+1	143	8	1.00000000	0
173	SRR27862880.114501_m1	+1	SRR27862880.218001_m2	+1	141	10	1.00000000	0
174	SRR27862880.218001_m2	+1	SRR27862880.15501_m1	-1	145	3	1.00000000	0
175	SRR27862880.15501_m1	-1	SRR27862880.239001_m1	-1	148	3	1.00000000	0
176	SRR27862880.239001_m1	-1	SRR27862880.108001_m1	-1	148	3	1.00000000	0
177	SRR27862880.108001_m1	-1	SRR27862880.78001_m2	-1	142	9	1.00000000	0
178	SRR27862880.78001_m2	-1	SRR27862880.189001_m2	-1	145	6	1.00000000	0
179	SRR27862880.189001_m2	-1	SRR27862880.216001_m1	+1	143	7	1.00000000	0
180	SRR27862880.216001_m1	+1	SRR27862880.158501_m1	-1	135	15	1.00000000	0
181	SRR27862880.158501_m1	-1	SRR27862880.242001_m2	+1	149	2	1.00000000	0
182	SRR27862880.242001_m2	+1	SRR27862880.43501_m1	-1	132	19	1.00000000	0
183	SRR27862880.43501_m1	-1	SRR27862880.56001_m1	-1	142	9	1.00000000	0
184	SRR27862880.56001_m1	-1	SRR27862880.198001_m2	-1	146	5	1.00000000	0
185	SRR27862880.198001_m2	-1	SRR27862880.24001_m2	-1	141	9	1.00000000	0
186	SRR27862880.24001_m2	-1	SRR27862880.73001_m1	+1	137	12	1.00000000	0
187	SRR27862880.73001_m1	+1	SRR27862880.237001_m2	+1	141	10	1.00000000	0
188	SRR27862880.237001_m2	+1	SRR27862880.137501_m2	+1	139	12	1.00000000	0
189	SRR27862880.137501_m2	+1	SRR27862880.123001_m1	+1	135	15	1.00000000	0
190	SRR27862880.123001_m1	+1	SRR27862880.22501_m2	-1	136	15	1.00000000	0
191	SRR27862880.22501_m2	-1	SRR27862880.133001_m2	-1	144	7	1.00000000	0
192	SRR27862880.133001_m2	-1	SRR27862880.59501_m2	-1	132	19	1.00000000	0
193	SRR27862880.59501_m2	-1	SRR27862880.21501_m2	-1	145	6	1.00000000	0
194	SRR27862880.21501_m2	-1	SRR27862880.127501_m2	-1	142	9	1.00000000	0
195	SRR27862880.127501_m2	-1	SRR27862880.190001_m2	+1	142	9	1.00000000	0
196	SRR27862880.190001_m2	+1	SRR27862880.165001_m2	-1	135	15	1.00000000	0
197	SRR27862880.165001_m2	-1	SRR27862880.63001_m1	+1	121	30	1.00000000	0
198	SRR27862880.63001_m1	+1	SRR27862880.44501_m1	+1	147	4	1.00000000	0
199	SRR27862880.44501_m1	+1	SRR27862880.226501_m2	+1	134	17	1.00000000	0
200	SRR27862880.226501_m2	+1	SRR27862880.17501_m2	+1	126	24	1.00000000	0
201	SRR27862880.17501_m2	+1	SRR27862880.77001_m1	-1	140	11	1.00000000	0
202	SRR27862880.77001_m1	-1	SRR27862880.41001_m2	-1	148	3	1.00000000	0
203	SRR27862880.41001_m2	-1	SRR27862880.137501_m1	-1	138	13	1.00000000	0
204	SRR27862880.137501_m1	-1	SRR27862880.73001_m2	-1	144	7	1.00000000	0
205	SRR27862880.73001_m2	-1	SRR27862880.234001_m2	-1	143	7	1.00000000	0
206	SRR27862880.234001_m2	-1	SRR27862880.237001_m1	-1	146	4	1.00000000	0
207	SRR27862880.237001_m1	-1	SRR27862880.239501_m2	+1	114	37	1.00000000	0
208	SRR27862880.239501_m2	+1	SRR27862880.144001_m2	+1	145	6	1.00000000	0
209	SRR27862880.144001_m2	+1	SRR27862880.232001_m1	+1	141	10	1.00000000	0
210	SRR27862880.232001_m1	+1	SRR27862880.199501_m2	+1	141	10	1.00000000	0
211	SRR27862880.199501_m2	+1	SRR27862880.80001_m2	+1	145	5	1.00000000	0
212	SRR27862880.80001_m2	+1	SRR27862880.203501_m1	-1	142	9	1.00000000	0
213	SRR27862880.203501_m1	-1	SRR27862880.100501_m1	+1	125	26	1.00000000	0
214	SRR27862880.100501_m1	+1	SRR27862880.119501_m1	+1	145	6	1.00000000	0
215	SRR27862880.119501_m1	+1	SRR27862880.243501_m1	-1	133	18	1.00000000	0
216	SRR27862880.243501_m1	-1	SRR27862880.17501_m1	-1	82	66	1.00000000	0
217	SRR27862880.17501_m1	-1	SRR27862880.16501_m1	-1	129	22	1.00000000	0
218	SRR27862880.16501_m1	-1	SRR27862880.227001_m2	+1	134	16	1.00000000	0
219	SRR27862880.227001_m2	+1	SRR27862880.169501_m1	-1	144	7	1.00000000	0
220	SRR27862880.169501_m1	-1	SRR27862880.64501_m1	+1	84	67	1.00000000	0
221	SRR27862880.64501_m1	+1	SRR27862880.68001_m2	+1	139	10	1.00000000	0
222	SRR27862880.68001_m2	+1	SRR27862880.79001_m2	-1	138	13	1.00000000	0
223	SRR27862880.79001_m2	-1	SRR27862880.246501_m1	+1	120	29	1.00000000	0
224	SRR27862880.246501_m1	+1	SRR27862880.47501_m2	+1	90	56	1.00000000	0
225	SRR27862880.47501_m2	+1	SRR27862880.58001_m1	-1	147	4	1.00000000	0
226	SRR27862880.58001_m1	-1	SRR27862880.17001_m1	+1	135	15	1.00000000	0
227	SRR27862880.17001_m1	+1	SRR27862880.141501_m1	+1	148	3	1.00000000	0
228	SRR27862880.141501_m1	+1	SRR27862880.36001_m2	+1	138	13	1.00000000	0
229	SRR27862880.36001_m2	+1	SRR27862880.13501_m2	+1	141	9	0.99290780	0
230	SRR27862880.13501_m2	+1	SRR27862880.227001_m1	-1	144	7	0.99305556	0
231	SRR27862880.227001_m1	-1	SRR27862880.196501_m2	+1	148	3	1.00000000	0
232	SRR27862880.196501_m2	+1	SRR27862880.188501_m1	-1	143	7	1.00000000	0
233	SRR27862880.188501_m1	-1	SRR27862880.2501_m2	-1	140	11	1.00000000	0
234	SRR27862880.2501_m2	-1	SRR27862880.85501_m1	-1	141	10	1.00000000	0
235	SRR27862880.85501_m1	-1	SRR27862880.68001_m1	-1	130	21	1.00000000	0
236	SRR27862880.68001_m1	-1	SRR27862880.124501_m1	-1	132	19	1.00000000	0
237	SRR27862880.124501_m1	-1	SRR27862880.225001_m1	-1	139	12	1.00000000	0
238	SRR27862880.225001_m1	-1	SRR27862880.66001_m1	+1	134	17	1.00000000	0
239	SRR27862880.66001_m1	+1	SRR27862880.28501_m1	+1	138	13	1.00000000	0
240	SRR27862880.28501_m1	+1	SRR27862880.246501_m2	-1	140	11	1.00000000	0
241	SRR27862880.246501_m2	-1	SRR27862880.129501_m2	-1	141	10	1.00000000	0
242	SRR27862880.129501_m2	-1	SRR27862880.116001_m1	+1	146	4	1.00000000	0
243	SRR27862880.116001_m1	+1	SRR27862880.49001_m1	-1	147	4	1.00000000	0
244	SRR27862880.49001_m1	-1	SRR27862880.141501_m2	-1	124	27	1.00000000	0
245	SRR27862880.141501_m2	-1	SRR27862880.201001_m2	-1	141	9	1.00000000	0
246	SRR27862880.201001_m2	-1	SRR27862880.154501_m1	-1	146	5	1.00000000	0
247	SRR27862880.154501_m1	-1	SRR27862880.97501_m2	-1	138	12	1.00000000	0
248	SRR27862880.97501_m2	-1	SRR27862880.195001_m1	+1	143	8	1.00000000	0
249	SRR27862880.195001_m1	+1	SRR27862880.13501_m1	-1	145	5	1.00000000	0
250	SRR27862880.13501_m1	-1	SRR27862880.140001_m2	-1	143	8	0.99300699	0
251	SRR27862880.140001_m2	-1	SRR27862880.178001_m1	-1	146	4	0.99315068	0
252	SRR27862880.178001_m1	-1	SRR27862880.191501_m1	+1	136	15	1.00000000	0
253	SRR27862880.191501_m1	+1	SRR27862880.216501_m1	-1	134	16	1.00000000	0
254	SRR27862880.216501_m1	-1	SRR27862880.48001_m2	-1	122	29	1.00000000	0
255	SRR27862880.48001_m2	-1	SRR27862880.6501_m2	-1	136	14	1.00000000	0
256	SRR27862880.6501_m2	-1	SRR27862880.154001_m2	+1	120	30	1.00000000	0
257	SRR27862880.154001_m2	+1	SRR27862880.151501_m1	-1	140	9	1.00000000	0
258	SRR27862880.151501_m1	-1	SRR27862880.191001_m1	+1	132	18	1.00000000	0
259	SRR27862880.191001_m1	+1	SRR27862880.170001_m1	+1	125	26	1.00000000	0
260	SRR27862880.170001_m1	+1	SRR27862880.86001_m2	-1	141	10	1.00000000	0
261	SRR27862880.86001_m2	-1	SRR27862880.59001_m1	-1	147	4	1.00000000	0
262	SRR27862880.59001_m1	-1	SRR27862880.21001_m2	-1	133	18	0.99248120	0
263	SRR27862880.21001_m2	-1	SRR27862880.90001_m1	+1	141	8	0.99290780	0
264	SRR27862880.90001_m1	+1	SRR27862880.198501_m1	-1	145	6	1.00000000	0
265	SRR27862880.198501_m1	-1	SRR27862880.136001_m2	+1	136	15	1.00000000	0
266	SRR27862880.136001_m2	+1	SRR27862880.29001_m1	+1	131	20	1.00000000	0
267	SRR27862880.29001_m1	+1	SRR27862880.18001_m1	-1	141	8	1.00000000	0
268	SRR27862880.18001_m1	-1	SRR27862880.107501_m1	-1	122	29	1.00000000	0
269	SRR27862880.107501_m1	-1	SRR27862880.245501_m1	+1	132	18	1.00000000	0
270	SRR27862880.245501_m1	+1	SRR27862880.23501_m2	+1	130	21	1.00000000	0
271	SRR27862880.23501_m2	+1	SRR27862880.224501_m2	-1	91	60	1.00000000	0
272	SRR27862880.224501_m2	-1	SRR27862880.92501_m2	+1	126	24	1.00000000	0
273	SRR27862880.92501_m2	+1	SRR27862880.123501_m2	+1	138	11	1.00000000	0
274	SRR27862880.123501_m2	+1	SRR27862880.236001_m2	-1	143	7	1.00000000	0
275	SRR27862880.236001_m2	-1	SRR27862880.136001_m1	-1	144	6	1.00000000	0
276	SRR27862880.136001_m1	-1	SRR27862880.247001_m1	-1	143	7	1.00000000	0
277	SRR27862880.247001_m1	-1	SRR27862880.79501_m1	+1	147	4	1.00000000	0
278	SRR27862880.79501_m1	+1	SRR27862880.118501_m2	+1	145	5	1.00000000	0
279	SRR27862880.118501_m2	+1	SRR27862880.54501_m1	-1	128	22	1.00000000	0
280	SRR27862880.54501_m1	-1	SRR27862880.83001_m2	+1	115	36	1.00000000	0
281	SRR27862880.83001_m2	+1	SRR27862880.86501_m2	+1	138	12	1.00000000	0
282	SRR27862880.86501_m2	+1	SRR27862880.69001_m2	-1	140	7	1.00000000	0
283	SRR27862880.69001_m2	-1	SRR27862880.33501_m1	+1	147	4	1.00000000	0
284	SRR27862880.33501_m1	+1	SRR27862880.15001_m2	+1	146	5	1.00000000	0
285	SRR27862880.15001_m2	+1	SRR27862880.245501_m2	-1	137	13	1.00000000	0
286	SRR27862880.245501_m2	-1	SRR27862880.74001_m1	-1	136	14	1.00000000	0
287	SRR27862880.74001_m1	-1	SRR27862880.193001_m2	+1	127	24	1.00000000	0
288	SRR27862880.193001_m2	+1	SRR27862880.206001_m2	+1	103	48	1.00000000	0
289	SRR27862880.206001_m2	+1	SRR27862880.207001_m1	-1	145	6	1.00000000	0
290	SRR27862880.207001_m1	-1	SRR27862880.56501_m2	+1	139	12	1.00000000	0
291	SRR27862880.56501_m2	+1	SRR27862880.92501_m1	-1	144	7	1.00000000	0
292	SRR27862880.92501_m1	-1	SRR27862880.172501_m1	+1	136	15	1.00000000	0
293	SRR27862880.172501_m1	+1	SRR27862880.30001_m1	-1	141	10	1.00000000	0
294	SRR27862880.30001_m1	-1	SRR27862880.83001_m1	-1	141	10	1.00000000	0
295	SRR27862880.83001_m1	-1	SRR27862880.186001_m1	-1	141	10	1.00000000	0
296	SRR27862880.186001_m1	-1	SRR27862880.161001_m2	+1	122	28	1.00000000	0
297	SRR27862880.161001_m2	+1	SRR27862880.33501_m2	-1	144	5	1.00000000	0
298	SRR27862880.33501_m2	-1	SRR27862880.135001_m1	-1	143	7	1.00000000	0
299	SRR27862880.135001_m1	-1	SRR27862880.105501_m1	-1	137	13	0.99270073	0
300	SRR27862880.105501_m1	-1	SRR27862880.193001_m1	-1	120	31	0.99166667	0
301	SRR27862880.193001_m1	-1	SRR27862880.4001_m2	+1	127	24	1.00000000	0
302	SRR27862880.4001_m2	+1	SRR27862880.206001_m1	-1	111	40	1.00000000	0
303	SRR27862880.206001_m1	-1	SRR27862880.112001_m1	+1	141	10	1.00000000	0
304	SRR27862880.112001_m1	+1	SRR27862880.105001_m2	+1	140	11	1.00000000	0
305	SRR27862880.105001_m2	+1	SRR27862880.3501_m2	+1	137	14	1.00000000	0
306	SRR27862880.3501_m2	+1	SRR27862880.72001_m2	+1	125	25	1.00000000	0
307	SRR27862880.72001_m2	+1	SRR27862880.172001_m1	+1	145	6	1.00000000	0
308	SRR27862880.172001_m1	+1	SRR27862880.115001_m1	+1	138	12	1.00000000	0
309	SRR27862880.115001_m1	+1	SRR27862880.84501_m1	+1	122	29	1.00000000	0
310	SRR27862880.84501_m1	+1	SRR27862880.204001_m1	-1	133	18	1.00000000	0
311	SRR27862880.204001_m1	-1	SRR27862880.98501_m1	+1	120	29	1.00000000	0
312	SRR27862880.98501_m1	+1	SRR27862880.4001_m1	-1	143	8	0.99300699	0
313	SRR27862880.4001_m1	-1	SRR27862880.3501_m1	-1	144	7	1.00000000	0
314	SRR27862880.3501_m1	-1	SRR27862880.5001_m1	-1	145	6	1.00000000	0
315	SRR27862880.5001_m1	-1	SRR27862880.32001_m1	+1	118	32	1.00000000	0
316	SRR27862880.32001_m1	+1	SRR27862880.194501_m2	+1	142	8	1.00000000	0
317	SRR27862880.194501_m2	+1	SRR27862880.215001_m1	+1	142	9	1.00000000	0
318	SRR27862880.215001_m1	+1	SRR27862880.76001_m1	+1	144	6	1.00000000	0
319	SRR27862880.76001_m1	+1	SRR27862880.51001_m1	+1	143	8	1.00000000	0
320	SRR27862880.51001_m1	+1	SRR27862880.236501_m2	-1	146	5	1.00000000	0
321	SRR27862880.236501_m2	-1	SRR27862880.249501_m1	-1	112	38	1.00000000	0
322	SRR27862880.249501_m1	-1	SRR27862880.72001_m1	-1	135	16	1.00000000	0
323	SRR27862880.72001_m1	-1	SRR27862880.146001_m1	-1	143	8	1.00000000	0
324	SRR27862880.146001_m1	-1	SRR27862880.131501_m1	-1	136	14	1.00000000	0
325	SRR27862880.131501_m1	-1	SRR27862880.190501_m2	+1	122	29	1.00000000	0
326	SRR27862880.190501_m2	+1	SRR27862880.68501_m2	+1	142	9	0.99295775	0
327	SRR27862880.68501_m2	+1	SRR27862880.147001_m2	+1	127	23	0.99212598	0
328	SRR27862880.147001_m2	+1	SRR27862880.23001_m1	+1	146	3	1.00000000	0
329	SRR27862880.23001_m1	+1	SRR27862880.45001_m2	+1	145	6	1.00000000	0
330	SRR27862880.45001_m2	+1	SRR27862880.72501_m1	-1	132	18	1.00000000	0
331	SRR27862880.72501_m1	-1	SRR27862880.27501_m2	+1	133	16	1.00000000	0
332	SRR27862880.27501_m2	+1	SRR27862880.31001_m1	-1	142	8	1.00000000	0
333	SRR27862880.31001_m1	-1	SRR27862880.47001_m2	-1	143	8	1.00000000	0
334	SRR27862880.47001_m2	-1	SRR27862880.48501_m2	+1	138	13	1.00000000	0
335	SRR27862880.48501_m2	+1	SRR27862880.50001_m2	+1	122	28	1.00000000	0
336	SRR27862880.50001_m2	+1	SRR27862880.194501_m1	-1	142	7	1.00000000	0
337	SRR27862880.194501_m1	-1	SRR27862880.34001_m1	+1	133	15	1.00000000	0
338	SRR27862880.34001_m1	+1	SRR27862880.174501_m1	-1	135	16	0.99259259	0
339	SRR27862880.174501_m1	-1	SRR27862880.227501_m1	+1	144	7	0.99305556	0
340	SRR27862880.227501_m1	+1	SRR27862880.124001_m2	-1	143	8	1.00000000	0
341	SRR27862880.124001_m2	-1	SRR27862880.76501_m1	+1	139	11	1.00000000	0
342	SRR27862880.76501_m1	+1	SRR27862880.175001_m1	+1	107	43	1.00000000	0
343	SRR27862880.175001_m1	+1	SRR27862880.147001_m1	-1	125	26	1.00000000	0
344	SRR27862880.147001_m1	-1	SRR27862880.206501_m2	-1	145	6	1.00000000	0
345	SRR27862880.206501_m2	-1	SRR27862880.217001_m2	+1	127	24	1.00000000	0
346	SRR27862880.217001_m2	+1	SRR27862880.48501_m1	-1	142	7	1.00000000	0
347	SRR27862880.48501_m1	-1	SRR27862880.235001_m1	-1	142	9	1.00000000	0
348	SRR27862880.235001_m1	-1	SRR27862880.212501_m2	+1	131	19	0.99236641	0
349	SRR27862880.212501_m2	+1	SRR27862880.152001_m1	+1	141	9	0.99290780	0
350	SRR27862880.152001_m1	+1	SRR27862880.34001_m2	-1	137	14	1.00000000	0
351	SRR27862880.34001_m2	-1	SRR27862880.109001_m2	-1	119	32	1.00000000	0
352	SRR27862880.109001_m2	-1	SRR27862880.89501_m2	-1	142	8	1.00000000	0
353	SRR27862880.89501_m2	-1	SRR27862880.215501_m1	+1	141	10	1.00000000	0
354	SRR27862880.215501_m1	+1	SRR27862880.227501_m2	-1	139	11	1.00000000	0
355	SRR27862880.227501_m2	-1	SRR27862880.115501_m1	+1	125	24	1.00000000	0
356	SRR27862880.115501_m1	+1	SRR27862880.82501_m1	+1	139	11	1.00000000	0
357	SRR27862880.82501_m1	+1	SRR27862880.115501_m2	-1	133	18	1.00000000	0
358	SRR27862880.115501_m2	-1	SRR27862880.246001_m2	-1	138	12	1.00000000	0
359	SRR27862880.246001_m2	-1	SRR27862880.217001_m1	-1	114	36	1.00000000	0
360	SRR27862880.217001_m1	-1	SRR27862880.226001_m1	+1	117	32	1.00000000	0
361	SRR27862880.226001_m1	+1	SRR27862880.200501_m2	-1	140	11	1.00000000	0
362	SRR27862880.200501_m2	-1	SRR27862880.153501_m1	+1	134	17	1.00000000	0
363	SRR27862880.153501_m1	+1	SRR27862880.112501_m1	+1	145	6	1.00000000	0
364	SRR27862880.112501_m1	+1	SRR27862880.8001_m1	+1	147	4	1.00000000	0
365	SRR27862880.8001_m1	+1	SRR27862880.193501_m1	+1	137	14	1.00000000	0
366	SRR27862880.193501_m1	+1	SRR27862880.162501_m1	+1	146	4	0.99315068	0
367	SRR27862880.162501_m1	+1	SRR27862880.215501_m2	-1	133	17	0.99248120	0
368	SRR27862880.215501_m2	-1	SRR27862880.83501_m1	+1	141	10	1.00000000	0
369	SRR27862880.83501_m1	+1	SRR27862880.82501_m2	-1	141	9	1.00000000	0
370	SRR27862880.82501_m2	-1	SRR27862880.241501_m1	+1	146	4	1.00000000	0
371	SRR27862880.241501_m1	+1	SRR27862880.37001_m2	-1	147	3	1.00000000	0
372	SRR27862880.37001_m2	-1	SRR27862880.2001_m2	+1	138	13	1.00000000	0
373	SRR27862880.2001_m2	+1	SRR27862880.161501_m2	+1	139	12	1.00000000	0
374	SRR27862880.161501_m2	+1	SRR27862880.104001_m1	+1	137	14	0.99270073	0
375	SRR27862880.104001_m1	+1	SRR27862880.53501_m2	+1	132	19	1.00000000	0
376	SRR27862880.53501_m2	+1	SRR27862880.146501_m1	-1	135	15	0.99259259	0
377	SRR27862880.146501_m1	-1	SRR27862880.199001_m2	+1	134	16	0.99253731	0
378	SRR27862880.199001_m2	+1	SRR27862880.208001_m1	+1	124	25	1.00000000	0
379	SRR27862880.208001_m1	+1	SRR27862880.153501_m2	-1	117	34	1.00000000	0
380	SRR27862880.153501_m2	-1	SRR27862880.163501_m2	+1	145	6	1.00000000	0
381	SRR27862880.163501_m2	+1	SRR27862880.20501_m1	-1	133	18	1.00000000	0
382	SRR27862880.20501_m1	-1	SRR27862880.112501_m2	-1	133	18	1.00000000	0
383	SRR27862880.112501_m2	-1	SRR27862880.2001_m1	-1	146	5	1.00000000	0
384	SRR27862880.2001_m1	-1	SRR27862880.12501_m1	+1	144	7	1.00000000	0
385	SRR27862880.12501_m1	+1	SRR27862880.96501_m2	+1	147	4	1.00000000	0
386	SRR27862880.96501_m2	+1	SRR27862880.80501_m2	+1	146	5	1.00000000	0
387	SRR27862880.80501_m2	+1	SRR27862880.53501_m1	-1	138	12	1.00000000	0
388	SRR27862880.53501_m1	-1	SRR27862880.247501_m1	-1	143	8	1.00000000	0
389	SRR27862880.247501_m1	-1	SRR27862880.157501_m2	-1	129	21	1.00000000	0
390	SRR27862880.157501_m2	-1	SRR27862880.104001_m2	-1	143	7	1.00000000	0
391	SRR27862880.104001_m2	-1	SRR27862880.229501_m2	-1	146	4	1.00000000	0
392	SRR27862880.229501_m2	-1	SRR27862880.106501_m1	-1	140	11	1.00000000	0
393	SRR27862880.106501_m1	-1	SRR27862880.166501_m1	+1	122	27	1.00000000	0
394	SRR27862880.166501_m1	+1	SRR27862880.139001_m1	+1	145	6	1.00000000	0
395	SRR27862880.139001_m1	+1	SRR27862880.99501_m2	+1	141	10	1.00000000	0
396	SRR27862880.99501_m2	+1	SRR27862880.71501_m2	+1	135	16	1.00000000	0
397	SRR27862880.71501_m2	+1	SRR27862880.192501_m1	+1	134	17	1.00000000	0
398	SRR27862880.192501_m1	+1	SRR27862880.248501_m2	+1	140	11	1.00000000	0
399	SRR27862880.248501_m2	+1	SRR27862880.163501_m1	-1	145	6	1.00000000	0
400	SRR27862880.163501_m1	-1	SRR27862880.240001_m1	-1	131	19	1.00000000	0
401	SRR27862880.240001_m1	-1	SRR27862880.80501_m1	-1	128	23	1.00000000	0
402	SRR27862880.80501_m1	-1	SRR27862880.91501_m1	-1	146	3	1.00000000	0
403	SRR27862880.91501_m1	-1	SRR27862880.4501_m2	-1	138	12	0.99275362	0
404	SRR27862880.4501_m2	-1	SRR27862880.64001_m2	-1	140	10	1.00000000	0
405	SRR27862880.64001_m2	-1	SRR27862880.100001_m2	-1	137	14	1.00000000	0
406	SRR27862880.100001_m2	-1	SRR27862880.220001_m2	-1	131	20	1.00000000	0
407	SRR27862880.220001_m2	-1	SRR27862880.148001_m2	+1	136	14	1.00000000	0
408	SRR27862880.148001_m2	+1	SRR27862880.11501_m2	+1	141	10	1.00000000	0
409	SRR27862880.11501_m2	+1	SRR27862880.192501_m2	-1	140	9	1.00000000	0
410	SRR27862880.192501_m2	-1	SRR27862880.108501_m1	-1	137	13	1.00000000	0
411	SRR27862880.108501_m1	-1	SRR27862880.101501_m1	-1	143	7	1.00000000	0
412	SRR27862880.101501_m1	-1	SRR27862880.139001_m2	-1	134	17	1.00000000	0
413	SRR27862880.139001_m2	-1	SRR27862880.165501_m1	+1	140	9	1.00000000	0
414	SRR27862880.165501_m1	+1	SRR27862880.99501_m1	-1	142	9	1.00000000	0
415	SRR27862880.99501_m1	-1	SRR27862880.125501_m2	+1	123	24	1.00000000	0
416	SRR27862880.125501_m2	+1	SRR27862880.82001_m2	+1	139	11	0.99280576	0
417	SRR27862880.82001_m2	+1	SRR27862880.51501_m1	+1	141	10	1.00000000	0
418	SRR27862880.51501_m1	+1	SRR27862880.179501_m2	+1	143	8	1.00000000	0
419	SRR27862880.179501_m2	+1	SRR27862880.67501_m1	+1	139	12	1.00000000	0
420	SRR27862880.67501_m1	+1	SRR27862880.214501_m2	+1	140	11	1.00000000	0
421	SRR27862880.214501_m2	+1	SRR27862880.33001_m1	-1	113	37	1.00000000	0
422	SRR27862880.33001_m1	-1	SRR27862880.148001_m1	-1	135	16	1.00000000	0
423	SRR27862880.148001_m1	-1	SRR27862880.54001_m1	-1	120	31	1.00000000	0
424	SRR27862880.54001_m1	-1	SRR27862880.222001_m2	+1	143	8	1.00000000	0
425	SRR27862880.222001_m2	+1	SRR27862880.11501_m1	-1	137	14	1.00000000	0
426	SRR27862880.11501_m1	-1	SRR27862880.208501_m1	-1	139	12	1.00000000	0
427	SRR27862880.208501_m1	-1	SRR27862880.205501_m1	+1	144	7	1.00000000	0
428	SRR27862880.205501_m1	+1	SRR27862880.29501_m2	-1	146	5	1.00000000	0
429	SRR27862880.29501_m2	-1	SRR27862880.170501_m1	-1	131	20	1.00000000	0
430	SRR27862880.170501_m1	-1	SRR27862880.167501_m1	-1	144	7	1.00000000	0
431	SRR27862880.167501_m1	-1	SRR27862880.51501_m2	-1	123	27	1.00000000	0
432	SRR27862880.51501_m2	-1	SRR27862880.179501_m1	-1	143	7	1.00000000	0
433	SRR27862880.179501_m1	-1	SRR27862880.60001_m2	-1	136	15	1.00000000	0
434	SRR27862880.60001_m2	-1	SRR27862880.243001_m2	+1	139	12	1.00000000	0
435	SRR27862880.243001_m2	+1	SRR27862880.67501_m2	-1	141	9	1.00000000	0
436	SRR27862880.67501_m2	-1	SRR27862880.224001_m1	+1	148	3	1.00000000	0
437	SRR27862880.224001_m1	+1	SRR27862880.13001_m1	+1	140	11	1.00000000	0
438	SRR27862880.13001_m1	+1	SRR27862880.90501_m1	+1	141	10	1.00000000	0
439	SRR27862880.90501_m1	+1	SRR27862880.163001_m2	+1	133	17	1.00000000	0
440	SRR27862880.163001_m2	+1	SRR27862880.7501_m2	-1	135	14	1.00000000	0
441	SRR27862880.7501_m2	-1	SRR27862880.148501_m2	+1	134	16	1.00000000	0
442	SRR27862880.148501_m2	+1	SRR27862880.160501_m2	-1	122	29	1.00000000	0
443	SRR27862880.160501_m2	-1	SRR27862880.211501_m2	+1	134	16	1.00000000	0
444	SRR27862880.211501_m2	+1	SRR27862880.168501_m1	-1	148	3	1.00000000	0
445	SRR27862880.168501_m1	-1	SRR27862880.205501_m2	-1	142	9	1.00000000	0
446	SRR27862880.205501_m2	-1	SRR27862880.180501_m2	-1	139	12	1.00000000	0
447	SRR27862880.180501_m2	-1	SRR27862880.501_m1	-1	145	5	1.00000000	0
448	SRR27862880.501_m1	-1	SRR27862880.117501_m1	+1	146	3	1.00000000	0
449	SRR27862880.117501_m1	+1	SRR27862880.22001_m2	+1	145	5	0.99310345	0
450	SRR27862880.22001_m2	+1	SRR27862880.102501_m2	-1	146	5	1.00000000	0
451	SRR27862880.102501_m2	-1	SRR27862880.174001_m1	+1	125	25	1.00000000	0
452	SRR27862880.174001_m1	+1	SRR27862880.242501_m1	+1	128	22	0.99218750	0
453	SRR27862880.242501_m1	+1	SRR27862880.65001_m2	-1	147	4	0.99319728	0
454	SRR27862880.65001_m2	-1	SRR27862880.144501_m1	+1	137	13	1.00000000	0
455	SRR27862880.144501_m1	+1	SRR27862880.156501_m2	-1	145	6	1.00000000	0
456	SRR27862880.156501_m2	-1	SRR27862880.101001_m1	+1	130	21	1.00000000	0
457	SRR27862880.101001_m1	+1	SRR27862880.75001_m1	+1	141	10	1.00000000	0
458	SRR27862880.75001_m1	+1	SRR27862880.26501_m2	+1	143	7	1.00000000	0
459	SRR27862880.26501_m2	+1	SRR27862880.204501_m1	+1	119	31	1.00000000	0
460	SRR27862880.204501_m1	+1	SRR27862880.186501_m1	-1	139	12	1.00000000	0
461	SRR27862880.186501_m1	-1	SRR27862880.91001_m1	-1	133	18	1.00000000	0
462	SRR27862880.91001_m1	-1	SRR27862880.210501_m1	-1	147	3	1.00000000	0
463	SRR27862880.210501_m1	-1	SRR27862880.75501_m2	+1	147	4	1.00000000	0
464	SRR27862880.75501_m2	+1	SRR27862880.189501_m1	+1	140	11	1.00000000	0
465	SRR27862880.189501_m1	+1	SRR27862880.111501_m1	+1	141	10	1.00000000	0
466	SRR27862880.111501_m1	+1	SRR27862880.183501_m1	-1	143	8	1.00000000	0
467	SRR27862880.183501_m1	-1	SRR27862880.223501_m1	-1	140	11	1.00000000	0
468	SRR27862880.223501_m1	-1	SRR27862880.22001_m1	-1	143	8	1.00000000	0
469	SRR27862880.22001_m1	-1	SRR27862880.88501_m1	+1	142	7	1.00000000	0
470	SRR27862880.88501_m1	+1	SRR27862880.192001_m1	+1	133	18	1.00000000	0
471	SRR27862880.192001_m1	+1	SRR27862880.60501_m2	+1	144	7	1.00000000	0
472	SRR27862880.60501_m2	+1	SRR27862880.174001_m2	-1	141	9	1.00000000	0
473	SRR27862880.174001_m2	-1	SRR27862880.185501_m1	+1	138	13	1.00000000	0
474	SRR27862880.185501_m1	+1	SRR27862880.144501_m2	-1	143	7	1.00000000	0
475	SRR27862880.144501_m2	-1	SRR27862880.101001_m2	-1	144	7	1.00000000	0
476	SRR27862880.101001_m2	-1	SRR27862880.211001_m2	+1	120	29	1.00000000	0
477	SRR27862880.211001_m2	+1	SRR27862880.75001_m2	-1	129	21	1.00000000	0
478	SRR27862880.75001_m2	-1	SRR27862880.32501_m1	+1	141	10	1.00000000	0
479	SRR27862880.32501_m1	+1	SRR27862880.141001_m1	+1	134	17	1.00000000	0
480	SRR27862880.141001_m1	+1	SRR27862880.182001_m2	+1	146	5	1.00000000	0
481	SRR27862880.182001_m2	+1	SRR27862880.143501_m2	+1	146	4	1.00000000	0
482	SRR27862880.143501_m2	+1	SRR27862880.138501_m2	+1	133	18	1.00000000	0
483	SRR27862880.138501_m2	+1	SRR27862880.179001_m1	+1	144	3	0.99305556	0
484	SRR27862880.179001_m1	+1	SRR27862880.177501_m2	+1	134	17	0.99253731	0
485	SRR27862880.177501_m2	+1	SRR27862880.111501_m2	-1	143	7	0.99300699	0
486	SRR27862880.111501_m2	-1	SRR27862880.158001_m1	-1	117	32	1.00000000	0
487	SRR27862880.158001_m1	-1	SRR27862880.78501_m1	-1	144	7	1.00000000	0
488	SRR27862880.78501_m1	-1	SRR27862880.69501_m1	+1	144	6	1.00000000	0
489	SRR27862880.69501_m1	+1	SRR27862880.57001_m2	-1	144	7	1.00000000	0
490	SRR27862880.57001_m2	-1	SRR27862880.109501_m1	+1	146	5	1.00000000	0
491	SRR27862880.109501_m1	+1	SRR27862880.134501_m2	+1	145	6	1.00000000	0
492	SRR27862880.134501_m2	+1	SRR27862880.145501_m1	+1	141	7	1.00000000	0
493	SRR27862880.145501_m1	+1	SRR27862880.164501_m2	+1	128	22	1.00000000	0
494	SRR27862880.164501_m2	+1	SRR27862880.40501_m1	+1	139	11	1.00000000	0
495	SRR27862880.40501_m1	+1	SRR27862880.150001_m2	+1	143	7	1.00000000	0
496	SRR27862880.150001_m2	+1	SRR27862880.150501_m1	-1	113	37	1.00000000	0
497	SRR27862880.150501_m1	-1	SRR27862880.182001_m1	-1	134	17	1.00000000	0
498	SRR27862880.182001_m1	-1	SRR27862880.219501_m2	-1	145	6	0.99310345	0
499	SRR27862880.219501_m2	-1	SRR27862880.173501_m1	-1	113	37	1.00000000	0
500	SRR27862880.173501_m1	-1	SRR27862880.35001_m1	+1	141	9	1.00000000	0
501	SRR27862880.35001_m1	+1	SRR27862880.81501_m2	+1	128	23	1.00000000	0
502	SRR27862880.81501_m2	+1	SRR27862880.145501_m2	-1	124	25	1.00000000	0
503	SRR27862880.145501_m2	-1	SRR27862880.109501_m2	-1	140	8	1.00000000	0
504	SRR27862880.109501_m2	-1	SRR27862880.20001_m1	+1	142	9	1.00000000	0
505	SRR27862880.20001_m1	+1	SRR27862880.134501_m1	-1	138	13	1.00000000	0
506	SRR27862880.134501_m1	-1	SRR27862880.164501_m1	-1	142	9	1.00000000	0
507	SRR27862880.164501_m1	-1	SRR27862880.181001_m1	+1	147	4	1.00000000	0
508	SRR27862880.181001_m1	+1	SRR27862880.153001_m1	+1	139	12	1.00000000	0
509	SRR27862880.153001_m1	+1	SRR27862880.171001_m1	-1	138	13	1.00000000	0
510	SRR27862880.171001_m1	-1	SRR27862880.77501_m1	+1	138	13	1.00000000	0
511	SRR27862880.77501_m1	+1	SRR27862880.67001_m2	-1	115	34	0.99130435	0
512	SRR27862880.67001_m2	-1	SRR27862880.3001_m1	+1	136	14	0.99264706	0
513	SRR27862880.3001_m1	+1	SRR27862880.221501_m1	+1	140	11	1.00000000	0
514	SRR27862880.221501_m1	+1	SRR27862880.104501_m1	+1	142	9	1.00000000	0
515	SRR27862880.104501_m1	+1	SRR27862880.130001_m1	+1	137	14	1.00000000	0
516	SRR27862880.130001_m1	+1	SRR27862880.85001_m2	+1	146	4	1.00000000	0
517	SRR27862880.85001_m2	+1	SRR27862880.138001_m2	+1	129	22	1.00000000	0
518	SRR27862880.138001_m2	+1	SRR27862880.19501_m1	+1	139	11	1.00000000	0
519	SRR27862880.19501_m1	+1	SRR27862880.55501_m2	+1	135	16	1.00000000	0
520	SRR27862880.55501_m2	+1	SRR27862880.1_m2	+1	137	13	1.00000000	0
521	SRR27862880.1_m2	+1	SRR27862880.52001_m1	+1	145	6	1.00000000	0
522	SRR27862880.52001_m1	+1	SRR27862880.41501_m2	+1	142	9	1.00000000	0
523	SRR27862880.41501_m2	+1	SRR27862880.74501_m2	+1	150	1	1.00000000	0
524	SRR27862880.74501_m2	+1	SRR27862880.107001_m2	-1	143	8	1.00000000	0
525	SRR27862880.107001_m2	-1	SRR27862880.20001_m2	-1	146	4	1.00000000	0
526	SRR27862880.20001_m2	-1	SRR27862880.62501_m1	+1	142	9	1.00000000	0
527	SRR27862880.62501_m1	+1	SRR27862880.122001_m2	-1	140	11	1.00000000	0
528	SRR27862880.122001_m2	-1	SRR27862880.225501_m1	+1	134	17	1.00000000	0
529	SRR27862880.225501_m1	+1	SRR27862880.9501_m1	+1	127	21	1.00000000	0
530	SRR27862880.9501_m1	+1	SRR27862880.77501_m2	-1	146	4	1.00000000	0
531	SRR27862880.77501_m2	-1	SRR27862880.228501_m1	+1	134	17	1.00000000	0
532	SRR27862880.228501_m1	+1	SRR27862880.194001_m2	-1	149	1	1.00000000	0
533	SRR27862880.194001_m2	-1	SRR27862880.61001_m2	+1	119	32	1.00000000	0
534	SRR27862880.61001_m2	+1	SRR27862880.119001_m2	+1	148	3	1.00000000	0
535	SRR27862880.119001_m2	+1	SRR27862880.11001_m2	+1	147	4	1.00000000	0
536	SRR27862880.11001_m2	+1	SRR27862880.85001_m1	-1	138	11	1.00000000	0
537	SRR27862880.85001_m1	-1	SRR27862880.138001_m1	-1	143	7	1.00000000	0
538	SRR27862880.138001_m1	-1	SRR27862880.169001_m2	+1	134	16	1.00000000	0
539	SRR27862880.169001_m2	+1	SRR27862880.52001_m2	-1	124	25	1.00000000	0
540	SRR27862880.52001_m2	-1	SRR27862880.1_m1	-1	140	11	1.00000000	0
541	SRR27862880.1_m1	-1	SRR27862880.212001_m2	+1	126	25	1.00000000	0
542	SRR27862880.212001_m2	+1	SRR27862880.65501_m1	+1	149	1	1.00000000	0
543	SRR27862880.65501_m1	+1	SRR27862880.98001_m2	+1	133	18	1.00000000	0
544	SRR27862880.98001_m2	+1	SRR27862880.217501_m1	+1	145	6	1.00000000	0
545	SRR27862880.217501_m1	+1	SRR27862880.45501_m2	+1	143	8	1.00000000	0
546	SRR27862880.45501_m2	+1	SRR27862880.5501_m2	-1	139	12	1.00000000	0
547	SRR27862880.5501_m2	-1	SRR27862880.34501_m1	+1	142	9	1.00000000	0
548	SRR27862880.34501_m1	+1	SRR27862880.46001_m2	+1	140	11	1.00000000	0
549	SRR27862880.46001_m2	+1	SRR27862880.9501_m2	-1	132	19	1.00000000	0
550	SRR27862880.9501_m2	-1	SRR27862880.201501_m1	+1	141	9	1.00000000	0
551	SRR27862880.201501_m1	+1	SRR27862880.15501_m2	+1	144	6	1.00000000	0
552	SRR27862880.15501_m2	+1	SRR27862880.42501_m2	+1	129	20	1.00000000	0
553	SRR27862880.42501_m2	+1	SRR27862880.239001_m2	+1	136	15	1.00000000	0
554	SRR27862880.239001_m2	+1	SRR27862880.189001_m1	+1	130	21	1.00000000	0
555	SRR27862880.189001_m1	+1	SRR27862880.78001_m1	+1	141	10	1.00000000	0
556	SRR27862880.78001_m1	+1	SRR27862880.108001_m2	+1	144	7	1.00000000	0
557	SRR27862880.108001_m2	+1	SRR27862880.56001_m2	+1	132	17	0.99242424	0
558	SRR27862880.56001_m2	+1	SRR27862880.87001_m1	-1	145	6	0.99310345	0
559	SRR27862880.87001_m1	-1	SRR27862880.202501_m1	+1	134	16	0.99253731	0
560	SRR27862880.202501_m1	+1	SRR27862880.113001_m1	+1	147	4	0.99319728	0
561	SRR27862880.113001_m1	+1	SRR27862880.198001_m1	+1	146	5	1.00000000	0
562	SRR27862880.198001_m1	+1	SRR27862880.134001_m1	+1	147	4	1.00000000	0
563	SRR27862880.134001_m1	+1	SRR27862880.49501_m1	+1	134	17	1.00000000	0
564	SRR27862880.49501_m1	+1	SRR27862880.14001_m1	+1	145	6	1.00000000	0
565	SRR27862880.14001_m1	+1	SRR27862880.24001_m1	+1	148	3	1.00000000	0
566	SRR27862880.24001_m1	+1	SRR27862880.46001_m1	-1	145	5	1.00000000	0
567	SRR27862880.46001_m1	-1	SRR27862880.73501_m1	+1	150	1	0.99333333	0
568	SRR27862880.73501_m1	+1	SRR27862880.214001_m1	+1	144	7	0.99305556	0
569	SRR27862880.214001_m1	+1	SRR27862880.98001_m1	-1	105	46	1.00000000	0
570	SRR27862880.98001_m1	-1	SRR27862880.201501_m2	-1	148	2	1.00000000	0
571	SRR27862880.201501_m2	-1	SRR27862880.38501_m1	-1	129	22	1.00000000	0
572	SRR27862880.38501_m1	-1	SRR27862880.42501_m1	-1	141	9	1.00000000	0
573	SRR27862880.42501_m1	-1	SRR27862880.127001_m1	+1	80	69	1.00000000	0
574	SRR27862880.127001_m1	+1	SRR27862880.49501_m2	-1	145	6	1.00000000	0
575	SRR27862880.49501_m2	-1	SRR27862880.202501_m2	-1	148	2	1.00000000	0
576	SRR27862880.202501_m2	-1	SRR27862880.53001_m1	+1	143	7	1.00000000	0
577	SRR27862880.53001_m1	+1	SRR27862880.14001_m2	-1	140	8	1.00000000	0
578	SRR27862880.14001_m2	-1	SRR27862880.77001_m2	+1	137	3	1.00000000	0
579	SRR27862880.77001_m2	+1	SRR27862880.134001_m2	-1	135	14	1.00000000	0
580	SRR27862880.134001_m2	-1	SRR27862880.113001_m2	-1	143	8	1.00000000	0
581	SRR27862880.113001_m2	-1	SRR27862880.10001_m1	+1	136	14	1.00000000	0
582	SRR27862880.10001_m1	+1	SRR27862880.73501_m2	-1	140	11	1.00000000	0
583	SRR27862880.73501_m2	-1	SRR27862880.234001_m1	+1	133	17	1.00000000	0
584	SRR27862880.234001_m1	+1	SRR27862880.39001_m2	-1	142	9	1.00000000	0
585	SRR27862880.39001_m2	-1	SRR27862880.126501_m2	-1	136	15	1.00000000	0
586	SRR27862880.126501_m2	-1	SRR27862880.218001_m1	-1	138	12	1.00000000	0
587	SRR27862880.218001_m1	-1	SRR27862880.203501_m2	+1	141	10	1.00000000	0
588	SRR27862880.203501_m2	+1	SRR27862880.114501_m2	-1	142	9	1.00000000	0
589	SRR27862880.114501_m2	-1	SRR27862880.7001_m2	+1	140	10	1.00000000	0
590	SRR27862880.7001_m2	+1	SRR27862880.243501_m2	+1	117	34	1.00000000	0
591	SRR27862880.243501_m2	+1	SRR27862880.39501_m2	+1	146	4	1.00000000	0
592	SRR27862880.39501_m2	+1	SRR27862880.58501_m2	+1	135	16	1.00000000	0
593	SRR27862880.58501_m2	+1	SRR27862880.70501_m1	-1	140	11	1.00000000	0
594	SRR27862880.70501_m1	-1	SRR27862880.160001_m1	+1	129	22	1.00000000	0
595	SRR27862880.160001_m1	+1	SRR27862880.53001_m2	-1	144	7	1.00000000	0
596	SRR27862880.53001_m2	-1	SRR27862880.147501_m1	+1	143	8	1.00000000	0
597	SRR27862880.147501_m1	+1	SRR27862880.16501_m2	+1	139	12	1.00000000	0
598	SRR27862880.16501_m2	+1	SRR27862880.244501_m2	-1	145	6	1.00000000	0
599	SRR27862880.244501_m2	-1	SRR27862880.123001_m2	-1	147	4	1.00000000	0
600	SRR27862880.123001_m2	-1	SRR27862880.94501_m1	+1	117	34	1.00000000	0
601	SRR27862880.94501_m1	+1	SRR27862880.92001_m2	+1	141	10	1.00000000	0
602	SRR27862880.92001_m2	+1	SRR27862880.79001_m1	+1	147	4	1.00000000	0
603	SRR27862880.79001_m1	+1	SRR27862880.14501_m2	+1	138	13	1.00000000	0
604	SRR27862880.14501_m2	+1	SRR27862880.36501_m1	+1	143	7	1.00000000	0
605	SRR27862880.36501_m1	+1	SRR27862880.190001_m1	-1	145	6	1.00000000	0
606	SRR27862880.190001_m1	-1	SRR27862880.28001_m2	+1	121	30	1.00000000	0
607	SRR27862880.28001_m2	+1	SRR27862880.39501_m1	-1	145	6	1.00000000	0
608	SRR27862880.39501_m1	-1	SRR27862880.7001_m1	-1	147	3	1.00000000	0
609	SRR27862880.7001_m1	-1	SRR27862880.44501_m2	-1	122	29	1.00000000	0
610	SRR27862880.44501_m2	-1	SRR27862880.177001_m2	+1	144	7	1.00000000	0
611	SRR27862880.177001_m2	+1	SRR27862880.95001_m2	+1	147	2	1.00000000	0
612	SRR27862880.95001_m2	+1	SRR27862880.63001_m2	-1	147	4	1.00000000	0
613	SRR27862880.63001_m2	-1	SRR27862880.167001_m1	+1	148	3	1.00000000	0
614	SRR27862880.167001_m1	+1	SRR27862880.226501_m1	-1	148	3	1.00000000	0
615	SRR27862880.226501_m1	-1	SRR27862880.58001_m2	+1	129	21	1.00000000	0
616	SRR27862880.58001_m2	+1	SRR27862880.147501_m2	-1	149	2	1.00000000	0
617	SRR27862880.147501_m2	-1	SRR27862880.184001_m1	+1	149	1	1.00000000	0
618	SRR27862880.184001_m1	+1	SRR27862880.160001_m2	-1	144	6	1.00000000	0
619	SRR27862880.160001_m2	-1	SRR27862880.133501_m1	-1	140	11	1.00000000	0
620	SRR27862880.133501_m1	-1	SRR27862880.85501_m2	+1	123	26	1.00000000	0
621	SRR27862880.85501_m2	+1	SRR27862880.89001_m1	+1	143	7	1.00000000	0
622	SRR27862880.89001_m1	+1	SRR27862880.92001_m1	-1	138	13	1.00000000	0
623	SRR27862880.92001_m1	-1	SRR27862880.199501_m1	-1	143	7	1.00000000	0
624	SRR27862880.199501_m1	-1	SRR27862880.185001_m2	+1	146	4	1.00000000	0
625	SRR27862880.185001_m2	+1	SRR27862880.2501_m1	+1	144	7	1.00000000	0
626	SRR27862880.2501_m1	+1	SRR27862880.80001_m1	-1	150	1	1.00000000	0
627	SRR27862880.80001_m1	-1	SRR27862880.239501_m1	-1	143	8	1.00000000	0
628	SRR27862880.239501_m1	-1	SRR27862880.8501_m2	+1	142	9	1.00000000	0
629	SRR27862880.8501_m2	+1	SRR27862880.232001_m2	-1	146	4	1.00000000	0
630	SRR27862880.232001_m2	-1	SRR27862880.100501_m2	-1	146	3	1.00000000	0
631	SRR27862880.100501_m2	-1	SRR27862880.28001_m1	-1	147	4	1.00000000	0
632	SRR27862880.28001_m1	-1	SRR27862880.119501_m2	-1	148	2	1.00000000	0
633	SRR27862880.119501_m2	-1	SRR27862880.36501_m2	-1	147	4	1.00000000	0
634	SRR27862880.36501_m2	-1	SRR27862880.225001_m2	+1	141	9	1.00000000	0
635	SRR27862880.225001_m2	+1	SRR27862880.144001_m1	-1	137	13	1.00000000	0
636	SRR27862880.144001_m1	-1	SRR27862880.245001_m1	-1	136	15	1.00000000	0
637	SRR27862880.245001_m1	-1	SRR27862880.197501_m1	+1	125	23	1.00000000	0
638	SRR27862880.197501_m1	+1	SRR27862880.167001_m2	-1	141	6	1.00000000	0
639	SRR27862880.167001_m2	-1	SRR27862880.88001_m2	+1	148	2	1.00000000	0
640	SRR27862880.88001_m2	+1	SRR27862880.49001_m2	+1	144	6	1.00000000	0
641	SRR27862880.49001_m2	+1	SRR27862880.177001_m1	-1	146	4	1.00000000	0
642	SRR27862880.177001_m1	-1	SRR27862880.95001_m1	-1	143	8	1.00000000	0
643	SRR27862880.95001_m1	-1	SRR27862880.129501_m1	+1	150	1	1.00000000	0
644	SRR27862880.129501_m1	+1	SRR27862880.154501_m2	+1	148	3	1.00000000	0
645	SRR27862880.154501_m2	+1	SRR27862880.188501_m2	+1	138	13	1.00000000	0
646	SRR27862880.188501_m2	+1	SRR27862880.156001_m1	+1	140	11	1.00000000	0
647	SRR27862880.156001_m1	+1	SRR27862880.95501_m1	+1	136	15	1.00000000	0
648	SRR27862880.95501_m1	+1	SRR27862880.97501_m1	+1	150	1	1.00000000	0
649	SRR27862880.97501_m1	+1	SRR27862880.135501_m1	+1	146	5	0.99315068	0
650	SRR27862880.135501_m1	+1	SRR27862880.201001_m1	+1	148	3	0.99324324	0
651	SRR27862880.201001_m1	+1	SRR27862880.99001_m1	+1	136	15	1.00000000	0
652	SRR27862880.99001_m1	+1	SRR27862880.238001_m2	-1	140	11	1.00000000	0
653	SRR27862880.238001_m2	-1	SRR27862880.8501_m1	-1	146	4	1.00000000	0
654	SRR27862880.8501_m1	-1	SRR27862880.185001_m1	-1	146	4	1.00000000	0
655	SRR27862880.185001_m1	-1	SRR27862880.140001_m1	+1	135	14	1.00000000	0
656	SRR27862880.140001_m1	+1	SRR27862880.238501_m1	-1	147	3	1.00000000	0
657	SRR27862880.238501_m1	-1	SRR27862880.216501_m2	+1	123	28	1.00000000	0
658	SRR27862880.216501_m2	+1	SRR27862880.64501_m2	-1	142	7	1.00000000	0
659	SRR27862880.64501_m2	-1	SRR27862880.197501_m2	-1	129	22	1.00000000	0
660	SRR27862880.197501_m2	-1	SRR27862880.6501_m1	+1	135	16	1.00000000	0
661	SRR27862880.6501_m1	+1	SRR27862880.88001_m1	-1	142	9	1.00000000	0
662	SRR27862880.88001_m1	-1	SRR27862880.155001_m2	+1	135	15	1.00000000	0
663	SRR27862880.155001_m2	+1	SRR27862880.240501_m1	-1	144	6	1.00000000	0
664	SRR27862880.240501_m1	-1	SRR27862880.222501_m1	+1	142	9	1.00000000	0
665	SRR27862880.222501_m1	+1	SRR27862880.171501_m1	+1	147	4	1.00000000	0
666	SRR27862880.171501_m1	+1	SRR27862880.47501_m1	-1	140	11	1.00000000	0
667	SRR27862880.47501_m1	-1	SRR27862880.59001_m2	+1	125	26	1.00000000	0
668	SRR27862880.59001_m2	+1	SRR27862880.86001_m1	+1	146	5	1.00000000	0
669	SRR27862880.86001_m1	+1	SRR27862880.21001_m1	+1	140	10	1.00000000	0
670	SRR27862880.21001_m1	+1	SRR27862880.221001_m2	+1	143	8	1.00000000	0
671	SRR27862880.221001_m2	+1	SRR27862880.17001_m2	-1	142	8	1.00000000	0
672	SRR27862880.17001_m2	-1	SRR27862880.156001_m2	-1	148	3	1.00000000	0
673	SRR27862880.156001_m2	-1	SRR27862880.196501_m1	-1	142	8	1.00000000	0
674	SRR27862880.196501_m1	-1	SRR27862880.231001_m1	+1	140	11	1.00000000	0
675	SRR27862880.231001_m1	+1	SRR27862880.136501_m1	-1	129	21	1.00000000	0
676	SRR27862880.136501_m1	-1	SRR27862880.99001_m2	-1	131	20	1.00000000	0
677	SRR27862880.99001_m2	-1	SRR27862880.18001_m2	+1	136	14	1.00000000	0
678	SRR27862880.18001_m2	+1	SRR27862880.222501_m2	-1	113	38	1.00000000	0
679	SRR27862880.222501_m2	-1	SRR27862880.28501_m2	-1	140	9	1.00000000	0
680	SRR27862880.28501_m2	-1	SRR27862880.57501_m1	+1	146	5	1.00000000	0
681	SRR27862880.57501_m1	+1	SRR27862880.66001_m2	-1	120	31	1.00000000	0
682	SRR27862880.66001_m2	-1	SRR27862880.31501_m2	+1	133	18	1.00000000	0
683	SRR27862880.31501_m2	+1	SRR27862880.224501_m1	+1	145	4	1.00000000	0
684	SRR27862880.224501_m1	+1	SRR27862880.236001_m1	+1	143	8	1.00000000	0
685	SRR27862880.236001_m1	+1	SRR27862880.247001_m2	+1	136	14	1.00000000	0
686	SRR27862880.247001_m2	+1	SRR27862880.61501_m1	+1	140	8	1.00000000	0
687	SRR27862880.61501_m1	+1	SRR27862880.54501_m2	+1	139	12	1.00000000	0
688	SRR27862880.54501_m2	+1	SRR27862880.57501_m2	-1	126	25	1.00000000	0
689	SRR27862880.57501_m2	-1	SRR27862880.231001_m2	-1	141	9	1.00000000	0
690	SRR27862880.231001_m2	-1	SRR27862880.96001_m1	+1	123	26	1.00000000	0
691	SRR27862880.96001_m1	+1	SRR27862880.94001_m2	+1	139	12	1.00000000	0
692	SRR27862880.94001_m2	+1	SRR27862880.69001_m1	+1	131	20	1.00000000	0
693	SRR27862880.69001_m1	+1	SRR27862880.74001_m2	+1	117	34	1.00000000	0
694	SRR27862880.74001_m2	+1	SRR27862880.26001_m2	+1	99	52	1.00000000	0
695	SRR27862880.26001_m2	+1	SRR27862880.31501_m1	-1	137	12	1.00000000	0
696	SRR27862880.31501_m1	-1	SRR27862880.139501_m2	+1	136	13	1.00000000	0
697	SRR27862880.139501_m2	+1	SRR27862880.61501_m2	-1	147	3	1.00000000	0
698	SRR27862880.61501_m2	-1	SRR27862880.155501_m2	-1	143	7	1.00000000	0
699	SRR27862880.155501_m2	-1	SRR27862880.207001_m2	+1	144	6	1.00000000	0
700	SRR27862880.207001_m2	+1	SRR27862880.30001_m2	+1	146	5	1.00000000	0
701	SRR27862880.30001_m2	+1	SRR27862880.29001_m2	-1	129	22	1.00000000	0
702	SRR27862880.29001_m2	-1	SRR27862880.186001_m2	+1	138	12	1.00000000	0
703	SRR27862880.186001_m2	+1	SRR27862880.188001_m2	+1	115	36	1.00000000	0
704	SRR27862880.188001_m2	+1	SRR27862880.94001_m1	-1	143	6	1.00000000	0
705	SRR27862880.94001_m1	-1	SRR27862880.149501_m2	+1	146	5	1.00000000	0
706	SRR27862880.149501_m2	+1	SRR27862880.241001_m2	+1	146	5	1.00000000	0
707	SRR27862880.241001_m2	+1	SRR27862880.105501_m2	+1	141	10	1.00000000	0
708	SRR27862880.105501_m2	+1	SRR27862880.23501_m1	-1	131	19	1.00000000	0
709	SRR27862880.23501_m1	-1	SRR27862880.219001_m2	+1	146	5	1.00000000	0
710	SRR27862880.219001_m2	+1	SRR27862880.26001_m1	-1	102	47	1.00000000	0
711	SRR27862880.26001_m1	-1	SRR27862880.139501_m1	-1	126	24	1.00000000	0
712	SRR27862880.139501_m1	-1	SRR27862880.123501_m1	-1	138	12	1.00000000	0
713	SRR27862880.123501_m1	-1	SRR27862880.79501_m2	-1	141	8	1.00000000	0
714	SRR27862880.79501_m2	-1	SRR27862880.50501_m2	+1	142	9	1.00000000	0
715	SRR27862880.50501_m2	+1	SRR27862880.118501_m1	-1	137	14	1.00000000	0
716	SRR27862880.118501_m1	-1	SRR27862880.152501_m2	+1	138	13	1.00000000	0
717	SRR27862880.152501_m2	+1	SRR27862880.180001_m2	+1	145	6	1.00000000	0
718	SRR27862880.180001_m2	+1	SRR27862880.86501_m1	-1	128	22	1.00000000	0
719	SRR27862880.86501_m1	-1	SRR27862880.15001_m1	-1	137	13	1.00000000	0
720	SRR27862880.15001_m1	-1	SRR27862880.149501_m1	-1	144	7	1.00000000	0
721	SRR27862880.149501_m1	-1	SRR27862880.188001_m1	-1	138	13	1.00000000	0
722	SRR27862880.188001_m1	-1	SRR27862880.241001_m1	-1	138	13	1.00000000	0
723	SRR27862880.241001_m1	-1	SRR27862880.219001_m1	-1	132	19	0.99242424	0
724	SRR27862880.219001_m1	-1	SRR27862880.71001_m1	+1	139	9	0.99280576	0
725	SRR27862880.71001_m1	+1	SRR27862880.43001_m1	+1	122	29	1.00000000	0
726	SRR27862880.43001_m1	+1	SRR27862880.56501_m1	-1	118	33	1.00000000	0
727	SRR27862880.56501_m1	-1	SRR27862880.172501_m2	-1	136	14	1.00000000	0
728	SRR27862880.172501_m2	-1	SRR27862880.43001_m2	-1	141	10	1.00000000	0
729	SRR27862880.43001_m2	-1	SRR27862880.152501_m1	-1	122	28	1.00000000	0
730	SRR27862880.152501_m1	-1	SRR27862880.50501_m1	-1	147	4	1.00000000	0
731	SRR27862880.50501_m1	-1	SRR27862880.120001_m1	+1	143	8	1.00000000	0
732	SRR27862880.120001_m1	+1	SRR27862880.146001_m2	+1	126	25	1.00000000	0
733	SRR27862880.146001_m2	+1	SRR27862880.173001_m2	+1	123	28	1.00000000	0
734	SRR27862880.173001_m2	+1	SRR27862880.161001_m1	-1	138	13	1.00000000	0
735	SRR27862880.161001_m1	-1	SRR27862880.205001_m2	+1	131	20	1.00000000	0
736	SRR27862880.205001_m2	+1	SRR27862880.230501_m1	+1	140	11	1.00000000	0
737	SRR27862880.230501_m1	+1	SRR27862880.47001_m1	+1	143	8	1.00000000	0
738	SRR27862880.47001_m1	+1	SRR27862880.128501_m1	+1	145	5	1.00000000	0
739	SRR27862880.128501_m1	+1	SRR27862880.31001_m2	+1	122	29	1.00000000	0
740	SRR27862880.31001_m2	+1	SRR27862880.72501_m2	+1	141	9	1.00000000	0
741	SRR27862880.72501_m2	+1	SRR27862880.16001_m2	+1	141	10	1.00000000	0
742	SRR27862880.16001_m2	+1	SRR27862880.105001_m1	-1	141	10	0.99290780	0
743	SRR27862880.105001_m1	-1	SRR27862880.120501_m2	+1	148	3	1.00000000	0
744	SRR27862880.120501_m2	+1	SRR27862880.115001_m2	-1	113	38	1.00000000	0
745	SRR27862880.115001_m2	-1	SRR27862880.84501_m2	-1	146	4	1.00000000	0
746	SRR27862880.84501_m2	-1	SRR27862880.35501_m1	+1	130	21	1.00000000	0
747	SRR27862880.35501_m1	+1	SRR27862880.196001_m1	-1	139	12	1.00000000	0
748	SRR27862880.196001_m1	-1	SRR27862880.124001_m1	+1	125	25	0.99200000	0
749	SRR27862880.124001_m1	+1	SRR27862880.205001_m1	-1	139	12	0.99280576	0
750	SRR27862880.205001_m1	-1	SRR27862880.230501_m2	-1	131	20	1.00000000	0
751	SRR27862880.230501_m2	-1	SRR27862880.206501_m1	+1	141	9	1.00000000	0
752	SRR27862880.206501_m1	+1	SRR27862880.235001_m2	+1	146	5	1.00000000	0
753	SRR27862880.235001_m2	+1	SRR27862880.98501_m2	-1	138	13	1.00000000	0
754	SRR27862880.98501_m2	-1	SRR27862880.250001_m1	-1	138	12	1.00000000	0
755	SRR27862880.250001_m1	-1	SRR27862880.110501_m1	-1	136	15	1.00000000	0
756	SRR27862880.110501_m1	-1	SRR27862880.16001_m1	-1	141	10	1.00000000	0
757	SRR27862880.16001_m1	-1	SRR27862880.32001_m2	-1	140	11	1.00000000	0
758	SRR27862880.32001_m2	-1	SRR27862880.76001_m2	-1	142	8	1.00000000	0
759	SRR27862880.76001_m2	-1	SRR27862880.215001_m2	-1	120	30	1.00000000	0
760	SRR27862880.215001_m2	-1	SRR27862880.51001_m2	-1	140	9	1.00000000	0
761	SRR27862880.51001_m2	-1	SRR27862880.12001_m1	+1	128	22	1.00000000	0
762	SRR27862880.12001_m1	+1	SRR27862880.190501_m1	-1	147	4	1.00000000	0
763	SRR27862880.190501_m1	-1	SRR27862880.35501_m2	-1	142	9	1.00000000	0
764	SRR27862880.35501_m2	-1	SRR27862880.109001_m1	+1	140	11	1.00000000	0
765	SRR27862880.109001_m1	+1	SRR27862880.89501_m1	+1	143	7	1.00000000	0
766	SRR27862880.89501_m1	+1	SRR27862880.68501_m1	-1	102	49	1.00000000	0
767	SRR27862880.68501_m1	-1	SRR27862880.45001_m1	-1	130	21	1.00000000	0
768	SRR27862880.45001_m1	-1	SRR27862880.246001_m1	+1	142	9	1.00000000	0
769	SRR27862880.246001_m1	+1	SRR27862880.200501_m1	+1	128	23	1.00000000	0
770	SRR27862880.200501_m1	+1	SRR27862880.23001_m2	-1	147	4	0.99319728	0
771	SRR27862880.23001_m2	-1	SRR27862880.27501_m1	-1	121	29	0.99173554	0
772	SRR27862880.27501_m1	-1	SRR27862880.50001_m1	-1	136	15	1.00000000	0
773	SRR27862880.50001_m1	-1	SRR27862880.210001_m1	-1	115	34	1.00000000	0
774	SRR27862880.210001_m1	-1	SRR27862880.143001_m1	+1	144	7	1.00000000	0
775	SRR27862880.143001_m1	+1	SRR27862880.12001_m2	-1	141	10	1.00000000	0
776	SRR27862880.12001_m2	-1	SRR27862880.37001_m1	+1	142	8	1.00000000	0
777	SRR27862880.37001_m1	+1	SRR27862880.111001_m2	+1	141	7	1.00000000	0
778	SRR27862880.111001_m2	+1	SRR27862880.175001_m2	-1	121	30	1.00000000	0
779	SRR27862880.175001_m2	-1	SRR27862880.132001_m2	+1	136	15	1.00000000	0
780	SRR27862880.132001_m2	+1	SRR27862880.166001_m1	+1	140	11	1.00000000	0
781	SRR27862880.166001_m1	+1	SRR27862880.146501_m2	+1	131	19	1.00000000	0
782	SRR27862880.146501_m2	+1	SRR27862880.137001_m1	+1	115	34	1.00000000	0
783	SRR27862880.137001_m1	+1	SRR27862880.212501_m1	-1	127	24	1.00000000	0
784	SRR27862880.212501_m1	-1	SRR27862880.20501_m2	+1	136	15	1.00000000	0
785	SRR27862880.20501_m2	+1	SRR27862880.84001_m2	+1	133	17	1.00000000	0
786	SRR27862880.84001_m2	+1	SRR27862880.152001_m2	-1	149	2	1.00000000	0
787	SRR27862880.152001_m2	-1	SRR27862880.4501_m1	+1	142	9	1.00000000	0
788	SRR27862880.4501_m1	+1	SRR27862880.142001_m1	+1	142	9	1.00000000	0
789	SRR27862880.142001_m1	+1	SRR27862880.106001_m1	+1	141	10	1.00000000	0
790	SRR27862880.106001_m1	+1	SRR27862880.234501_m2	+1	137	14	1.00000000	0
791	SRR27862880.234501_m2	+1	SRR27862880.143001_m2	-1	135	14	1.00000000	0
792	SRR27862880.143001_m2	-1	SRR27862880.111001_m1	-1	148	2	1.00000000	0
793	SRR27862880.111001_m1	-1	SRR27862880.247501_m2	+1	146	5	1.00000000	0
794	SRR27862880.247501_m2	+1	SRR27862880.223001_m1	+1	146	5	1.00000000	0
795	SRR27862880.223001_m1	+1	SRR27862880.132001_m1	-1	131	19	1.00000000	0
796	SRR27862880.132001_m1	-1	SRR27862880.229501_m1	+1	138	13	1.00000000	0
797	SRR27862880.229501_m1	+1	SRR27862880.233001_m2	+1	133	18	1.00000000	0
798	SRR27862880.233001_m2	+1	SRR27862880.24501_m2	+1	142	8	1.00000000	0
799	SRR27862880.24501_m2	+1	SRR27862880.106501_m2	+1	135	15	1.00000000	0
800	SRR27862880.106501_m2	+1	SRR27862880.137001_m2	-1	116	34	1.00000000	0
801	SRR27862880.137001_m2	-1	SRR27862880.226001_m2	-1	124	23	1.00000000	0
802	SRR27862880.226001_m2	-1	SRR27862880.203001_m1	+1	133	18	1.00000000	0
803	SRR27862880.203001_m1	+1	SRR27862880.240001_m2	+1	136	15	1.00000000	0
804	SRR27862880.240001_m2	+1	SRR27862880.64001_m1	+1	133	18	1.00000000	0
805	SRR27862880.64001_m1	+1	SRR27862880.162501_m2	-1	143	8	1.00000000	0
806	SRR27862880.162501_m2	-1	SRR27862880.193501_m2	-1	146	3	1.00000000	0
807	SRR27862880.193501_m2	-1	SRR27862880.84001_m1	-1	142	9	1.00000000	0
808	SRR27862880.84001_m1	-1	SRR27862880.241501_m2	-1	143	5	1.00000000	0
809	SRR27862880.241501_m2	-1	SRR27862880.114001_m2	+1	145	4	0.99310345	0
810	SRR27862880.114001_m2	+1	SRR27862880.220001_m1	+1	136	13	1.00000000	0
811	SRR27862880.220001_m1	+1	SRR27862880.100001_m1	+1	138	13	1.00000000	0
